"card_url","card_name","card_image","card_number","card_rarity","card_cost_attribute","card_type","card_artist","card_expansion","card_text","card_flavor_text","card_all_sets","card_att_def","card_race"
"http://www.fowtcg.com/card/2624","Ancient Bauble","http://d12h0em1d7ppg.cloudfront.net/items/26/2624/image_en/ceecd320-a3f1-467c-be37-38347b4ac33e.jpg","ENW-001","C","http://d12h0em1d7ppg.cloudfront.net/docs/icons/white.png","Addition","yua","Echoes of the New World","Automatic
Whenever bestowed resonator blocks ⇒ Recover it. It gains [+200/+200] until end of turn.","A strange hair ornament that belonged to Pandora.","Echoes of the New World","",""
"http://www.fowtcg.com/card/2625","Arla, Demonic Flying Ace","http://d12h0em1d7ppg.cloudfront.net/items/26/2625/image_en/2ff2549c-7678-4020-9ffb-c1aa3fd6dbd2.jpg","ENW-002","U","http://d12h0em1d7ppg.cloudfront.net/docs/icons/white.png","Resonator","KONNO Takashi","Echoes of the New World","Activate
Pay 200 life: This card deals 200 damage to target attacking or blocking resonator.","Lapis summoned Yggdrasil, which resurrected the Seven Kings of Attoractia with new, malicious life.","Echoes of the New World","700 / 800","Seven Kings/Angel"
"http://www.fowtcg.com/card/2625","Arla, Demonic Flying Ace","http://d12h0em1d7ppg.cloudfront.net/items/26/2625/image_en/2ff2549c-7678-4020-9ffb-c1aa3fd6dbd2.jpg","ENW-002","U","http://d12h0em1d7ppg.cloudfront.net/docs/icons/cost/02.png","Resonator","KONNO Takashi","Echoes of the New World","Activate
Pay 200 life: This card deals 200 damage to target attacking or blocking resonator.","Lapis summoned Yggdrasil, which resurrected the Seven Kings of Attoractia with new, malicious life.","Echoes of the New World","700 / 800","Seven Kings/Angel"
"http://www.fowtcg.com/card/2626","Arla's Blackwing Guard","http://d12h0em1d7ppg.cloudfront.net/items/26/2626/image_en/aeeec142-e58a-4511-bb7d-0bfc7265e88b.jpg","ENW-003","C","http://d12h0em1d7ppg.cloudfront.net/docs/icons/white.png","Resonator","ShiroYayoi","Echoes of the New World","Continuous
This card gains [+200/+200] as long as you control a resonator with [Will of Despair].","Elite guards that enforce sinister decrees.","Echoes of the New World","400 / 600","Angel"
"http://www.fowtcg.com/card/2626","Arla's Blackwing Guard","http://d12h0em1d7ppg.cloudfront.net/items/26/2626/image_en/aeeec142-e58a-4511-bb7d-0bfc7265e88b.jpg","ENW-003","C","http://d12h0em1d7ppg.cloudfront.net/docs/icons/cost/01.png","Resonator","ShiroYayoi","Echoes of the New World","Continuous
This card gains [+200/+200] as long as you control a resonator with [Will of Despair].","Elite guards that enforce sinister decrees.","Echoes of the New World","400 / 600","Angel"
"http://www.fowtcg.com/card/2627","Book of Light","http://d12h0em1d7ppg.cloudfront.net/items/26/2627/image_en/7a27fc92-c2e9-4dc6-a820-9a02fe62251d.jpg","ENW-004","R","","Ruler","tokiwa","Echoes of the New World","Continuous
You may pay the attribute cost of cards with [Will of Hope] with will of any attribute.","A story of hope. It seems to have the results of this battle recorded in it.","Echoes of the New World","","Fairy Tale"
"http://www.fowtcg.com/card/2628","Re-Earth, New World Fairy Tale","http://d12h0em1d7ppg.cloudfront.net/items/26/2628/image_en/9ba00699-ec41-49b4-9938-abf689e2a239.jpg","ENW-004J","JR","","J-ruler","Kamijo Roro","Echoes of the New World","Automatic
When a resonator put in a field by this card leaves a field for a non-field zone ⇒ Put this card into your ruler area, as a ruler.","Each page contains stories of world saving heroes.","Echoes of the New World","","Fairy Tale"
"http://www.fowtcg.com/card/2629","Grimm, the Rightful King","http://d12h0em1d7ppg.cloudfront.net/items/26/2629/image_en/74c49e27-ccc2-4362-b998-c977f9da5e73.jpg","ENW-005","R","http://d12h0em1d7ppg.cloudfront.net/docs/icons/white.png","Resonator","Haruichi Kido","Echoes of the New World","Automatic
When this card enters your field ⇒ You may destroy target addition. If you do, search your deck for a Fairy Tale resonator, reveal it and put it into your hand. Then shuffle your deck","""Millium, you must live on. You will be the one to lead when I am gone.""","Echoes of the New World","500 / 700","Human"
"http://www.fowtcg.com/card/2629","Grimm, the Rightful King","http://d12h0em1d7ppg.cloudfront.net/items/26/2629/image_en/74c49e27-ccc2-4362-b998-c977f9da5e73.jpg","ENW-005","R","http://d12h0em1d7ppg.cloudfront.net/docs/icons/cost/01.png","Resonator","Haruichi Kido","Echoes of the New World","Automatic
When this card enters your field ⇒ You may destroy target addition. If you do, search your deck for a Fairy Tale resonator, reveal it and put it into your hand. Then shuffle your deck","""Millium, you must live on. You will be the one to lead when I am gone.""","Echoes of the New World","500 / 700","Human"
"http://www.fowtcg.com/card/2630","Light Dragon's Egg","http://d12h0em1d7ppg.cloudfront.net/items/26/2630/image_en/b81ac484-6f6f-4fba-ab65-e672251cf428.jpg","ENW-006","C","http://d12h0em1d7ppg.cloudfront.net/docs/icons/white.png","Resonator","Moopic","Echoes of the New World","Automatic
When this card is put into a graveyard from your field ⇒ Put a [600/600] light Dragon resonator token with [Flying] into your field.","Takes a lot to crack it open, but when you do...","Echoes of the New World","0 / 400","Dragon"
"http://www.fowtcg.com/card/2630","Light Dragon's Egg","http://d12h0em1d7ppg.cloudfront.net/items/26/2630/image_en/b81ac484-6f6f-4fba-ab65-e672251cf428.jpg","ENW-006","C","http://d12h0em1d7ppg.cloudfront.net/docs/icons/cost/01.png","Resonator","Moopic","Echoes of the New World","Automatic
When this card is put into a graveyard from your field ⇒ Put a [600/600] light Dragon resonator token with [Flying] into your field.","Takes a lot to crack it open, but when you do...","Echoes of the New World","0 / 400","Dragon"
"http://www.fowtcg.com/card/2631","Lumia, Praying for the Future","http://d12h0em1d7ppg.cloudfront.net/items/26/2631/image_en/4b4e6a14-8afb-4544-b6f2-a8b724ce6c56.jpg","ENW-007","R","http://d12h0em1d7ppg.cloudfront.net/docs/icons/white.png","Resonator","kurisu","Echoes of the New World","Automatic
[Resonance] Light Magic Stone ⇒ Target a card in your graveyard. If it's a magic stone, put it on top of your magic stone deck. Otherwise, put it on top of your deck.","And so she prayed. For her kingdom, for the future, and for her fallen friends.","Echoes of the New World","200 / 500","Human"
"http://www.fowtcg.com/card/2632","Millium, Successor of the Future","http://d12h0em1d7ppg.cloudfront.net/items/26/2632/image_en/3a73db7d-d7e2-432d-ba71-a7e94908701d.jpg","ENW-008","SR","http://d12h0em1d7ppg.cloudfront.net/docs/icons/white.png","Resonator","Haruichi Kido","Echoes of the New World","Continuous
Other resonators with [Will of Hope] you control gain [+200/+200] and [Barrier].","The young man's hope filled the light and banished the darkness.","Echoes of the New World","800 / 800","Human"
"http://www.fowtcg.com/card/2632","Millium, Successor of the Future","http://d12h0em1d7ppg.cloudfront.net/items/26/2632/image_en/3a73db7d-d7e2-432d-ba71-a7e94908701d.jpg","ENW-008","SR","http://d12h0em1d7ppg.cloudfront.net/docs/icons/cost/02.png","Resonator","Haruichi Kido","Echoes of the New World","Continuous
Other resonators with [Will of Hope] you control gain [+200/+200] and [Barrier].","The young man's hope filled the light and banished the darkness.","Echoes of the New World","800 / 800","Human"
"http://www.fowtcg.com/card/2633","Pandora, Queen of Miracles","http://d12h0em1d7ppg.cloudfront.net/items/26/2633/image_en/da079141-9783-466f-8872-ed65ba25516b.jpg","ENW-009","U","http://d12h0em1d7ppg.cloudfront.net/docs/icons/white.png","Resonator","Foo Midori","Echoes of the New World","Continuous
Release the [Seal] abilities of light cards and spells you control.","""Is this a vision of the distant future? No...it is much closer.""","Echoes of the New World","400 / 700","Human"
"http://www.fowtcg.com/card/2633","Pandora, Queen of Miracles","http://d12h0em1d7ppg.cloudfront.net/items/26/2633/image_en/da079141-9783-466f-8872-ed65ba25516b.jpg","ENW-009","U","http://d12h0em1d7ppg.cloudfront.net/docs/icons/cost/01.png","Resonator","Foo Midori","Echoes of the New World","Continuous
Release the [Seal] abilities of light cards and spells you control.","""Is this a vision of the distant future? No...it is much closer.""","Echoes of the New World","400 / 700","Human"
"http://www.fowtcg.com/card/2634","Release","http://d12h0em1d7ppg.cloudfront.net/items/26/2634/image_en/c19a8a81-b84c-46a6-a394-e7d380f35bc2.jpg","ENW-010","C","http://d12h0em1d7ppg.cloudfront.net/docs/icons/white.png","Chant","sasaki kounosuke","Echoes of the New World","","With Alice freed, she once again stood against Lapis.","Echoes of the New World","",""
"http://www.fowtcg.com/card/2634","Release","http://d12h0em1d7ppg.cloudfront.net/items/26/2634/image_en/c19a8a81-b84c-46a6-a394-e7d380f35bc2.jpg","ENW-010","C","http://d12h0em1d7ppg.cloudfront.net/docs/icons/cost/01.png","Chant","sasaki kounosuke","Echoes of the New World","","With Alice freed, she once again stood against Lapis.","Echoes of the New World","",""
"http://www.fowtcg.com/card/2635","Ryula's Volition","http://d12h0em1d7ppg.cloudfront.net/items/26/2635/image_en/cc69f4f4-ffdd-4f71-9b20-83a04738ea88.jpg","ENW-011","U","http://d12h0em1d7ppg.cloudfront.net/docs/icons/white.png","Chant","hatarisu","Echoes of the New World","","""Millium, take the last of my power...and save the world."" -Ryula, Alabaster Dragon Princess","Echoes of the New World","",""
"http://www.fowtcg.com/card/2635","Ryula's Volition","http://d12h0em1d7ppg.cloudfront.net/items/26/2635/image_en/cc69f4f4-ffdd-4f71-9b20-83a04738ea88.jpg","ENW-011","U","http://d12h0em1d7ppg.cloudfront.net/docs/icons/cost/02.png","Chant","hatarisu","Echoes of the New World","","""Millium, take the last of my power...and save the world."" -Ryula, Alabaster Dragon Princess","Echoes of the New World","",""
"http://www.fowtcg.com/card/2636","Sacred Record of Fairy Tales","http://d12h0em1d7ppg.cloudfront.net/items/26/2636/image_en/bcf0a2f2-260c-4368-afd3-de8db3deb62e.jpg","ENW-012","C","http://d12h0em1d7ppg.cloudfront.net/docs/icons/white.png","Chant","tokiwa","Echoes of the New World","","Stories that tie the hopes of everyone together.","Echoes of the New World","",""
"http://www.fowtcg.com/card/2637","Skygazing Girl","http://d12h0em1d7ppg.cloudfront.net/items/26/2637/image_en/c5d4eb5e-be2d-4436-b4ec-a0a1e43a54a0.jpg","ENW-013","C","http://d12h0em1d7ppg.cloudfront.net/docs/icons/white.png","Resonator","BANAMONS*","Echoes of the New World","Activate
[rest]: Target resonator with [Will of Hope] gains [+200/+200] until end of turn.","A blue planet, a white moon, the sky certainly has been changing recently.","Echoes of the New World","300 / 300","Human"
"http://www.fowtcg.com/card/2638","Spirit of Protection","http://d12h0em1d7ppg.cloudfront.net/items/26/2638/image_en/ec6b46d7-f6dc-45f5-bc52-52d4d8fa5ffc.jpg","ENW-014","C","http://d12h0em1d7ppg.cloudfront.net/docs/icons/white.png","Resonator","RYUEMON","Echoes of the New World","Automatic
Whenever this card blocks ⇒ Recover it. It gains [+200/+200] until end of turn.","When Almerius returned to a magic stone, only this spirit remained.","Echoes of the New World","800 / 800","Spirit"
"http://www.fowtcg.com/card/2638","Spirit of Protection","http://d12h0em1d7ppg.cloudfront.net/items/26/2638/image_en/ec6b46d7-f6dc-45f5-bc52-52d4d8fa5ffc.jpg","ENW-014","C","http://d12h0em1d7ppg.cloudfront.net/docs/icons/cost/02.png","Resonator","RYUEMON","Echoes of the New World","Automatic
Whenever this card blocks ⇒ Recover it. It gains [+200/+200] until end of turn.","When Almerius returned to a magic stone, only this spirit remained.","Echoes of the New World","800 / 800","Spirit"
"http://www.fowtcg.com/card/2639","Strange Miracle","http://d12h0em1d7ppg.cloudfront.net/items/26/2639/image_en/b563f703-d698-4c0c-a09c-dc7fa574a14a.jpg","ENW-015","R","http://d12h0em1d7ppg.cloudfront.net/docs/icons/white.png","Chant","Mayo","Echoes of the New World","","Light that has protected all since ancient times.","Echoes of the New World","","Ancient Magic"
"http://www.fowtcg.com/card/2640","Zero, the King's Blade","http://d12h0em1d7ppg.cloudfront.net/items/26/2640/image_en/59358e74-85c3-4ec1-859e-51ebdc2d1266.jpg","ENW-016","R","http://d12h0em1d7ppg.cloudfront.net/docs/icons/white.png","Resonator","lack","Echoes of the New World","Continuous
Resonators you control cannot be returned to their owners' hands.","""No more. I won't let you do as you please any longer.""","Echoes of the New World","600 / 600","Six Sages"
"http://www.fowtcg.com/card/2640","Zero, the King's Blade","http://d12h0em1d7ppg.cloudfront.net/items/26/2640/image_en/59358e74-85c3-4ec1-859e-51ebdc2d1266.jpg","ENW-016","R","http://d12h0em1d7ppg.cloudfront.net/docs/icons/white.png","Resonator","lack","Echoes of the New World","Continuous
Resonators you control cannot be returned to their owners' hands.","""No more. I won't let you do as you please any longer.""","Echoes of the New World","600 / 600","Six Sages"
"http://www.fowtcg.com/card/2641","Zero's Circle of Protection","http://d12h0em1d7ppg.cloudfront.net/items/26/2641/image_en/257fd836-deeb-492b-9f2e-aef4173c1462.jpg","ENW-017","U","http://d12h0em1d7ppg.cloudfront.net/docs/icons/white.png","Addition","saumaro","Echoes of the New World","Continuous
J/resonators you control gain [Barrier](Chosen attribute).","""To the circle everyone! Quickly!"" -Zero, the King's Blade","Echoes of the New World","",""
"http://www.fowtcg.com/card/2641","Zero's Circle of Protection","http://d12h0em1d7ppg.cloudfront.net/items/26/2641/image_en/257fd836-deeb-492b-9f2e-aef4173c1462.jpg","ENW-017","U","http://d12h0em1d7ppg.cloudfront.net/docs/icons/cost/02.png","Addition","saumaro","Echoes of the New World","Continuous
J/resonators you control gain [Barrier](Chosen attribute).","""To the circle everyone! Quickly!"" -Zero, the King's Blade","Echoes of the New World","",""
"http://www.fowtcg.com/card/2642","Adelbert's Crossflame","http://d12h0em1d7ppg.cloudfront.net/items/26/2642/image_en/3dacfc91-869f-4ffb-a277-ff732fc61641.jpg","ENW-018","C","http://d12h0em1d7ppg.cloudfront.net/docs/icons/red.png","Chant","Moopic","Echoes of the New World","","A flame that wards against existence.","Echoes of the New World","",""
"http://www.fowtcg.com/card/2642","Adelbert's Crossflame","http://d12h0em1d7ppg.cloudfront.net/items/26/2642/image_en/3dacfc91-869f-4ffb-a277-ff732fc61641.jpg","ENW-018","C","http://d12h0em1d7ppg.cloudfront.net/docs/icons/cost/02.png","Chant","Moopic","Echoes of the New World","","A flame that wards against existence.","Echoes of the New World","",""
"http://www.fowtcg.com/card/2643","Bahamut, the Dragonoid","http://d12h0em1d7ppg.cloudfront.net/items/26/2643/image_en/21f11d47-d6fd-43fa-95f2-0d788405457f.jpg","ENW-019","R","http://d12h0em1d7ppg.cloudfront.net/docs/icons/red.png","Resonator","Saiko Takaki","Echoes of the New World","Continuous
This card gains [Flying] as long as there is a [+100/+100] counter on it that was put on it by this card.","""As long as I can destroy what I please, I shall serve you.""","Echoes of the New World","500 / 500","Dragonoid"
"http://www.fowtcg.com/card/2643","Bahamut, the Dragonoid","http://d12h0em1d7ppg.cloudfront.net/items/26/2643/image_en/21f11d47-d6fd-43fa-95f2-0d788405457f.jpg","ENW-019","R","http://d12h0em1d7ppg.cloudfront.net/docs/icons/red.png","Resonator","Saiko Takaki","Echoes of the New World","Continuous
This card gains [Flying] as long as there is a [+100/+100] counter on it that was put on it by this card.","""As long as I can destroy what I please, I shall serve you.""","Echoes of the New World","500 / 500","Dragonoid"
"http://www.fowtcg.com/card/2643","Bahamut, the Dragonoid","http://d12h0em1d7ppg.cloudfront.net/items/26/2643/image_en/21f11d47-d6fd-43fa-95f2-0d788405457f.jpg","ENW-019","R","http://d12h0em1d7ppg.cloudfront.net/docs/icons/red.png","Resonator","Saiko Takaki","Echoes of the New World","Continuous
This card gains [Flying] as long as there is a [+100/+100] counter on it that was put on it by this card.","""As long as I can destroy what I please, I shall serve you.""","Echoes of the New World","500 / 500","Dragonoid"
"http://www.fowtcg.com/card/2643","Bahamut, the Dragonoid","http://d12h0em1d7ppg.cloudfront.net/items/26/2643/image_en/21f11d47-d6fd-43fa-95f2-0d788405457f.jpg","ENW-019","R","http://d12h0em1d7ppg.cloudfront.net/docs/icons/cost/01.png","Resonator","Saiko Takaki","Echoes of the New World","Continuous
This card gains [Flying] as long as there is a [+100/+100] counter on it that was put on it by this card.","""As long as I can destroy what I please, I shall serve you.""","Echoes of the New World","500 / 500","Dragonoid"
"http://www.fowtcg.com/card/2644","Blazing Floating Castle, Refarth","http://d12h0em1d7ppg.cloudfront.net/items/26/2644/image_en/a32a06f0-6997-477b-acfd-8e34a7af3252.jpg","ENW-020","U","http://d12h0em1d7ppg.cloudfront.net/docs/icons/red.png","Addition","mita kura","Echoes of the New World","Continuous
J/resonators you control can block J/resonators with [Flying].","With Almerius as a magic stone, Refarth rose to the sky once more, with the flames of Nyarlathotep to guard it.","Echoes of the New World","",""
"http://www.fowtcg.com/card/2644","Blazing Floating Castle, Refarth","http://d12h0em1d7ppg.cloudfront.net/items/26/2644/image_en/a32a06f0-6997-477b-acfd-8e34a7af3252.jpg","ENW-020","U","http://d12h0em1d7ppg.cloudfront.net/docs/icons/cost/01.png","Addition","mita kura","Echoes of the New World","Continuous
J/resonators you control can block J/resonators with [Flying].","With Almerius as a magic stone, Refarth rose to the sky once more, with the flames of Nyarlathotep to guard it.","Echoes of the New World","",""
"http://www.fowtcg.com/card/2645","Crimson Sanction","http://d12h0em1d7ppg.cloudfront.net/items/26/2645/image_en/5a8156de-f742-4608-9bdd-f35c42873115.jpg","ENW-021","SR","http://d12h0em1d7ppg.cloudfront.net/docs/icons/red.png","Chant","YK","Echoes of the New World","","""Go!"" -Nyarlathotep, the Realized Truth","Echoes of the New World","",""
"http://www.fowtcg.com/card/2646","Fayli, Genius Rip-Off Artist","http://d12h0em1d7ppg.cloudfront.net/items/26/2646/image_en/e7e5b385-cfd1-47c5-a90d-37f2e1c9df78.jpg","ENW-022","U","http://d12h0em1d7ppg.cloudfront.net/docs/icons/red.png","Resonator","Foo Midori","Echoes of the New World","Activate
[r],[rest]: Put a token copy of another target resonator you control into your field. At the next end of turn ⇒ That token's controller banishes it.","""You can't tell which is the fake? Of course not. If you could, I'd be pretty bad at my job.""","Echoes of the New World","400 / 800","Human"
"http://www.fowtcg.com/card/2646","Fayli, Genius Rip-Off Artist","http://d12h0em1d7ppg.cloudfront.net/items/26/2646/image_en/e7e5b385-cfd1-47c5-a90d-37f2e1c9df78.jpg","ENW-022","U","http://d12h0em1d7ppg.cloudfront.net/docs/icons/red.png","Resonator","Foo Midori","Echoes of the New World","Activate
[r],[rest]: Put a token copy of another target resonator you control into your field. At the next end of turn ⇒ That token's controller banishes it.","""You can't tell which is the fake? Of course not. If you could, I'd be pretty bad at my job.""","Echoes of the New World","400 / 800","Human"
"http://www.fowtcg.com/card/2646","Fayli, Genius Rip-Off Artist","http://d12h0em1d7ppg.cloudfront.net/items/26/2646/image_en/e7e5b385-cfd1-47c5-a90d-37f2e1c9df78.jpg","ENW-022","U","http://d12h0em1d7ppg.cloudfront.net/docs/icons/cost/01.png","Resonator","Foo Midori","Echoes of the New World","Activate
[r],[rest]: Put a token copy of another target resonator you control into your field. At the next end of turn ⇒ That token's controller banishes it.","""You can't tell which is the fake? Of course not. If you could, I'd be pretty bad at my job.""","Echoes of the New World","400 / 800","Human"
"http://www.fowtcg.com/card/2647","Flames of Nyarlathotep","http://d12h0em1d7ppg.cloudfront.net/items/26/2647/image_en/8ba1ef38-28d8-4285-a586-1274bfdfd9b8.jpg","ENW-023","C","http://d12h0em1d7ppg.cloudfront.net/docs/icons/red.png","Resonator","SAO","Echoes of the New World","Activate
Banish this card: Produce [r].","A will that burns bright never tells lies.","Echoes of the New World","200 / 200","Cthulhu"
"http://www.fowtcg.com/card/2648","Melgis, King of Black Flame","http://d12h0em1d7ppg.cloudfront.net/items/26/2648/image_en/9e07672f-e132-4585-b281-6f815756f575.jpg","ENW-024","U","http://d12h0em1d7ppg.cloudfront.net/docs/icons/red.png","Resonator","gekko","Echoes of the New World","Activate
Pay 300 life: This card gains [+100/0] and [First Strike] until end of turn.","Nothing remained of the man who once lead a nation.","Echoes of the New World","700 / 700","Seven Kings"
"http://www.fowtcg.com/card/2648","Melgis, King of Black Flame","http://d12h0em1d7ppg.cloudfront.net/items/26/2648/image_en/9e07672f-e132-4585-b281-6f815756f575.jpg","ENW-024","U","http://d12h0em1d7ppg.cloudfront.net/docs/icons/cost/02.png","Resonator","gekko","Echoes of the New World","Activate
Pay 300 life: This card gains [+100/0] and [First Strike] until end of turn.","Nothing remained of the man who once lead a nation.","Echoes of the New World","700 / 700","Seven Kings"
"http://www.fowtcg.com/card/2649","Melgis' War Beast","http://d12h0em1d7ppg.cloudfront.net/items/26/2649/image_en/694154f5-8ff8-41b3-beaf-408023a38569.jpg","ENW-025","C","http://d12h0em1d7ppg.cloudfront.net/docs/icons/red.png","Resonator","gekko","Echoes of the New World","Continuous
This card gains [+100/+100] and [Swiftness] as long as you control another resonator with [Will of Despair].","An evil beast willing to bare its fangs at anyone.","Echoes of the New World","400 / 100","Beast"
"http://www.fowtcg.com/card/2650","Nyarlathotep, the Realized Truth","http://d12h0em1d7ppg.cloudfront.net/items/26/2650/image_en/98cc923a-c81e-4182-b539-506fcca41ba3.jpg","ENW-026","SR","http://d12h0em1d7ppg.cloudfront.net/docs/icons/red.png","Resonator","YK","Echoes of the New World","Activate
[1]: Target J/resonator you control gains [+200/-200] until end of turn.","""Lies are kind, the truth is cruel. Let me show you the greatest truth of all!""","Echoes of the New World","400 / 600","Human/Cthulhu"
"http://www.fowtcg.com/card/2650","Nyarlathotep, the Realized Truth","http://d12h0em1d7ppg.cloudfront.net/items/26/2650/image_en/98cc923a-c81e-4182-b539-506fcca41ba3.jpg","ENW-026","SR","http://d12h0em1d7ppg.cloudfront.net/docs/icons/red.png","Resonator","YK","Echoes of the New World","Activate
[1]: Target J/resonator you control gains [+200/-200] until end of turn.","""Lies are kind, the truth is cruel. Let me show you the greatest truth of all!""","Echoes of the New World","400 / 600","Human/Cthulhu"
"http://www.fowtcg.com/card/2651","Rainbow Arrow","http://d12h0em1d7ppg.cloudfront.net/items/26/2651/image_en/61093b6d-2728-49df-ad32-86d4c7dbec50.jpg","ENW-027","C","http://d12h0em1d7ppg.cloudfront.net/docs/icons/red.png","Chant","uekino aroe","Echoes of the New World","","""If it's come to this, I guess I'd better get serious."" -Red Riding Hood, Rainbow to the Heavens","Echoes of the New World","",""
"http://www.fowtcg.com/card/2652","Red Hood","http://d12h0em1d7ppg.cloudfront.net/items/26/2652/image_en/076e6483-8014-40d1-a95e-fdeeac9946d5.jpg","ENW-028","C","http://d12h0em1d7ppg.cloudfront.net/docs/icons/red.png","Addition","yua","Echoes of the New World","Continuous
Bestowed resonator gains [+200/+200] and [Swiftness].","A red hood infused with an unusually high amount of magic.","Echoes of the New World","",""
"http://www.fowtcg.com/card/2653","Red Riding Hood, Rainbow to the Heavens","http://d12h0em1d7ppg.cloudfront.net/items/26/2653/image_en/e6c3bf5b-a5a8-4b0d-b529-10896bf8fd9d.jpg","ENW-029","R","http://d12h0em1d7ppg.cloudfront.net/docs/icons/red.png","Resonator","Matsurika Yoko","Echoes of the New World","","With Melfee and Nyarlathotep, Red Riding Hood returned to Refarth for the first time in years.","Echoes of the New World","400 / 400","Fairy Tale"
"http://www.fowtcg.com/card/2654","Refarth's Wall of Flames","http://d12h0em1d7ppg.cloudfront.net/items/26/2654/image_en/59805fa2-8e6d-4735-9d0e-0cb06a4af902.jpg","ENW-030","U","http://d12h0em1d7ppg.cloudfront.net/docs/icons/red.png","Chant","RYUEMON","Echoes of the New World","","Nyarlathotep's flame moved as though it were alive, burning away its enemies.","Echoes of the New World","",""
"http://www.fowtcg.com/card/2654","Refarth's Wall of Flames","http://d12h0em1d7ppg.cloudfront.net/items/26/2654/image_en/59805fa2-8e6d-4735-9d0e-0cb06a4af902.jpg","ENW-030","U","http://d12h0em1d7ppg.cloudfront.net/docs/icons/red.png","Chant","RYUEMON","Echoes of the New World","","Nyarlathotep's flame moved as though it were alive, burning away its enemies.","Echoes of the New World","",""
"http://www.fowtcg.com/card/2655","Swordsman of Fire","http://d12h0em1d7ppg.cloudfront.net/items/26/2655/image_en/96a90113-6fb1-41b8-b20b-f3811f78ae45.jpg","ENW-031","R","","Ruler","Hayama Kohei","Echoes of the New World","Continuous
Wanderer resonators you control gain [First Strike].","""I heard Scheherazade's report. Seems I managed to arrive in time.""","Echoes of the New World","","Wanderer"
"http://www.fowtcg.com/card/2656","Dimension Brigade's Leader, Adelbert","http://d12h0em1d7ppg.cloudfront.net/items/26/2656/image_en/9ed3c531-2919-47bc-b6d0-e05957d0e0ab.jpg","ENW-031J","JR","","J-ruler","Hayama Kohei","Echoes of the New World","Automatic
Whenever a darkness resonator enters your field ⇒ Your opponent discards a card.","""Time to get serious. Reflect, Refrain, are you coming?"" ""Is that alright?"" ""It's fine."" ""Really?"" ""Really.""","Echoes of the New World","1200 / 1200","Wanderer"
"http://www.fowtcg.com/card/2657","Tiny Aggressive Dragon","http://d12h0em1d7ppg.cloudfront.net/items/26/2657/image_en/b24ad093-766a-412e-bca6-ae7c07ca0843.jpg","ENW-032","C","http://d12h0em1d7ppg.cloudfront.net/docs/icons/red.png","Resonator","SO","Echoes of the New World","","A small, belligerent creature accompanied Bahamut.","Echoes of the New World","800 / 800","Dragon"
"http://www.fowtcg.com/card/2657","Tiny Aggressive Dragon","http://d12h0em1d7ppg.cloudfront.net/items/26/2657/image_en/b24ad093-766a-412e-bca6-ae7c07ca0843.jpg","ENW-032","C","http://d12h0em1d7ppg.cloudfront.net/docs/icons/red.png","Resonator","SO","Echoes of the New World","","A small, belligerent creature accompanied Bahamut.","Echoes of the New World","800 / 800","Dragon"
"http://www.fowtcg.com/card/2657","Tiny Aggressive Dragon","http://d12h0em1d7ppg.cloudfront.net/items/26/2657/image_en/b24ad093-766a-412e-bca6-ae7c07ca0843.jpg","ENW-032","C","http://d12h0em1d7ppg.cloudfront.net/docs/icons/red.png","Resonator","SO","Echoes of the New World","","A small, belligerent creature accompanied Bahamut.","Echoes of the New World","800 / 800","Dragon"
"http://www.fowtcg.com/card/2658","Transforming Scarecrow","http://d12h0em1d7ppg.cloudfront.net/items/26/2658/image_en/af24c9a2-b735-45a6-92d0-f38fb6e1c008.jpg","ENW-033","C","http://d12h0em1d7ppg.cloudfront.net/docs/icons/red.png","Resonator","MATSUMOTO EIGHT","Echoes of the New World","Automatic
Whenever another resonator you control attacks ⇒ This card's ATK becomes equal to that resonator's ATK until end of turn.","""It's different every time you see it, so don't waste time looking at it."" -Fayli, Genius Rip-Off Artist","Echoes of the New World","0 / 800","Scarecrow"
"http://www.fowtcg.com/card/2658","Transforming Scarecrow","http://d12h0em1d7ppg.cloudfront.net/items/26/2658/image_en/af24c9a2-b735-45a6-92d0-f38fb6e1c008.jpg","ENW-033","C","http://d12h0em1d7ppg.cloudfront.net/docs/icons/cost/01.png","Resonator","MATSUMOTO EIGHT","Echoes of the New World","Automatic
Whenever another resonator you control attacks ⇒ This card's ATK becomes equal to that resonator's ATK until end of turn.","""It's different every time you see it, so don't waste time looking at it."" -Fayli, Genius Rip-Off Artist","Echoes of the New World","0 / 800","Scarecrow"
"http://www.fowtcg.com/card/2659","Yamata-no-Orochi, the Resurrected Calamity","http://d12h0em1d7ppg.cloudfront.net/items/26/2659/image_en/759f1463-5f26-48d1-a580-10a61b856ddc.jpg","ENW-034","R","http://d12h0em1d7ppg.cloudfront.net/docs/icons/red.png","Resonator","gozz","Echoes of the New World","Automatic
Whenever this card attacks ⇒ It deals 800 damage to your opponent and each other resonator.","""The calamities of this world's past, I will make good use of them."" -Gill Lapis, Usurper of Maddening Power","Echoes of the New World","0 / 1600","Twelve Apostles"
"http://www.fowtcg.com/card/2659","Yamata-no-Orochi, the Resurrected Calamity","http://d12h0em1d7ppg.cloudfront.net/items/26/2659/image_en/759f1463-5f26-48d1-a580-10a61b856ddc.jpg","ENW-034","R","http://d12h0em1d7ppg.cloudfront.net/docs/icons/red.png","Resonator","gozz","Echoes of the New World","Automatic
Whenever this card attacks ⇒ It deals 800 damage to your opponent and each other resonator.","""The calamities of this world's past, I will make good use of them."" -Gill Lapis, Usurper of Maddening Power","Echoes of the New World","0 / 1600","Twelve Apostles"
"http://www.fowtcg.com/card/2659","Yamata-no-Orochi, the Resurrected Calamity","http://d12h0em1d7ppg.cloudfront.net/items/26/2659/image_en/759f1463-5f26-48d1-a580-10a61b856ddc.jpg","ENW-034","R","http://d12h0em1d7ppg.cloudfront.net/docs/icons/red.png","Resonator","gozz","Echoes of the New World","Automatic
Whenever this card attacks ⇒ It deals 800 damage to your opponent and each other resonator.","""The calamities of this world's past, I will make good use of them."" -Gill Lapis, Usurper of Maddening Power","Echoes of the New World","0 / 1600","Twelve Apostles"
"http://www.fowtcg.com/card/2659","Yamata-no-Orochi, the Resurrected Calamity","http://d12h0em1d7ppg.cloudfront.net/items/26/2659/image_en/759f1463-5f26-48d1-a580-10a61b856ddc.jpg","ENW-034","R","http://d12h0em1d7ppg.cloudfront.net/docs/icons/cost/05.png","Resonator","gozz","Echoes of the New World","Automatic
Whenever this card attacks ⇒ It deals 800 damage to your opponent and each other resonator.","""The calamities of this world's past, I will make good use of them."" -Gill Lapis, Usurper of Maddening Power","Echoes of the New World","0 / 1600","Twelve Apostles"
"http://www.fowtcg.com/card/2660","Ahriman, the Wicked Spirit Eye","http://d12h0em1d7ppg.cloudfront.net/items/26/2660/image_en/b8ccdb7c-83d1-4398-94f9-2cca31291bc2.jpg","ENW-035","U","http://d12h0em1d7ppg.cloudfront.net/docs/icons/blue.png","Resonator","Yuji Azuma","Echoes of the New World","Activate
[0]: Your opponent reveals their hand. Play this ability only during your turn and only once per turn.","From far off they watch the battle. Staring ceaselessly.","Echoes of the New World","500 / 700","Familiar"
"http://www.fowtcg.com/card/2660","Ahriman, the Wicked Spirit Eye","http://d12h0em1d7ppg.cloudfront.net/items/26/2660/image_en/b8ccdb7c-83d1-4398-94f9-2cca31291bc2.jpg","ENW-035","U","http://d12h0em1d7ppg.cloudfront.net/docs/icons/cost/01.png","Resonator","Yuji Azuma","Echoes of the New World","Activate
[0]: Your opponent reveals their hand. Play this ability only during your turn and only once per turn.","From far off they watch the battle. Staring ceaselessly.","Echoes of the New World","500 / 700","Familiar"
"http://www.fowtcg.com/card/2661","Alice, Girl of the Blue Planet","http://d12h0em1d7ppg.cloudfront.net/items/26/2661/image_en/6c5a7222-5e8a-457d-8009-1c5c2978a0a0.jpg","ENW-036","SR","http://d12h0em1d7ppg.cloudfront.net/docs/icons/blue.png","Resonator","Wednesday","Echoes of the New World","","The light of the Earth shone upon Alice, and at last everything was clear.","Echoes of the New World","500 / 600","Wanderer"
"http://www.fowtcg.com/card/2661","Alice, Girl of the Blue Planet","http://d12h0em1d7ppg.cloudfront.net/items/26/2661/image_en/6c5a7222-5e8a-457d-8009-1c5c2978a0a0.jpg","ENW-036","SR","http://d12h0em1d7ppg.cloudfront.net/docs/icons/blue.png","Resonator","Wednesday","Echoes of the New World","","The light of the Earth shone upon Alice, and at last everything was clear.","Echoes of the New World","500 / 600","Wanderer"
"http://www.fowtcg.com/card/2662","Charlotte, Last Hope of Attoractia","http://d12h0em1d7ppg.cloudfront.net/items/26/2662/image_en/961a99d6-5a6b-4d54-a823-bfc4a331621f.jpg","ENW-037","R","http://d12h0em1d7ppg.cloudfront.net/docs/icons/blue.png","Resonator","Nekobayashi","Echoes of the New World","Continuous
You may pay [1] less to play chants.","""I want to...protect this world!""","Echoes of the New World","500 / 500","Wizard"
"http://www.fowtcg.com/card/2662","Charlotte, Last Hope of Attoractia","http://d12h0em1d7ppg.cloudfront.net/items/26/2662/image_en/961a99d6-5a6b-4d54-a823-bfc4a331621f.jpg","ENW-037","R","http://d12h0em1d7ppg.cloudfront.net/docs/icons/cost/01.png","Resonator","Nekobayashi","Echoes of the New World","Continuous
You may pay [1] less to play chants.","""I want to...protect this world!""","Echoes of the New World","500 / 500","Wizard"
"http://www.fowtcg.com/card/2663","Charlotte's Water Beast Construct","http://d12h0em1d7ppg.cloudfront.net/items/26/2663/image_en/f8adcfb6-a279-40e8-89c5-d2e77a21530b.jpg","ENW-038","C","http://d12h0em1d7ppg.cloudfront.net/docs/icons/blue.png","Resonator","SAGAWA ASUKA","Echoes of the New World","Activate
[0]: This card gains [Flying], [First Strike], or [+200/+200] until end of turn. Play this ability only once per turn.","Seems Charlotte finally mastered water transformation magic.","Echoes of the New World","600 / 600","Beast"
"http://www.fowtcg.com/card/2663","Charlotte's Water Beast Construct","http://d12h0em1d7ppg.cloudfront.net/items/26/2663/image_en/f8adcfb6-a279-40e8-89c5-d2e77a21530b.jpg","ENW-038","C","http://d12h0em1d7ppg.cloudfront.net/docs/icons/cost/02.png","Resonator","SAGAWA ASUKA","Echoes of the New World","Activate
[0]: This card gains [Flying], [First Strike], or [+200/+200] until end of turn. Play this ability only once per turn.","Seems Charlotte finally mastered water transformation magic.","Echoes of the New World","600 / 600","Beast"
"http://www.fowtcg.com/card/2664","Cheshire Cat, Phantasmal Fighter","http://d12h0em1d7ppg.cloudfront.net/items/26/2664/image_en/322040db-0597-4d65-890d-c21b35108bc2.jpg","ENW-039","R","http://d12h0em1d7ppg.cloudfront.net/docs/icons/blue.png","Resonator","ishishou","Echoes of the New World","Activate
[rest]: Draw a card. Then put this card on top of your deck.","""Alright, I'll be heading out for a bit. There's some stuff I've got to see to. But I'll be right back!""","Echoes of the New World","300 / 300","Fairy Tale"
"http://www.fowtcg.com/card/2665","Detachment","http://d12h0em1d7ppg.cloudfront.net/items/26/2665/image_en/d343dac4-8ec2-452d-b624-c6657a32d7b8.jpg","ENW-040","U","http://d12h0em1d7ppg.cloudfront.net/docs/icons/blue.png","Chant","Tsukumi","Echoes of the New World","","Alice and Dark Alice, unable to reconcile, split apart into two beings once again.","Echoes of the New World","",""
"http://www.fowtcg.com/card/2665","Detachment","http://d12h0em1d7ppg.cloudfront.net/items/26/2665/image_en/d343dac4-8ec2-452d-b624-c6657a32d7b8.jpg","ENW-040","U","http://d12h0em1d7ppg.cloudfront.net/docs/icons/blue.png","Chant","Tsukumi","Echoes of the New World","","Alice and Dark Alice, unable to reconcile, split apart into two beings once again.","Echoes of the New World","",""
"http://www.fowtcg.com/card/2666","Dragon Shrine Maiden","http://d12h0em1d7ppg.cloudfront.net/items/26/2666/image_en/6bc55823-776f-4078-8e25-f98c5ded97cf.jpg","ENW-041","R","","Ruler","Pisuke","Echoes of the New World","Activate
[rest]: Draw a card.","This guardian with the power to correct time anomalies had been sealed away by Alhama'at.","Echoes of the New World","","Dragonoid"
"http://www.fowtcg.com/card/2667","Flute, Time Altering Priestess","http://d12h0em1d7ppg.cloudfront.net/items/26/2667/image_en/fa207154-9b73-4b21-96c0-4b8146fec806.jpg","ENW-041J","JR","","J-ruler","Pisuke","Echoes of the New World","Activate
[u][2]: Put this card into your ruler area, as a ruler.","""You want me to lend you my power? To alter time?""","Echoes of the New World","700 / 800","Dragonoid"
"http://www.fowtcg.com/card/2668","Flute's Awakening","http://d12h0em1d7ppg.cloudfront.net/items/26/2668/image_en/d217e549-16b1-4c46-bd16-298863c622c5.jpg","ENW-042","C","http://d12h0em1d7ppg.cloudfront.net/docs/icons/blue.png","Chant","cola","Echoes of the New World","","Having to wake up all on her own was her worst nightmare.","Echoes of the New World","",""
"http://www.fowtcg.com/card/2669","Flute's Water Dragon","http://d12h0em1d7ppg.cloudfront.net/items/26/2669/image_en/28ed8d48-d23f-4bc3-b10b-179266023ce1.jpg","ENW-043","C","http://d12h0em1d7ppg.cloudfront.net/docs/icons/blue.png","Resonator","Misa Tsutsui","Echoes of the New World","Continuous
You may rest this recovered card to call a magic stone rather than rest your J/ruler.","Time affords many opportunities.","Echoes of the New World","100 / 400","Dragon"
"http://www.fowtcg.com/card/2670","Luna, Magician of the Moon Star","http://d12h0em1d7ppg.cloudfront.net/items/26/2670/image_en/62db0190-8055-45eb-9532-8400decb288b.jpg","ENW-044","R","http://d12h0em1d7ppg.cloudfront.net/docs/icons/blue.png","Resonator","Nakaba Higurashi","Echoes of the New World","Activate
Remove a mana counter from this card: Produce [u]. Spend this will only to play Ancient Magic cards.","""Lord Alhama'at is dead and no matter what side I choose now I can't win...oh well.""","Echoes of the New World","800 / 800","Seven Luminaries Mage"
"http://www.fowtcg.com/card/2670","Luna, Magician of the Moon Star","http://d12h0em1d7ppg.cloudfront.net/items/26/2670/image_en/62db0190-8055-45eb-9532-8400decb288b.jpg","ENW-044","R","http://d12h0em1d7ppg.cloudfront.net/docs/icons/blue.png","Resonator","Nakaba Higurashi","Echoes of the New World","Activate
Remove a mana counter from this card: Produce [u]. Spend this will only to play Ancient Magic cards.","""Lord Alhama'at is dead and no matter what side I choose now I can't win...oh well.""","Echoes of the New World","800 / 800","Seven Luminaries Mage"
"http://www.fowtcg.com/card/2670","Luna, Magician of the Moon Star","http://d12h0em1d7ppg.cloudfront.net/items/26/2670/image_en/62db0190-8055-45eb-9532-8400decb288b.jpg","ENW-044","R","http://d12h0em1d7ppg.cloudfront.net/docs/icons/cost/01.png","Resonator","Nakaba Higurashi","Echoes of the New World","Activate
Remove a mana counter from this card: Produce [u]. Spend this will only to play Ancient Magic cards.","""Lord Alhama'at is dead and no matter what side I choose now I can't win...oh well.""","Echoes of the New World","800 / 800","Seven Luminaries Mage"
"http://www.fowtcg.com/card/2671","Luna's Attendant","http://d12h0em1d7ppg.cloudfront.net/items/26/2671/image_en/422fe13a-613f-4ee4-9341-d50de4d821aa.jpg","ENW-045","C","http://d12h0em1d7ppg.cloudfront.net/docs/icons/blue.png","Resonator","Takumi Sugikawa","Echoes of the New World","Activate
[u]: Target J/resonator gains [Barrier] until end of turn. You may spend will to pay this ability's cost as though it were an Ancient Magic card.","With the defeat of Alhama'at and her fellow mages, Luna had little recourse but to join Lapis.","Echoes of the New World","500 / 500","Ancient/Wizard"
"http://www.fowtcg.com/card/2671","Luna's Attendant","http://d12h0em1d7ppg.cloudfront.net/items/26/2671/image_en/422fe13a-613f-4ee4-9341-d50de4d821aa.jpg","ENW-045","C","http://d12h0em1d7ppg.cloudfront.net/docs/icons/cost/01.png","Resonator","Takumi Sugikawa","Echoes of the New World","Activate
[u]: Target J/resonator gains [Barrier] until end of turn. You may spend will to pay this ability's cost as though it were an Ancient Magic card.","With the defeat of Alhama'at and her fellow mages, Luna had little recourse but to join Lapis.","Echoes of the New World","500 / 500","Ancient/Wizard"
"http://www.fowtcg.com/card/2672","Spawn of Umr","http://d12h0em1d7ppg.cloudfront.net/items/26/2672/image_en/eff634a5-b2da-4d3b-8211-72aa99b28d24.jpg","ENW-046","C","http://d12h0em1d7ppg.cloudfront.net/docs/icons/blue.png","Resonator","hatarisu","Echoes of the New World","Automatic
Whenever this card deals damage to your opponent ⇒ You may banish it. If you do, you may put a Cthulhu from your hand into your field.","With Kaguya's transformation, the seal over the cthulhus weakened.","Echoes of the New World","300 / 600","Cthulhu"
"http://www.fowtcg.com/card/2672","Spawn of Umr","http://d12h0em1d7ppg.cloudfront.net/items/26/2672/image_en/eff634a5-b2da-4d3b-8211-72aa99b28d24.jpg","ENW-046","C","http://d12h0em1d7ppg.cloudfront.net/docs/icons/cost/01.png","Resonator","hatarisu","Echoes of the New World","Automatic
Whenever this card deals damage to your opponent ⇒ You may banish it. If you do, you may put a Cthulhu from your hand into your field.","With Kaguya's transformation, the seal over the cthulhus weakened.","Echoes of the New World","300 / 600","Cthulhu"
"http://www.fowtcg.com/card/2673","Staff of Dragonoids","http://d12h0em1d7ppg.cloudfront.net/items/26/2673/image_en/e33d5b1c-8f20-43d7-9e4e-a6289f0767f9.jpg","ENW-047","C","http://d12h0em1d7ppg.cloudfront.net/docs/icons/blue.png","Addition","Miko Yamazaki","Echoes of the New World","Continuous
Bestowed resonator gains [+200/+200] and [Flying].","A staff containing the power of ancient dragonoid sages.","Echoes of the New World","",""
"http://www.fowtcg.com/card/2674","The Blue Planet","http://d12h0em1d7ppg.cloudfront.net/items/26/2674/image_en/c6053f90-b0b5-4ba8-87b2-df75a79ac210.jpg","ENW-048","U","http://d12h0em1d7ppg.cloudfront.net/docs/icons/blue.png","Addition","Haruki Komai","Echoes of the New World","Automatic
When this card enters your field ⇒ Draw a card.","The Earth floated up and away, into space.","Echoes of the New World","",""
"http://www.fowtcg.com/card/2674","The Blue Planet","http://d12h0em1d7ppg.cloudfront.net/items/26/2674/image_en/c6053f90-b0b5-4ba8-87b2-df75a79ac210.jpg","ENW-048","U","http://d12h0em1d7ppg.cloudfront.net/docs/icons/cost/01.png","Addition","Haruki Komai","Echoes of the New World","Automatic
When this card enters your field ⇒ Draw a card.","The Earth floated up and away, into space.","Echoes of the New World","",""
"http://www.fowtcg.com/card/2675","The Cheshire Cat's Assistance","http://d12h0em1d7ppg.cloudfront.net/items/26/2675/image_en/2f42d8fe-5f40-4c29-9180-6b445eb69249.jpg","ENW-049","C","http://d12h0em1d7ppg.cloudfront.net/docs/icons/blue.png","Chant","Tsukumi","Echoes of the New World","","""I told you I'd be back soon, didn't I?"" -Cheshire Cat, Phantasmal Fighter","Echoes of the New World","",""
"http://www.fowtcg.com/card/2676","The Truth of Time","http://d12h0em1d7ppg.cloudfront.net/items/26/2676/image_en/1f59d197-6f9a-408b-be50-b8fabd5a3a22.jpg","ENW-050","R","http://d12h0em1d7ppg.cloudfront.net/docs/icons/blue.png","Chant","kawaryu","Echoes of the New World","","It lives, it moves, it connects.","Echoes of the New World","","Ancient Magic"
"http://www.fowtcg.com/card/2677","Umr at-Tawil","http://d12h0em1d7ppg.cloudfront.net/items/26/2677/image_en/ac5b887d-6a8c-4f00-990c-6582b736c801.jpg","ENW-051","U","http://d12h0em1d7ppg.cloudfront.net/docs/icons/blue.png","Resonator","Shirai Hidemi","Echoes of the New World","Automatic
When this card enters your field ⇒ Search your deck for up to one non-chant card with total cost 1, up to one non-chant card with total cost 2, and up to one non-chant card with total cost 3 and put them into your field. Then shuffle your deck.","To him, love and chaos are one and the same.","Echoes of the New World","800 / 800","Human/Cthulhu"
"http://www.fowtcg.com/card/2677","Umr at-Tawil","http://d12h0em1d7ppg.cloudfront.net/items/26/2677/image_en/ac5b887d-6a8c-4f00-990c-6582b736c801.jpg","ENW-051","U","http://d12h0em1d7ppg.cloudfront.net/docs/icons/blue.png","Resonator","Shirai Hidemi","Echoes of the New World","Automatic
When this card enters your field ⇒ Search your deck for up to one non-chant card with total cost 1, up to one non-chant card with total cost 2, and up to one non-chant card with total cost 3 and put them into your field. Then shuffle your deck.","To him, love and chaos are one and the same.","Echoes of the New World","800 / 800","Human/Cthulhu"
"http://www.fowtcg.com/card/2677","Umr at-Tawil","http://d12h0em1d7ppg.cloudfront.net/items/26/2677/image_en/ac5b887d-6a8c-4f00-990c-6582b736c801.jpg","ENW-051","U","http://d12h0em1d7ppg.cloudfront.net/docs/icons/cost/05.png","Resonator","Shirai Hidemi","Echoes of the New World","Automatic
When this card enters your field ⇒ Search your deck for up to one non-chant card with total cost 1, up to one non-chant card with total cost 2, and up to one non-chant card with total cost 3 and put them into your field. Then shuffle your deck.","To him, love and chaos are one and the same.","Echoes of the New World","800 / 800","Human/Cthulhu"
"http://www.fowtcg.com/card/2678","Confront the Unknown","http://d12h0em1d7ppg.cloudfront.net/items/26/2678/image_en/e88c7c79-0a65-4bd3-b740-8deb379a094f.jpg","ENW-052","C","http://d12h0em1d7ppg.cloudfront.net/docs/icons/green.png","Chant","mie","Echoes of the New World","","""How can you be on his side, Scheherazade?"" ""This is nothing like before."" ""Alice, leave this to me. I'll handle her."" ""Ah, wait!"" -Alice, Scheherazade, and Dark Alice","Echoes of the New World","",""
"http://www.fowtcg.com/card/2678","Confront the Unknown","http://d12h0em1d7ppg.cloudfront.net/items/26/2678/image_en/e88c7c79-0a65-4bd3-b740-8deb379a094f.jpg","ENW-052","C","http://d12h0em1d7ppg.cloudfront.net/docs/icons/cost/01.png","Chant","mie","Echoes of the New World","","""How can you be on his side, Scheherazade?"" ""This is nothing like before."" ""Alice, leave this to me. I'll handle her."" ""Ah, wait!"" -Alice, Scheherazade, and Dark Alice","Echoes of the New World","",""
"http://www.fowtcg.com/card/2679","Fairy of the Malefic Tree","http://d12h0em1d7ppg.cloudfront.net/items/26/2679/image_en/c0bb84d5-cf2d-4881-b0ec-2b3fadd3c301.jpg","ENW-053","C","http://d12h0em1d7ppg.cloudfront.net/docs/icons/green.png","Resonator","Tomomi TOMIDA","Echoes of the New World","Activate
Pay 300 life: This card gains ""Whenever this card deals damage to a resonator ⇒ Destroy that resonator."" until end of turn.","Clad in a black miasma, this fairy arrived from the underworld.","Echoes of the New World","100 / 400","Fairy"
"http://www.fowtcg.com/card/2680","Fox Spirit","http://d12h0em1d7ppg.cloudfront.net/items/26/2680/image_en/a3f3e22d-fb09-4e2c-a3cf-66db0ce85c69.jpg","ENW-054","C","http://d12h0em1d7ppg.cloudfront.net/docs/icons/green.png","Resonator","KEIICHIRO ITO","Echoes of the New World","Activate
[0]: This card gains darkness in addition to its other attributes until end of turn.","To put Mikage Seijuro to rest at last, Lilias Petal had to summon all his strength, even if it endangered himself.","Echoes of the New World","300 / 300","Beast"
"http://www.fowtcg.com/card/2681","Gale Force Pursuer, Christie","http://d12h0em1d7ppg.cloudfront.net/items/26/2681/image_en/9e429180-60f6-4759-b3d5-b127bb058702.jpg","ENW-055","U","http://d12h0em1d7ppg.cloudfront.net/docs/icons/green.png","Resonator","touge369","Echoes of the New World","Automatic
When this card enters your field ⇒ Remove target darkness resonator from the game.","She won't forgive any who should as much as even threaten Amonsulle.","Echoes of the New World","500 / 600","Elf"
"http://www.fowtcg.com/card/2681","Gale Force Pursuer, Christie","http://d12h0em1d7ppg.cloudfront.net/items/26/2681/image_en/9e429180-60f6-4759-b3d5-b127bb058702.jpg","ENW-055","U","http://d12h0em1d7ppg.cloudfront.net/docs/icons/cost/01.png","Resonator","touge369","Echoes of the New World","Automatic
When this card enters your field ⇒ Remove target darkness resonator from the game.","She won't forgive any who should as much as even threaten Amonsulle.","Echoes of the New World","500 / 600","Elf"
"http://www.fowtcg.com/card/2682","Heavenly Spirit Tree","http://d12h0em1d7ppg.cloudfront.net/items/26/2682/image_en/92c3d024-d475-4f8a-8c28-6de99366b190.jpg","ENW-056","C","http://d12h0em1d7ppg.cloudfront.net/docs/icons/green.png","Resonator","mita kura","Echoes of the New World","Automatic
Whenever this card blocks ⇒ Draw a card.","The tree sprouting from Refarth produced an unusual sort of power.","Echoes of the New World","200 / 800","Vegetation"
"http://www.fowtcg.com/card/2682","Heavenly Spirit Tree","http://d12h0em1d7ppg.cloudfront.net/items/26/2682/image_en/92c3d024-d475-4f8a-8c28-6de99366b190.jpg","ENW-056","C","http://d12h0em1d7ppg.cloudfront.net/docs/icons/cost/01.png","Resonator","mita kura","Echoes of the New World","Automatic
Whenever this card blocks ⇒ Draw a card.","The tree sprouting from Refarth produced an unusual sort of power.","Echoes of the New World","200 / 800","Vegetation"
"http://www.fowtcg.com/card/2683","Interdimensional Space","http://d12h0em1d7ppg.cloudfront.net/items/26/2683/image_en/7f2ff080-4a07-4507-b49c-cbe19cd0e1cf.jpg","ENW-057","U","http://d12h0em1d7ppg.cloudfront.net/docs/icons/green.png","Addition","Yuko Nagasaki","Echoes of the New World","Continuous
Wanderer J/resonators you control gain [+400/+400].","From a mysterious space outside the normal, they appeared.","Echoes of the New World","",""
"http://www.fowtcg.com/card/2683","Interdimensional Space","http://d12h0em1d7ppg.cloudfront.net/items/26/2683/image_en/7f2ff080-4a07-4507-b49c-cbe19cd0e1cf.jpg","ENW-057","U","http://d12h0em1d7ppg.cloudfront.net/docs/icons/green.png","Addition","Yuko Nagasaki","Echoes of the New World","Continuous
Wanderer J/resonators you control gain [+400/+400].","From a mysterious space outside the normal, they appeared.","Echoes of the New World","",""
"http://www.fowtcg.com/card/2684","Leaf of the Malefic Tree","http://d12h0em1d7ppg.cloudfront.net/items/26/2684/image_en/2d6b5438-41b3-4825-a4a9-3a18e33147e2.jpg","ENW-058","C","http://d12h0em1d7ppg.cloudfront.net/docs/icons/green.png","Addition","Shirono Muku","Echoes of the New World","Continuous
Bestowed resonator gains ""Pay 200 life: This card gains [+100/+100] until end of turn.""","The price of power is ruin.","Echoes of the New World","",""
"http://www.fowtcg.com/card/2685","Melfee, Child of Refarth","http://d12h0em1d7ppg.cloudfront.net/items/26/2685/image_en/4e1a800e-435a-43c8-a719-4922a84d4861.jpg","ENW-059","R","http://d12h0em1d7ppg.cloudfront.net/docs/icons/green.png","Resonator","j-peg","Echoes of the New World","Automatic
Whenever another Elf enters your field ⇒ Put a [+100/+100] counter on this card.","Melfee's memories of her old home surged through her, her heart raced with new purpose and drive.","Echoes of the New World","100 / 100","Elf"
"http://www.fowtcg.com/card/2686","Pricia, Ready for the Final Battle","http://d12h0em1d7ppg.cloudfront.net/items/26/2686/image_en/937e3253-ed9e-4b6b-a46f-3c198b794d10.jpg","ENW-060","R","http://d12h0em1d7ppg.cloudfront.net/docs/icons/green.png","Resonator","fzwrAym","Echoes of the New World","Automatic
When this card enters your field or whenever it attacks ⇒ Destroy target resonator your opponent controls with ATK less than or equal to this card's ATK. If you do, put two [+100/+100] counters on this card.","""Shion, I'm going to set you free...and then we're going home.""","Echoes of the New World","1000 / 1000","Beast"
"http://www.fowtcg.com/card/2686","Pricia, Ready for the Final Battle","http://d12h0em1d7ppg.cloudfront.net/items/26/2686/image_en/937e3253-ed9e-4b6b-a46f-3c198b794d10.jpg","ENW-060","R","http://d12h0em1d7ppg.cloudfront.net/docs/icons/green.png","Resonator","fzwrAym","Echoes of the New World","Automatic
When this card enters your field or whenever it attacks ⇒ Destroy target resonator your opponent controls with ATK less than or equal to this card's ATK. If you do, put two [+100/+100] counters on this card.","""Shion, I'm going to set you free...and then we're going home.""","Echoes of the New World","1000 / 1000","Beast"
"http://www.fowtcg.com/card/2686","Pricia, Ready for the Final Battle","http://d12h0em1d7ppg.cloudfront.net/items/26/2686/image_en/937e3253-ed9e-4b6b-a46f-3c198b794d10.jpg","ENW-060","R","http://d12h0em1d7ppg.cloudfront.net/docs/icons/cost/03.png","Resonator","fzwrAym","Echoes of the New World","Automatic
When this card enters your field or whenever it attacks ⇒ Destroy target resonator your opponent controls with ATK less than or equal to this card's ATK. If you do, put two [+100/+100] counters on this card.","""Shion, I'm going to set you free...and then we're going home.""","Echoes of the New World","1000 / 1000","Beast"
"http://www.fowtcg.com/card/2687","Resistance Forces of Amonsulle","http://d12h0em1d7ppg.cloudfront.net/items/26/2687/image_en/c3b80a32-70ea-4fb0-8000-18fe68f87708.jpg","ENW-061","C","http://d12h0em1d7ppg.cloudfront.net/docs/icons/green.png","Resonator","ComamitsuZaki","Echoes of the New World","Continuous
Elves you control gain [Barrier][b].","The elves of the secluded village scrambled together to fight Yggdrasil.","Echoes of the New World","700 / 700","Elf"
"http://www.fowtcg.com/card/2687","Resistance Forces of Amonsulle","http://d12h0em1d7ppg.cloudfront.net/items/26/2687/image_en/c3b80a32-70ea-4fb0-8000-18fe68f87708.jpg","ENW-061","C","http://d12h0em1d7ppg.cloudfront.net/docs/icons/cost/02.png","Resonator","ComamitsuZaki","Echoes of the New World","Continuous
Elves you control gain [Barrier][b].","The elves of the secluded village scrambled together to fight Yggdrasil.","Echoes of the New World","700 / 700","Elf"
"http://www.fowtcg.com/card/2688","Scheherazade, Speaker of Yet Unknown Truths","http://d12h0em1d7ppg.cloudfront.net/items/26/2688/image_en/d0908374-bcb8-47bf-bb6b-30aa26156dc9.jpg","ENW-062","SR","http://d12h0em1d7ppg.cloudfront.net/docs/icons/green.png","Resonator","noki","Echoes of the New World","Automatic
When this card enters your field ⇒ As long as this card is in a field, target resonator cannot attack or block, and its controller cannot play its activate abilities.","""There is nothing written in my story of this future. Which means...""","Echoes of the New World","800 / 800","Wanderer"
"http://www.fowtcg.com/card/2688","Scheherazade, Speaker of Yet Unknown Truths","http://d12h0em1d7ppg.cloudfront.net/items/26/2688/image_en/d0908374-bcb8-47bf-bb6b-30aa26156dc9.jpg","ENW-062","SR","http://d12h0em1d7ppg.cloudfront.net/docs/icons/green.png","Resonator","noki","Echoes of the New World","Automatic
When this card enters your field ⇒ As long as this card is in a field, target resonator cannot attack or block, and its controller cannot play its activate abilities.","""There is nothing written in my story of this future. Which means...""","Echoes of the New World","800 / 800","Wanderer"
"http://www.fowtcg.com/card/2688","Scheherazade, Speaker of Yet Unknown Truths","http://d12h0em1d7ppg.cloudfront.net/items/26/2688/image_en/d0908374-bcb8-47bf-bb6b-30aa26156dc9.jpg","ENW-062","SR","http://d12h0em1d7ppg.cloudfront.net/docs/icons/green.png","Resonator","noki","Echoes of the New World","Automatic
When this card enters your field ⇒ As long as this card is in a field, target resonator cannot attack or block, and its controller cannot play its activate abilities.","""There is nothing written in my story of this future. Which means...""","Echoes of the New World","800 / 800","Wanderer"
"http://www.fowtcg.com/card/2689","Severing Winds","http://d12h0em1d7ppg.cloudfront.net/items/26/2689/image_en/b278e46f-6a59-4076-8414-ff640e1e9c0c.jpg","ENW-063","SR","http://d12h0em1d7ppg.cloudfront.net/docs/icons/green.png","Chant","Kelvin","Echoes of the New World","","Carrying no sound, leaving only silence.","Echoes of the New World","",""
"http://www.fowtcg.com/card/2689","Severing Winds","http://d12h0em1d7ppg.cloudfront.net/items/26/2689/image_en/b278e46f-6a59-4076-8414-ff640e1e9c0c.jpg","ENW-063","SR","http://d12h0em1d7ppg.cloudfront.net/docs/icons/green.png","Chant","Kelvin","Echoes of the New World","","Carrying no sound, leaving only silence.","Echoes of the New World","",""
"http://www.fowtcg.com/card/2689","Severing Winds","http://d12h0em1d7ppg.cloudfront.net/items/26/2689/image_en/b278e46f-6a59-4076-8414-ff640e1e9c0c.jpg","ENW-063","SR","http://d12h0em1d7ppg.cloudfront.net/docs/icons/cost/02.png","Chant","Kelvin","Echoes of the New World","","Carrying no sound, leaving only silence.","Echoes of the New World","",""
"http://www.fowtcg.com/card/2690","Soul Debt","http://d12h0em1d7ppg.cloudfront.net/items/26/2690/image_en/644645cf-e68f-4eae-8208-26835c700012.jpg","ENW-064","U","http://d12h0em1d7ppg.cloudfront.net/docs/icons/green.png","Chant","Nekobayashi","Echoes of the New World","","""Lars..."" ""Faria, that's enough. We don't need to protect her any more. Let us rest now."" ""Okay."" -Lars and Faria","Echoes of the New World","",""
"http://www.fowtcg.com/card/2690","Soul Debt","http://d12h0em1d7ppg.cloudfront.net/items/26/2690/image_en/644645cf-e68f-4eae-8208-26835c700012.jpg","ENW-064","U","http://d12h0em1d7ppg.cloudfront.net/docs/icons/cost/01.png","Chant","Nekobayashi","Echoes of the New World","","""Lars..."" ""Faria, that's enough. We don't need to protect her any more. Let us rest now."" ""Okay."" -Lars and Faria","Echoes of the New World","",""
"http://www.fowtcg.com/card/2691","Sun Wukong, Enforcer for the Future","http://d12h0em1d7ppg.cloudfront.net/items/26/2691/image_en/641d5891-7bfa-4fb4-9bb1-2669dab7bd58.jpg","ENW-065","U","http://d12h0em1d7ppg.cloudfront.net/docs/icons/green.png","Resonator","kakotomirai","Echoes of the New World","Automatic
When this card enters your field ⇒ Return target non-magic stone, non-J/resonator card to its owner's hand.
When this card enters your field ⇒ You may return target non-magic stone, non-J/resonator card to its owner's hand.","""Alright, we can't sit around anymore, we gotta stop this. Where's the boss and the kids?""","Echoes of the New World","600 / 500","Wanderer"
"http://www.fowtcg.com/card/2691","Sun Wukong, Enforcer for the Future","http://d12h0em1d7ppg.cloudfront.net/items/26/2691/image_en/641d5891-7bfa-4fb4-9bb1-2669dab7bd58.jpg","ENW-065","U","http://d12h0em1d7ppg.cloudfront.net/docs/icons/green.png","Resonator","kakotomirai","Echoes of the New World","Automatic
When this card enters your field ⇒ Return target non-magic stone, non-J/resonator card to its owner's hand.
When this card enters your field ⇒ You may return target non-magic stone, non-J/resonator card to its owner's hand.","""Alright, we can't sit around anymore, we gotta stop this. Where's the boss and the kids?""","Echoes of the New World","600 / 500","Wanderer"
"http://www.fowtcg.com/card/2692","Words of Scheherazade","http://d12h0em1d7ppg.cloudfront.net/items/26/2692/image_en/e6653095-9575-4091-863b-bb13c4ecacad.jpg","ENW-066","C","http://d12h0em1d7ppg.cloudfront.net/docs/icons/green.png","Chant","MATSUMOTO EIGHT","Echoes of the New World","","The words of wanderers can be heard by others like them from any distance.","Echoes of the New World","",""
"http://www.fowtcg.com/card/2693","Yggdor, Beast of Disaster","http://d12h0em1d7ppg.cloudfront.net/items/26/2693/image_en/08eb4f22-1cf7-4427-a4d7-01e7dfeee0c2.jpg","ENW-067","R","http://d12h0em1d7ppg.cloudfront.net/docs/icons/green.png","Resonator","kakotomirai","Echoes of the New World","Continuous
You may pay [3] less to play this card from your removed area.","As another world shrieked in pain, Yggdor arose again.","Echoes of the New World","900 / 900","Magical Beast"
"http://www.fowtcg.com/card/2693","Yggdor, Beast of Disaster","http://d12h0em1d7ppg.cloudfront.net/items/26/2693/image_en/08eb4f22-1cf7-4427-a4d7-01e7dfeee0c2.jpg","ENW-067","R","http://d12h0em1d7ppg.cloudfront.net/docs/icons/cost/04.png","Resonator","kakotomirai","Echoes of the New World","Continuous
You may pay [3] less to play this card from your removed area.","As another world shrieked in pain, Yggdor arose again.","Echoes of the New World","900 / 900","Magical Beast"
"http://www.fowtcg.com/card/2694","Yggdrasil, Malefic Verdant Tree","http://d12h0em1d7ppg.cloudfront.net/items/26/2694/image_en/f7ec9279-2b32-4f57-9cda-407b58db63c7.jpg","ENW-068","R","","Ruler","Kusanagi Tyouen","Echoes of the New World","Activate
[g][b],[rest]: Put a card named ""Machina, King of Accursed Machines"", ""Rezzard, King of the Damned"", ""Melgis, King of Black Flame"", or ""Arla, Demonic Flying Ace"" from your removed area into your field.","""Let all be consumed by your greatness, Yggdrasil!"" -Gill Lapis, Usurper of Maddening Power","Echoes of the New World","","Ethereal Tree"
"http://www.fowtcg.com/card/2695","Abdul Alhazred, Sinister Vizier","http://d12h0em1d7ppg.cloudfront.net/items/26/2695/image_en/914bf7ca-a1cd-4811-8fe4-cb89c5bf7316.jpg","ENW-069","R","http://d12h0em1d7ppg.cloudfront.net/docs/icons/dark.png","Resonator","gozz","Echoes of the New World","","""The cthulhu are deathless, ageless. They will inherit this world!""","Echoes of the New World","700 / 800","Human"
"http://www.fowtcg.com/card/2695","Abdul Alhazred, Sinister Vizier","http://d12h0em1d7ppg.cloudfront.net/items/26/2695/image_en/914bf7ca-a1cd-4811-8fe4-cb89c5bf7316.jpg","ENW-069","R","http://d12h0em1d7ppg.cloudfront.net/docs/icons/dark.png","Resonator","gozz","Echoes of the New World","","""The cthulhu are deathless, ageless. They will inherit this world!""","Echoes of the New World","700 / 800","Human"
"http://www.fowtcg.com/card/2695","Abdul Alhazred, Sinister Vizier","http://d12h0em1d7ppg.cloudfront.net/items/26/2695/image_en/914bf7ca-a1cd-4811-8fe4-cb89c5bf7316.jpg","ENW-069","R","http://d12h0em1d7ppg.cloudfront.net/docs/icons/cost/01.png","Resonator","gozz","Echoes of the New World","","""The cthulhu are deathless, ageless. They will inherit this world!""","Echoes of the New World","700 / 800","Human"
"http://www.fowtcg.com/card/2696","Ambition of Lapis","http://d12h0em1d7ppg.cloudfront.net/items/26/2696/image_en/1cef7ae2-d17d-43f6-975b-25c9aaaff25a.jpg","ENW-070","C","http://d12h0em1d7ppg.cloudfront.net/docs/icons/dark.png","Chant","M ganzy","Echoes of the New World","","Combined with Attoractia, Lapis' power grew even stronger, and so did his desire.","Echoes of the New World","",""
"http://www.fowtcg.com/card/2696","Ambition of Lapis","http://d12h0em1d7ppg.cloudfront.net/items/26/2696/image_en/1cef7ae2-d17d-43f6-975b-25c9aaaff25a.jpg","ENW-070","C","http://d12h0em1d7ppg.cloudfront.net/docs/icons/dark.png","Chant","M ganzy","Echoes of the New World","","Combined with Attoractia, Lapis' power grew even stronger, and so did his desire.","Echoes of the New World","",""
"http://www.fowtcg.com/card/2696","Ambition of Lapis","http://d12h0em1d7ppg.cloudfront.net/items/26/2696/image_en/1cef7ae2-d17d-43f6-975b-25c9aaaff25a.jpg","ENW-070","C","http://d12h0em1d7ppg.cloudfront.net/docs/icons/cost/01.png","Chant","M ganzy","Echoes of the New World","","Combined with Attoractia, Lapis' power grew even stronger, and so did his desire.","Echoes of the New World","",""
"http://www.fowtcg.com/card/2697","Book of Dark","http://d12h0em1d7ppg.cloudfront.net/items/26/2697/image_en/7ec5699c-1d5e-448c-a15d-b03836f6a847.jpg","ENW-071","R","","Ruler","tokiwa","Echoes of the New World","Continuous
You may pay the attribute cost of cards with [Will of Despair] with will of any attribute.","A story of despair. It seems to have the results of this battle recorded in it.","Echoes of the New World","","Fairy Tale"
"http://www.fowtcg.com/card/2698","Lapistory, Subjugation Fairy Tale","http://d12h0em1d7ppg.cloudfront.net/items/26/2698/image_en/e3ecaafe-8f16-41fc-b058-b95c0d547308.jpg","ENW-071J","JR","","J-ruler","Kamijo Roro","Echoes of the New World","Automatic
When a resonator put in a field by this card leaves a field for a non-field zone ⇒ Put this card into your ruler area, as a ruler.","Each page contains stories of world destroying villains.","Echoes of the New World","","Fairy Tale"
"http://www.fowtcg.com/card/2699","Corrupted One-Inch Boy","http://d12h0em1d7ppg.cloudfront.net/items/26/2699/image_en/101d50ce-fb45-469a-8bc9-ff96b5d4a1b4.jpg","ENW-072","C","http://d12h0em1d7ppg.cloudfront.net/docs/icons/dark.png","Resonator","KEIICHIRO ITO","Echoes of the New World","Automatic
When this card isn't blocked while attacking your opponent ⇒ Target opponent loses 1000 life.","Just give it a moment, you'll feel it soon enough.","Echoes of the New World","0 / 400","Fairy Tale"
"http://www.fowtcg.com/card/2699","Corrupted One-Inch Boy","http://d12h0em1d7ppg.cloudfront.net/items/26/2699/image_en/101d50ce-fb45-469a-8bc9-ff96b5d4a1b4.jpg","ENW-072","C","http://d12h0em1d7ppg.cloudfront.net/docs/icons/cost/01.png","Resonator","KEIICHIRO ITO","Echoes of the New World","Automatic
When this card isn't blocked while attacking your opponent ⇒ Target opponent loses 1000 life.","Just give it a moment, you'll feel it soon enough.","Echoes of the New World","0 / 400","Fairy Tale"
"http://www.fowtcg.com/card/2700","Dark Alice, Manifestation of Rage","http://d12h0em1d7ppg.cloudfront.net/items/27/2700/image_en/d6cb2483-a1f9-4010-80cf-f313e8d8329f.jpg","ENW-073","SR","http://d12h0em1d7ppg.cloudfront.net/docs/icons/dark.png","Resonator","Matsurika Yoko","Echoes of the New World","Continuous
Release the [Seal] abilities of darkness cards and spells you control.","""No more waiting. I'm finally going to do what I want. Let's go, Schrödinger, massacre mode!"" ""Meow~"" -Dark Alice and Schrödinger","Echoes of the New World","500 / 500","Wanderer"
"http://www.fowtcg.com/card/2700","Dark Alice, Manifestation of Rage","http://d12h0em1d7ppg.cloudfront.net/items/27/2700/image_en/d6cb2483-a1f9-4010-80cf-f313e8d8329f.jpg","ENW-073","SR","http://d12h0em1d7ppg.cloudfront.net/docs/icons/dark.png","Resonator","Matsurika Yoko","Echoes of the New World","Continuous
Release the [Seal] abilities of darkness cards and spells you control.","""No more waiting. I'm finally going to do what I want. Let's go, Schrödinger, massacre mode!"" ""Meow~"" -Dark Alice and Schrödinger","Echoes of the New World","500 / 500","Wanderer"
"http://www.fowtcg.com/card/2701","Demonic Dead","http://d12h0em1d7ppg.cloudfront.net/items/27/2701/image_en/4298d21d-a7be-462f-815f-31f1f18f4690.jpg","ENW-074","C","http://d12h0em1d7ppg.cloudfront.net/docs/icons/dark.png","Resonator","JURI","Echoes of the New World","Activate
Pay 500 life: Put this card from your graveyard into your field rested.","Corpses animated by dark will.","Echoes of the New World","300 / 300","Zombie"
"http://www.fowtcg.com/card/2701","Demonic Dead","http://d12h0em1d7ppg.cloudfront.net/items/27/2701/image_en/4298d21d-a7be-462f-815f-31f1f18f4690.jpg","ENW-074","C","http://d12h0em1d7ppg.cloudfront.net/docs/icons/cost/01.png","Resonator","JURI","Echoes of the New World","Activate
Pay 500 life: Put this card from your graveyard into your field rested.","Corpses animated by dark will.","Echoes of the New World","300 / 300","Zombie"
"http://www.fowtcg.com/card/2702","Heteroclite Excalibur","http://d12h0em1d7ppg.cloudfront.net/items/27/2702/image_en/6f489895-871a-4169-8d3c-2b72ae453dab.jpg","ENW-075","SR","http://d12h0em1d7ppg.cloudfront.net/docs/icons/dark.png","Chant","Nem","Echoes of the New World","","A divine blade that gathers darkness.","Echoes of the New World","",""
"http://www.fowtcg.com/card/2703","Mikage Seijuro, Patriarch of the Vampires","http://d12h0em1d7ppg.cloudfront.net/items/27/2703/image_en/475fafab-e444-4f41-bc34-acdeaf1bd3a7.jpg","ENW-076","R","http://d12h0em1d7ppg.cloudfront.net/docs/icons/dark.png","Resonator","YAMAMOTO-NAOKI","Echoes of the New World","Automatic
Whenever a resonator is put into a graveyard from your opponent's field ⇒ Put a [+100/+100] counter on this card.","""Now then, I believe we had a score to settle.""","Echoes of the New World","800 / 800","Vampire"
"http://www.fowtcg.com/card/2703","Mikage Seijuro, Patriarch of the Vampires","http://d12h0em1d7ppg.cloudfront.net/items/27/2703/image_en/475fafab-e444-4f41-bc34-acdeaf1bd3a7.jpg","ENW-076","R","http://d12h0em1d7ppg.cloudfront.net/docs/icons/dark.png","Resonator","YAMAMOTO-NAOKI","Echoes of the New World","Automatic
Whenever a resonator is put into a graveyard from your opponent's field ⇒ Put a [+100/+100] counter on this card.","""Now then, I believe we had a score to settle.""","Echoes of the New World","800 / 800","Vampire"
"http://www.fowtcg.com/card/2703","Mikage Seijuro, Patriarch of the Vampires","http://d12h0em1d7ppg.cloudfront.net/items/27/2703/image_en/475fafab-e444-4f41-bc34-acdeaf1bd3a7.jpg","ENW-076","R","http://d12h0em1d7ppg.cloudfront.net/docs/icons/cost/01.png","Resonator","YAMAMOTO-NAOKI","Echoes of the New World","Automatic
Whenever a resonator is put into a graveyard from your opponent's field ⇒ Put a [+100/+100] counter on this card.","""Now then, I believe we had a score to settle.""","Echoes of the New World","800 / 800","Vampire"
"http://www.fowtcg.com/card/2704","Neo Barrier of Shadows","http://d12h0em1d7ppg.cloudfront.net/items/27/2704/image_en/02055e32-27c3-4156-ba9d-799dd740e076.jpg","ENW-077","U","http://d12h0em1d7ppg.cloudfront.net/docs/icons/dark.png","Addition","Matsurika Yoko","Echoes of the New World","Continuous
Your opponent pays [1] more to play activate abilities of resonators they control.","""I'm so sick of these pests! Lock them up, Schrödinger!"" ""Meow~"" -Dark Alice and Schrödinger","Echoes of the New World","",""
"http://www.fowtcg.com/card/2704","Neo Barrier of Shadows","http://d12h0em1d7ppg.cloudfront.net/items/27/2704/image_en/02055e32-27c3-4156-ba9d-799dd740e076.jpg","ENW-077","U","http://d12h0em1d7ppg.cloudfront.net/docs/icons/cost/01.png","Addition","Matsurika Yoko","Echoes of the New World","Continuous
Your opponent pays [1] more to play activate abilities of resonators they control.","""I'm so sick of these pests! Lock them up, Schrödinger!"" ""Meow~"" -Dark Alice and Schrödinger","Echoes of the New World","",""
"http://www.fowtcg.com/card/2705","Nightfall Bloodsucker","http://d12h0em1d7ppg.cloudfront.net/items/27/2705/image_en/e8322f50-fbbc-4ed7-bdff-1e53f5ccb3b2.jpg","ENW-078","C","http://d12h0em1d7ppg.cloudfront.net/docs/icons/dark.png","Resonator","Tsukumi","Echoes of the New World","Activate
Banish this card: Put two [+100/+100] counters on target J/resonator.","The chaos of the night is a clarion call for vampires.","Echoes of the New World","400 / 300","Vampire"
"http://www.fowtcg.com/card/2706","Reshuberos, the Devilish Brute","http://d12h0em1d7ppg.cloudfront.net/items/27/2706/image_en/8ef50e3e-c770-470e-9198-3b6c639d2142.jpg","ENW-079","U","http://d12h0em1d7ppg.cloudfront.net/docs/icons/dark.png","Resonator","Shosuke","Echoes of the New World","Activate
Pay 200 life: This card gains [+100/+100] until end of turn. Play this ability up to three times per turn.","The creature is small, sure. But there's no guarantee it won't kill you.","Echoes of the New World","300 / 300","Beast"
"http://www.fowtcg.com/card/2707","Rezzard, King of the Damned","http://d12h0em1d7ppg.cloudfront.net/items/27/2707/image_en/b332eab5-6b54-485a-8360-2d084457c0db.jpg","ENW-080","R","http://d12h0em1d7ppg.cloudfront.net/docs/icons/dark.png","Resonator","touge369","Echoes of the New World","Continuous
This card gains [+100/+100] for each resonator in your removed area.","It seems even his interest with the dead is gone.","Echoes of the New World","500 / 500","Seven Kings"
"http://www.fowtcg.com/card/2707","Rezzard, King of the Damned","http://d12h0em1d7ppg.cloudfront.net/items/27/2707/image_en/b332eab5-6b54-485a-8360-2d084457c0db.jpg","ENW-080","R","http://d12h0em1d7ppg.cloudfront.net/docs/icons/dark.png","Resonator","touge369","Echoes of the New World","Continuous
This card gains [+100/+100] for each resonator in your removed area.","It seems even his interest with the dead is gone.","Echoes of the New World","500 / 500","Seven Kings"
"http://www.fowtcg.com/card/2708","Schrodinger's Box","http://d12h0em1d7ppg.cloudfront.net/items/27/2708/image_en/a094fe66-be4d-49ac-b998-ce9e9f599dfd.jpg","ENW-081","C","http://d12h0em1d7ppg.cloudfront.net/docs/icons/dark.png","Addition","Takamura Haluki","Echoes of the New World","Automatic
At end of turn, if bestowed resonator attacked this turn ⇒ Destroy it.","Alive or dead? Both? Neither? Go ahead, open it and find out.","Echoes of the New World","",""
"http://www.fowtcg.com/card/2709","Shadow Stalker","http://d12h0em1d7ppg.cloudfront.net/items/27/2709/image_en/6840df28-c9e6-4c05-b7ee-f370aadc6492.jpg","ENW-082","C","http://d12h0em1d7ppg.cloudfront.net/docs/icons/dark.png","Resonator","Nanami Lusia","Echoes of the New World","","Dark Alice's shadow stretched, growing and moving in unnatural ways.","Echoes of the New World","800 / 800","Shadow"
"http://www.fowtcg.com/card/2709","Shadow Stalker","http://d12h0em1d7ppg.cloudfront.net/items/27/2709/image_en/6840df28-c9e6-4c05-b7ee-f370aadc6492.jpg","ENW-082","C","http://d12h0em1d7ppg.cloudfront.net/docs/icons/cost/02.png","Resonator","Nanami Lusia","Echoes of the New World","","Dark Alice's shadow stretched, growing and moving in unnatural ways.","Echoes of the New World","800 / 800","Shadow"
"http://www.fowtcg.com/card/2710","Tell a Dark Fairy Tale","http://d12h0em1d7ppg.cloudfront.net/items/27/2710/image_en/153454b1-2fb3-41f1-8475-37a897201d02.jpg","ENW-083","C","http://d12h0em1d7ppg.cloudfront.net/docs/icons/dark.png","Chant","tokiwa","Echoes of the New World","","And they all lived unhappily ever after.","Echoes of the New World","",""
"http://www.fowtcg.com/card/2711","The Final Battle","http://d12h0em1d7ppg.cloudfront.net/items/27/2711/image_en/c6a7a7cc-165a-450f-8e0d-e82e0ffe3e99.jpg","ENW-084","U","http://d12h0em1d7ppg.cloudfront.net/docs/icons/dark.png","Chant","BANAMONS*","Echoes of the New World","","""Time to drop the final curtain."" -Gill Lapis, Usurper of Maddening Power","Echoes of the New World","",""
"http://www.fowtcg.com/card/2711","The Final Battle","http://d12h0em1d7ppg.cloudfront.net/items/27/2711/image_en/c6a7a7cc-165a-450f-8e0d-e82e0ffe3e99.jpg","ENW-084","U","http://d12h0em1d7ppg.cloudfront.net/docs/icons/cost/X.png","Chant","BANAMONS*","Echoes of the New World","","""Time to drop the final curtain."" -Gill Lapis, Usurper of Maddening Power","Echoes of the New World","",""
"http://www.fowtcg.com/card/2712","The Mikage Sisters","http://d12h0em1d7ppg.cloudfront.net/items/27/2712/image_en/e6da1b5b-ce39-4222-b2b4-d46de233b5c2.jpg","ENW-085","U","http://d12h0em1d7ppg.cloudfront.net/docs/icons/dark.png","Resonator","SIE NANAHARA","Echoes of the New World","Activate
[rest]: Move a [+100/+100] counter from target resonator to this card.","Each of the sisters feeds in different ways.","Echoes of the New World","500 / 500","Vampire"
"http://www.fowtcg.com/card/2712","The Mikage Sisters","http://d12h0em1d7ppg.cloudfront.net/items/27/2712/image_en/e6da1b5b-ce39-4222-b2b4-d46de233b5c2.jpg","ENW-085","U","http://d12h0em1d7ppg.cloudfront.net/docs/icons/cost/01.png","Resonator","SIE NANAHARA","Echoes of the New World","Activate
[rest]: Move a [+100/+100] counter from target resonator to this card.","Each of the sisters feeds in different ways.","Echoes of the New World","500 / 500","Vampire"
"http://www.fowtcg.com/card/2713","Dawn of the Earth","http://d12h0em1d7ppg.cloudfront.net/items/27/2713/image_en/acd99df1-a764-455c-8984-89d36b101c2e.jpg","ENW-086","SR","http://d12h0em1d7ppg.cloudfront.net/docs/icons/white.png","Chant","Mad","Echoes of the New World","","With a burst of light the regalia disappeared into the sky, and a brilliant blue planet was born in its place.","Echoes of the New World","",""
"http://www.fowtcg.com/card/2713","Dawn of the Earth","http://d12h0em1d7ppg.cloudfront.net/items/27/2713/image_en/acd99df1-a764-455c-8984-89d36b101c2e.jpg","ENW-086","SR","http://d12h0em1d7ppg.cloudfront.net/docs/icons/blue.png","Chant","Mad","Echoes of the New World","","With a burst of light the regalia disappeared into the sky, and a brilliant blue planet was born in its place.","Echoes of the New World","",""
"http://www.fowtcg.com/card/2714","Gill Lapis, Usurper of Maddening Power","http://d12h0em1d7ppg.cloudfront.net/items/27/2714/image_en/73b90508-ae8e-4462-a13f-5c671dce608a.jpg","ENW-087","SR","http://d12h0em1d7ppg.cloudfront.net/docs/icons/white.png","Resonator","Nem","Echoes of the New World","Continuous
This card gains [+100/+100] for each other resonator with [Will of Despair] you control.","""Come, Excalibur.""","Echoes of the New World","600 / 700","Wanderer"
"http://www.fowtcg.com/card/2714","Gill Lapis, Usurper of Maddening Power","http://d12h0em1d7ppg.cloudfront.net/items/27/2714/image_en/73b90508-ae8e-4462-a13f-5c671dce608a.jpg","ENW-087","SR","http://d12h0em1d7ppg.cloudfront.net/docs/icons/dark.png","Resonator","Nem","Echoes of the New World","Continuous
This card gains [+100/+100] for each other resonator with [Will of Despair] you control.","""Come, Excalibur.""","Echoes of the New World","600 / 700","Wanderer"
"http://www.fowtcg.com/card/2714","Gill Lapis, Usurper of Maddening Power","http://d12h0em1d7ppg.cloudfront.net/items/27/2714/image_en/73b90508-ae8e-4462-a13f-5c671dce608a.jpg","ENW-087","SR","http://d12h0em1d7ppg.cloudfront.net/docs/icons/cost/01.png","Resonator","Nem","Echoes of the New World","Continuous
This card gains [+100/+100] for each other resonator with [Will of Despair] you control.","""Come, Excalibur.""","Echoes of the New World","600 / 700","Wanderer"
"http://www.fowtcg.com/card/2715","Kaguya, Love of the Moon","http://d12h0em1d7ppg.cloudfront.net/items/27/2715/image_en/3e10f12c-2a10-43f6-8df7-eab7589a74b1.jpg","ENW-088","R","http://d12h0em1d7ppg.cloudfront.net/docs/icons/blue.png","Resonator","Fukuzo Katsura","Echoes of the New World","Continuous
This card cannot be attacked.","Sorrow turns to determination.","Echoes of the New World","600 / 600","Wanderer"
"http://www.fowtcg.com/card/2715","Kaguya, Love of the Moon","http://d12h0em1d7ppg.cloudfront.net/items/27/2715/image_en/3e10f12c-2a10-43f6-8df7-eab7589a74b1.jpg","ENW-088","R","http://d12h0em1d7ppg.cloudfront.net/docs/icons/green.png","Resonator","Fukuzo Katsura","Echoes of the New World","Continuous
This card cannot be attacked.","Sorrow turns to determination.","Echoes of the New World","600 / 600","Wanderer"
"http://www.fowtcg.com/card/2716","Lars, Swordsman of the Dusk","http://d12h0em1d7ppg.cloudfront.net/items/27/2716/image_en/00d4c483-9f20-4b0d-b47f-47966cd7283e.jpg","ENW-089","R","http://d12h0em1d7ppg.cloudfront.net/docs/icons/red.png","Resonator","Nekobayashi","Echoes of the New World","Activate
[0]: Switch the ATK and DEF of this card until end of turn.","The man hardly even resembled the champion he once was.","Echoes of the New World","600 / 200","Heroic Spirit"
"http://www.fowtcg.com/card/2716","Lars, Swordsman of the Dusk","http://d12h0em1d7ppg.cloudfront.net/items/27/2716/image_en/00d4c483-9f20-4b0d-b47f-47966cd7283e.jpg","ENW-089","R","http://d12h0em1d7ppg.cloudfront.net/docs/icons/blue.png","Resonator","Nekobayashi","Echoes of the New World","Activate
[0]: Switch the ATK and DEF of this card until end of turn.","The man hardly even resembled the champion he once was.","Echoes of the New World","600 / 200","Heroic Spirit"
"http://www.fowtcg.com/card/2717","Lilias Petal, Kitsune King","http://d12h0em1d7ppg.cloudfront.net/items/27/2717/image_en/482d565b-e1c7-493a-bf85-e1059b114900.jpg","ENW-090","R","http://d12h0em1d7ppg.cloudfront.net/docs/icons/green.png","Resonator","Kusanagi Tyouen","Echoes of the New World","Automatic
Whenever a Chimera enters your field ⇒ Put the top card of your magic stone deck into your field.","""Well then, is that agreeable, Grusbalesta?""","Echoes of the New World","800 / 800","Human"
"http://www.fowtcg.com/card/2717","Lilias Petal, Kitsune King","http://d12h0em1d7ppg.cloudfront.net/items/27/2717/image_en/482d565b-e1c7-493a-bf85-e1059b114900.jpg","ENW-090","R","http://d12h0em1d7ppg.cloudfront.net/docs/icons/dark.png","Resonator","Kusanagi Tyouen","Echoes of the New World","Automatic
Whenever a Chimera enters your field ⇒ Put the top card of your magic stone deck into your field.","""Well then, is that agreeable, Grusbalesta?""","Echoes of the New World","800 / 800","Human"
"http://www.fowtcg.com/card/2717","Lilias Petal, Kitsune King","http://d12h0em1d7ppg.cloudfront.net/items/27/2717/image_en/482d565b-e1c7-493a-bf85-e1059b114900.jpg","ENW-090","R","http://d12h0em1d7ppg.cloudfront.net/docs/icons/cost/02.png","Resonator","Kusanagi Tyouen","Echoes of the New World","Automatic
Whenever a Chimera enters your field ⇒ Put the top card of your magic stone deck into your field.","""Well then, is that agreeable, Grusbalesta?""","Echoes of the New World","800 / 800","Human"
"http://www.fowtcg.com/card/2718","Shining Demon, Mephistopheles","http://d12h0em1d7ppg.cloudfront.net/items/27/2718/image_en/fd6336d5-1da6-4dee-b304-abfa6e4ccd31.jpg","ENW-091","R","http://d12h0em1d7ppg.cloudfront.net/docs/icons/white.png","Resonator","MATSUMOTO EIGHT","Echoes of the New World","Activate
Rest two recovered resonators you control: Rest target J/resonator.","""Demons, Lumia? At least have a little dignity.""","Echoes of the New World","500 / 500","Demon"
"http://www.fowtcg.com/card/2718","Shining Demon, Mephistopheles","http://d12h0em1d7ppg.cloudfront.net/items/27/2718/image_en/fd6336d5-1da6-4dee-b304-abfa6e4ccd31.jpg","ENW-091","R","http://d12h0em1d7ppg.cloudfront.net/docs/icons/red.png","Resonator","MATSUMOTO EIGHT","Echoes of the New World","Activate
Rest two recovered resonators you control: Rest target J/resonator.","""Demons, Lumia? At least have a little dignity.""","Echoes of the New World","500 / 500","Demon"
"http://www.fowtcg.com/card/2719","Sylvia, Blade of the Supreme King","http://d12h0em1d7ppg.cloudfront.net/items/27/2719/image_en/b8ac7149-7ecf-44c7-940c-65eadc77c04a.jpg","ENW-092","R","http://d12h0em1d7ppg.cloudfront.net/docs/icons/red.png","Resonator","SIGMAN","Echoes of the New World","Automatic
Whenever this card attacks ⇒ Target J/resonator cannot block this turn.","""Welcome back. Are you ready to work for me again?"" -Gill Lapis, Usurper of Maddening Power","Echoes of the New World","600 / 600","Minion of Primogenitor"
"http://www.fowtcg.com/card/2719","Sylvia, Blade of the Supreme King","http://d12h0em1d7ppg.cloudfront.net/items/27/2719/image_en/b8ac7149-7ecf-44c7-940c-65eadc77c04a.jpg","ENW-092","R","http://d12h0em1d7ppg.cloudfront.net/docs/icons/green.png","Resonator","SIGMAN","Echoes of the New World","Automatic
Whenever this card attacks ⇒ Target J/resonator cannot block this turn.","""Welcome back. Are you ready to work for me again?"" -Gill Lapis, Usurper of Maddening Power","Echoes of the New World","600 / 600","Minion of Primogenitor"
"http://www.fowtcg.com/card/2720","Ultimate Swordsmaster, Faria","http://d12h0em1d7ppg.cloudfront.net/items/27/2720/image_en/e5ee32fc-7c72-40b3-925a-44b86d456431.jpg","ENW-093","R","http://d12h0em1d7ppg.cloudfront.net/docs/icons/white.png","Resonator","Nekobayashi","Echoes of the New World","Continuous
Prevent the first damage that would be dealt to you each turn.","""What have you done to my brother!""","Echoes of the New World","900 / 900","Human"
"http://www.fowtcg.com/card/2720","Ultimate Swordsmaster, Faria","http://d12h0em1d7ppg.cloudfront.net/items/27/2720/image_en/e5ee32fc-7c72-40b3-925a-44b86d456431.jpg","ENW-093","R","http://d12h0em1d7ppg.cloudfront.net/docs/icons/green.png","Resonator","Nekobayashi","Echoes of the New World","Continuous
Prevent the first damage that would be dealt to you each turn.","""What have you done to my brother!""","Echoes of the New World","900 / 900","Human"
"http://www.fowtcg.com/card/2720","Ultimate Swordsmaster, Faria","http://d12h0em1d7ppg.cloudfront.net/items/27/2720/image_en/e5ee32fc-7c72-40b3-925a-44b86d456431.jpg","ENW-093","R","http://d12h0em1d7ppg.cloudfront.net/docs/icons/cost/02.png","Resonator","Nekobayashi","Echoes of the New World","Continuous
Prevent the first damage that would be dealt to you each turn.","""What have you done to my brother!""","Echoes of the New World","900 / 900","Human"
"http://www.fowtcg.com/card/2721","Valentina, the Crumbling Illusion","http://d12h0em1d7ppg.cloudfront.net/items/27/2721/image_en/88444cc7-09d2-411e-a0e9-629c9b09005d.jpg","ENW-094","R","http://d12h0em1d7ppg.cloudfront.net/docs/icons/blue.png","Resonator","j-peg","Echoes of the New World","Automatic
At the beginning of your turn ⇒ Put a resonator from your graveyard into your field.","Her true desires fell to pieces, all that remained was greed.","Echoes of the New World","800 / 900","Wanderer"
"http://www.fowtcg.com/card/2721","Valentina, the Crumbling Illusion","http://d12h0em1d7ppg.cloudfront.net/items/27/2721/image_en/88444cc7-09d2-411e-a0e9-629c9b09005d.jpg","ENW-094","R","http://d12h0em1d7ppg.cloudfront.net/docs/icons/dark.png","Resonator","j-peg","Echoes of the New World","Automatic
At the beginning of your turn ⇒ Put a resonator from your graveyard into your field.","Her true desires fell to pieces, all that remained was greed.","Echoes of the New World","800 / 900","Wanderer"
"http://www.fowtcg.com/card/2721","Valentina, the Crumbling Illusion","http://d12h0em1d7ppg.cloudfront.net/items/27/2721/image_en/88444cc7-09d2-411e-a0e9-629c9b09005d.jpg","ENW-094","R","http://d12h0em1d7ppg.cloudfront.net/docs/icons/cost/05.png","Resonator","j-peg","Echoes of the New World","Automatic
At the beginning of your turn ⇒ Put a resonator from your graveyard into your field.","Her true desires fell to pieces, all that remained was greed.","Echoes of the New World","800 / 900","Wanderer"
"http://www.fowtcg.com/card/2722","Viola, Vengeful Ebon Dragon","http://d12h0em1d7ppg.cloudfront.net/items/27/2722/image_en/cb6fdaa9-7615-4302-a89e-fbe9f7d03fd4.jpg","ENW-095","R","http://d12h0em1d7ppg.cloudfront.net/docs/icons/red.png","Resonator","Yukie TAJIMA","Echoes of the New World","Automatic
Whenever this card attacks ⇒ Destroy another resonator chosen at random.","With Alhama'at gone, Viola had given up on everything and surrendered her mind to madness.","Echoes of the New World","800 / 800","Dragon"
"http://www.fowtcg.com/card/2722","Viola, Vengeful Ebon Dragon","http://d12h0em1d7ppg.cloudfront.net/items/27/2722/image_en/cb6fdaa9-7615-4302-a89e-fbe9f7d03fd4.jpg","ENW-095","R","http://d12h0em1d7ppg.cloudfront.net/docs/icons/dark.png","Resonator","Yukie TAJIMA","Echoes of the New World","Automatic
Whenever this card attacks ⇒ Destroy another resonator chosen at random.","With Alhama'at gone, Viola had given up on everything and surrendered her mind to madness.","Echoes of the New World","800 / 800","Dragon"
"http://www.fowtcg.com/card/2722","Viola, Vengeful Ebon Dragon","http://d12h0em1d7ppg.cloudfront.net/items/27/2722/image_en/cb6fdaa9-7615-4302-a89e-fbe9f7d03fd4.jpg","ENW-095","R","http://d12h0em1d7ppg.cloudfront.net/docs/icons/cost/02.png","Resonator","Yukie TAJIMA","Echoes of the New World","Automatic
Whenever this card attacks ⇒ Destroy another resonator chosen at random.","With Alhama'at gone, Viola had given up on everything and surrendered her mind to madness.","Echoes of the New World","800 / 800","Dragon"
"http://www.fowtcg.com/card/2723","Machina, King of Accursed Machines","http://d12h0em1d7ppg.cloudfront.net/items/27/2723/image_en/09d930d7-1cd9-49b9-82b3-8a4614ee335d.jpg","ENW-096","R","http://d12h0em1d7ppg.cloudfront.net/docs/icons/cost/03.png","Resonator","Rumie","Echoes of the New World","Continuous
Cards named ""Mariabella, the True Shot"" you control cannot be destroyed.","A gaping hole was where his heart should have been.","Echoes of the New World","700 / 800","Seven Kings"
"http://www.fowtcg.com/card/2724","Mariabella, the True Shot","http://d12h0em1d7ppg.cloudfront.net/items/27/2724/image_en/31df358c-e68b-4413-8705-8e9a09fac362.jpg","ENW-097","R","http://d12h0em1d7ppg.cloudfront.net/docs/icons/cost/01.png","Resonator","Rumie","Echoes of the New World","Activate
[2], [rest], remove X [+100/+100] counters from this card: Search your deck for a resonator with total cost X or less with no attribute and put it into your field. Then shuffle your deck.","""Master Machina gave me life, I will give him freedom.""","Echoes of the New World","200 / 200","Heroic Spirit"
"http://www.fowtcg.com/card/2725","Regained Heart","http://d12h0em1d7ppg.cloudfront.net/items/27/2725/image_en/ed41b48d-18b1-491a-8a32-2c6e879abefb.jpg","ENW-098","R","http://d12h0em1d7ppg.cloudfront.net/docs/icons/cost/02.png","Chant","Rumie","Echoes of the New World","","""I never could've guessed you'd be the one rescuing me. Mariabella, this is my last request."" ""Yes!"" ""Stop the other kings."" -Machina and Mariabella","Echoes of the New World","",""
"http://www.fowtcg.com/card/2726","Star Fragment","http://d12h0em1d7ppg.cloudfront.net/items/27/2726/image_en/51f0a8c4-a87d-4fc3-b4a8-6a6b7e0c253e.jpg","ENW-099","R","","Special Magic Stone","SIGMAN","Echoes of the New World","Activate
[rest]: Produce [w], [r], [u], [g], or [b]. Spend this will only to play resonators with two or more attributes.","It appears to carry the memories of those long gone.","Echoes of the New World","",""
"http://www.fowtcg.com/card/2727","Time Altering Magic Stone","http://d12h0em1d7ppg.cloudfront.net/items/27/2727/image_en/32361fe2-b89f-4552-abd9-499e41e010d1.jpg","ENW-100","R","","Special Magic Stone","kawaryu","Echoes of the New World","Activate
[rest], banish this card: Shuffle up to three target non-magic stone cards from their graveyards into their owners' decks.","A magic stone capable of the greatest sin.","Echoes of the New World","",""
"http://www.fowtcg.com/card/2728","Darkness Magic Stone","http://d12h0em1d7ppg.cloudfront.net/items/27/2728/image_en/d9950c34-94c0-48c7-8ff7-164fa822a46f.jpg","ENW-101","C","","Basic Magic Stone","Miko Yamazaki","Echoes of the New World","Activate
[rest]: Produce [B].","","Echoes of the New World","",""
"http://www.fowtcg.com/card/2729","Fire Magic Stone","http://d12h0em1d7ppg.cloudfront.net/items/27/2729/image_en/6e987e39-caf1-4b68-abe2-9eaa879b2f2c.jpg","ENW-102","C","","Basic Magic Stone","Miko Yamazaki","Echoes of the New World","Activate
[rest]: Produce [R].","","Echoes of the New World","",""
"http://www.fowtcg.com/card/2730","Light Magic Stone","http://d12h0em1d7ppg.cloudfront.net/items/27/2730/image_en/32032db6-f379-4a9c-bbe4-135c647bab81.jpg","ENW-103","C","","Basic Magic Stone","kawaryu","Echoes of the New World","Activate
[rest]: Produce [W].","","Echoes of the New World","",""
"http://www.fowtcg.com/card/2731","Water Magic Stone","http://d12h0em1d7ppg.cloudfront.net/items/27/2731/image_en/acc0d3a4-6e0d-4a76-94ca-c052ea3fe751.jpg","ENW-104","C","","Basic Magic Stone","kurisu","Echoes of the New World","Activate
[rest]: Produce [U].","","Echoes of the New World","",""
"http://www.fowtcg.com/card/2732","Wind Magic Stone","http://d12h0em1d7ppg.cloudfront.net/items/27/2732/image_en/00000282-d387-424d-b697-03a8d4ba0a24.jpg","ENW-105","C","","Basic Magic Stone","Miko Yamazaki","Echoes of the New World","Activate
[rest]: Produce [G].","","Echoes of the New World","",""
"http://www.fowtcg.com/card/2733","Dragon (2.0)","http://d12h0em1d7ppg.cloudfront.net/items/27/2733/image_en/f8f6ef30-e3da-4003-93d4-06905a8752a0.jpg","009","T","","Resonator Token","Nejita","Echoes of the New World","","","Echoes of the New World","600 / 600","Dragon"
"http://www.fowtcg.com/card/2734","Dragon (2.0)","http://d12h0em1d7ppg.cloudfront.net/items/27/2734/image_en/233f25ee-569c-4379-890d-bc3d83580ad5.jpg","009*","T","","Resonator Token","Nanami Lusia","Echoes of the New World","","","Echoes of the New World","600 / 600","Dragon"
"http://www.fowtcg.com/card/2735","Wall","http://d12h0em1d7ppg.cloudfront.net/items/27/2735/image_en/4fd502af-e0c0-440f-b6b2-868486ee727e.jpg","010","T","","Resonator Token","Fushikaden K.K.","Echoes of the New World","","","Echoes of the New World","1000 / 1000","Wall"
"http://www.fowtcg.com/card/2736","Wall","http://d12h0em1d7ppg.cloudfront.net/items/27/2736/image_en/d2032888-091c-4eca-abd2-79df6906a187.jpg","010*","T","","Resonator Token","saumaro","Echoes of the New World","","","Echoes of the New World","1000 / 1000","Wall"
"http://www.fowtcg.com/card/2737","Shadow (2.0)","http://d12h0em1d7ppg.cloudfront.net/items/27/2737/image_en/77406b58-d8e9-4830-a101-48c72769054c.jpg","011","T","","Resonator Token","Doro","Echoes of the New World","","","Echoes of the New World","100 / 100","Shadow"
"http://www.fowtcg.com/card/2738","Shadow (2.0)","http://d12h0em1d7ppg.cloudfront.net/items/27/2738/image_en/20ffd8bd-c044-4a68-8c0f-d6a1c1f0433b.jpg","011*","T","","Resonator Token","Yoidoren","Echoes of the New World","","","Echoes of the New World","100 / 100","Shadow"