"card_url","card_name","card_image","card_number","card_cost_attribute","card_att_def","card_type","card_race","card_artist","card_expansion","card_text","card_flavor_text","card_all_sets","card_rarity"
"http://www.fowtcg.com/card/503","Arla, the Light Wing","http://d12h0em1d7ppg.cloudfront.net/items/50/503/image_en/1485233481.jpg","VIN003-001","http://d12h0em1d7ppg.cloudfront.net/docs/icons/white.png","800 / 800","Resonator","Angel","KONNO Takashi","Vingolf ""Ruler All Stars""","Activate
[W][W][W], [rest]: Destroy target J/resonator with [Flying].","""I'll protect the skies forever. Artemis, lend me your power!""","Vingolf ""Ruler All Stars""",""
"http://www.fowtcg.com/card/503","Arla, the Light Wing","http://d12h0em1d7ppg.cloudfront.net/items/50/503/image_en/1485233481.jpg","VIN003-001","http://d12h0em1d7ppg.cloudfront.net/docs/icons/white.png","800 / 800","Resonator","Angel","KONNO Takashi","Vingolf ""Ruler All Stars""","Activate
[W][W][W], [rest]: Destroy target J/resonator with [Flying].","""I'll protect the skies forever. Artemis, lend me your power!""","Vingolf ""Ruler All Stars""",""
"http://www.fowtcg.com/card/503","Arla, the Light Wing","http://d12h0em1d7ppg.cloudfront.net/items/50/503/image_en/1485233481.jpg","VIN003-001","http://d12h0em1d7ppg.cloudfront.net/docs/icons/cost/02.png","800 / 800","Resonator","Angel","KONNO Takashi","Vingolf ""Ruler All Stars""","Activate
[W][W][W], [rest]: Destroy target J/resonator with [Flying].","""I'll protect the skies forever. Artemis, lend me your power!""","Vingolf ""Ruler All Stars""",""
"http://www.fowtcg.com/card/504","Arthur, Paladin King of the Round Table","http://d12h0em1d7ppg.cloudfront.net/items/50/504/image_en/1485233482.jpg","VIN003-002","http://d12h0em1d7ppg.cloudfront.net/docs/icons/white.png","900 / 900","Resonator","Knight of the Round Table","Fumi Takamura","Vingolf ""Ruler All Stars""","Continuous
J/resonators you control of the chosen race gain [+200/+200].","""I shall create a new round table.""","Vingolf ""Ruler All Stars""",""
"http://www.fowtcg.com/card/504","Arthur, Paladin King of the Round Table","http://d12h0em1d7ppg.cloudfront.net/items/50/504/image_en/1485233482.jpg","VIN003-002","http://d12h0em1d7ppg.cloudfront.net/docs/icons/white.png","900 / 900","Resonator","Knight of the Round Table","Fumi Takamura","Vingolf ""Ruler All Stars""","Continuous
J/resonators you control of the chosen race gain [+200/+200].","""I shall create a new round table.""","Vingolf ""Ruler All Stars""",""
"http://www.fowtcg.com/card/504","Arthur, Paladin King of the Round Table","http://d12h0em1d7ppg.cloudfront.net/items/50/504/image_en/1485233482.jpg","VIN003-002","http://d12h0em1d7ppg.cloudfront.net/docs/icons/cost/02.png","900 / 900","Resonator","Knight of the Round Table","Fumi Takamura","Vingolf ""Ruler All Stars""","Continuous
J/resonators you control of the chosen race gain [+200/+200].","""I shall create a new round table.""","Vingolf ""Ruler All Stars""",""
"http://www.fowtcg.com/card/505","Dragon Knight Commander, Siegfried","http://d12h0em1d7ppg.cloudfront.net/items/50/505/image_en/1485233484.jpg","VIN003-003","http://d12h0em1d7ppg.cloudfront.net/docs/icons/white.png","700 / 700","Resonator","Dragon Knight","saumaro","Vingolf ""Ruler All Stars""","Continuous
This card gains [+600/+600] and [Flying] as long as you control a Dragon.","Dragons rule the sky. Siegfried rules the dragons.","Vingolf ""Ruler All Stars""",""
"http://www.fowtcg.com/card/505","Dragon Knight Commander, Siegfried","http://d12h0em1d7ppg.cloudfront.net/items/50/505/image_en/1485233484.jpg","VIN003-003","http://d12h0em1d7ppg.cloudfront.net/docs/icons/white.png","700 / 700","Resonator","Dragon Knight","saumaro","Vingolf ""Ruler All Stars""","Continuous
This card gains [+600/+600] and [Flying] as long as you control a Dragon.","Dragons rule the sky. Siegfried rules the dragons.","Vingolf ""Ruler All Stars""",""
"http://www.fowtcg.com/card/505","Dragon Knight Commander, Siegfried","http://d12h0em1d7ppg.cloudfront.net/items/50/505/image_en/1485233484.jpg","VIN003-003","http://d12h0em1d7ppg.cloudfront.net/docs/icons/cost/01.png","700 / 700","Resonator","Dragon Knight","saumaro","Vingolf ""Ruler All Stars""","Continuous
This card gains [+600/+600] and [Flying] as long as you control a Dragon.","Dragons rule the sky. Siegfried rules the dragons.","Vingolf ""Ruler All Stars""",""
"http://www.fowtcg.com/card/506","Faria, Paladin of the Dawn","http://d12h0em1d7ppg.cloudfront.net/items/50/506/image_en/1485233485.jpg","VIN003-004","http://d12h0em1d7ppg.cloudfront.net/docs/icons/white.png","600 / 600","Resonator","Paladin","Nekobayashi","Vingolf ""Ruler All Stars""","Activate
[W][W]: Cancel target spell or ability targeting this card.","""You want to take me on alone? Haha, this'll be interesting.""","Vingolf ""Ruler All Stars""",""
"http://www.fowtcg.com/card/506","Faria, Paladin of the Dawn","http://d12h0em1d7ppg.cloudfront.net/items/50/506/image_en/1485233485.jpg","VIN003-004","http://d12h0em1d7ppg.cloudfront.net/docs/icons/white.png","600 / 600","Resonator","Paladin","Nekobayashi","Vingolf ""Ruler All Stars""","Activate
[W][W]: Cancel target spell or ability targeting this card.","""You want to take me on alone? Haha, this'll be interesting.""","Vingolf ""Ruler All Stars""",""
"http://www.fowtcg.com/card/507","Gloria's Castle Town","http://d12h0em1d7ppg.cloudfront.net/items/50/507/image_en/1485233486.jpg","VIN003-005","http://d12h0em1d7ppg.cloudfront.net/docs/icons/white.png","","Addition: Field","Castle","FushikadKusanagi Tyouenen K.K.","Vingolf ""Ruler All Stars""","Automatic
Whenever you gain life ⇒ Target resonator gains [+300/+300] until end of turn.","Gloria lived a period of high prosperity under the guidance of the Sacred Queen.","Vingolf ""Ruler All Stars""",""
"http://www.fowtcg.com/card/507","Gloria's Castle Town","http://d12h0em1d7ppg.cloudfront.net/items/50/507/image_en/1485233486.jpg","VIN003-005","http://d12h0em1d7ppg.cloudfront.net/docs/icons/cost/01.png","","Addition: Field","Castle","FushikadKusanagi Tyouenen K.K.","Vingolf ""Ruler All Stars""","Automatic
Whenever you gain life ⇒ Target resonator gains [+300/+300] until end of turn.","Gloria lived a period of high prosperity under the guidance of the Sacred Queen.","Vingolf ""Ruler All Stars""",""
"http://www.fowtcg.com/card/508","Grimm, the Legendary King of Fairy Tales","http://d12h0em1d7ppg.cloudfront.net/items/50/508/image_en/1485233488.jpg","VIN003-006","http://d12h0em1d7ppg.cloudfront.net/docs/icons/white.png","800 / 800","Resonator","Human","Haruichi Kido","Vingolf ""Ruler All Stars""","Automatic
This card gains ""Whenever this card attacks or blocks ⇒ [Force]1. This card gains [+X00/+X00] until end of turn, where X is the result of the roll."" as long as your J/ruler is ""Millium, Prince of the Light Palace"" or ""Millium, Voice of a New Generation"".","Fairy Tales share bonds that span any distance.","Vingolf ""Ruler All Stars""",""
"http://www.fowtcg.com/card/508","Grimm, the Legendary King of Fairy Tales","http://d12h0em1d7ppg.cloudfront.net/items/50/508/image_en/1485233488.jpg","VIN003-006","http://d12h0em1d7ppg.cloudfront.net/docs/icons/white.png","800 / 800","Resonator","Human","Haruichi Kido","Vingolf ""Ruler All Stars""","Automatic
This card gains ""Whenever this card attacks or blocks ⇒ [Force]1. This card gains [+X00/+X00] until end of turn, where X is the result of the roll."" as long as your J/ruler is ""Millium, Prince of the Light Palace"" or ""Millium, Voice of a New Generation"".","Fairy Tales share bonds that span any distance.","Vingolf ""Ruler All Stars""",""
"http://www.fowtcg.com/card/508","Grimm, the Legendary King of Fairy Tales","http://d12h0em1d7ppg.cloudfront.net/items/50/508/image_en/1485233488.jpg","VIN003-006","http://d12h0em1d7ppg.cloudfront.net/docs/icons/cost/01.png","800 / 800","Resonator","Human","Haruichi Kido","Vingolf ""Ruler All Stars""","Automatic
This card gains ""Whenever this card attacks or blocks ⇒ [Force]1. This card gains [+X00/+X00] until end of turn, where X is the result of the roll."" as long as your J/ruler is ""Millium, Prince of the Light Palace"" or ""Millium, Voice of a New Generation"".","Fairy Tales share bonds that span any distance.","Vingolf ""Ruler All Stars""",""
"http://www.fowtcg.com/card/509","Guardian of Light Magic Stones","http://d12h0em1d7ppg.cloudfront.net/items/50/509/image_en/1485233491.jpg","VIN003-007","","","Ruler","Dragon","gozz","Vingolf ""Ruler All Stars""","Automatic
[Resonance] Light Magic Stone ⇒ Target resonator you control gains [+200/+200] until end of turn.","The light guardian welcomes all champions of justice.","Vingolf ""Ruler All Stars""",""
"http://www.fowtcg.com/card/510","Avatar of Light Magic Stones","http://d12h0em1d7ppg.cloudfront.net/items/51/510/image_en/1485233492.jpg","VIN003-007J","","1000 / 1200","J-ruler","Dragon","gozz","Vingolf ""Ruler All Stars""","Automatic
When this card enters your field ⇒ Destroy all non-magic stone, non-J-ruler cards.","The avatar's light swallows all.","Vingolf ""Ruler All Stars""",""
"http://www.fowtcg.com/card/511","Knight Lord of Godspeed","http://d12h0em1d7ppg.cloudfront.net/items/51/511/image_en/1485233493.jpg","VIN003-008","http://d12h0em1d7ppg.cloudfront.net/docs/icons/white.png","1000 / 1000","Resonator","Knight","JURI","Vingolf ""Ruler All Stars""","Automatic
When this card enters your field ⇒ J/resonators you control gain [Precision] until end of turn.","God like speed that brings victory on the battlefield.","Vingolf ""Ruler All Stars""",""
"http://www.fowtcg.com/card/511","Knight Lord of Godspeed","http://d12h0em1d7ppg.cloudfront.net/items/51/511/image_en/1485233493.jpg","VIN003-008","http://d12h0em1d7ppg.cloudfront.net/docs/icons/white.png","1000 / 1000","Resonator","Knight","JURI","Vingolf ""Ruler All Stars""","Automatic
When this card enters your field ⇒ J/resonators you control gain [Precision] until end of turn.","God like speed that brings victory on the battlefield.","Vingolf ""Ruler All Stars""",""
"http://www.fowtcg.com/card/511","Knight Lord of Godspeed","http://d12h0em1d7ppg.cloudfront.net/items/51/511/image_en/1485233493.jpg","VIN003-008","http://d12h0em1d7ppg.cloudfront.net/docs/icons/cost/03.png","1000 / 1000","Resonator","Knight","JURI","Vingolf ""Ruler All Stars""","Automatic
When this card enters your field ⇒ J/resonators you control gain [Precision] until end of turn.","God like speed that brings victory on the battlefield.","Vingolf ""Ruler All Stars""",""
"http://www.fowtcg.com/card/512","Light Wizard","http://d12h0em1d7ppg.cloudfront.net/items/51/512/image_en/1485233495.jpg","VIN003-009","http://d12h0em1d7ppg.cloudfront.net/docs/icons/white.png","200 / 200","Resonator","Wizard","Haruichi Kido","Vingolf ""Ruler All Stars""","Automatic
Whenever you play a light chant ⇒ You gain 200 life.","Light embodies healing and judgment.","Vingolf ""Ruler All Stars""",""
"http://www.fowtcg.com/card/513","Lumia, Saint of Creation","http://d12h0em1d7ppg.cloudfront.net/items/51/513/image_en/1485233496.jpg","VIN003-010","http://d12h0em1d7ppg.cloudfront.net/docs/icons/white.png","400 / 700","Resonator","Human","kurisu","Vingolf ""Ruler All Stars""","Continuous
You may play cards removed by this card.","Changing the world doesn't change her plans.","Vingolf ""Ruler All Stars""",""
"http://www.fowtcg.com/card/513","Lumia, Saint of Creation","http://d12h0em1d7ppg.cloudfront.net/items/51/513/image_en/1485233496.jpg","VIN003-010","http://d12h0em1d7ppg.cloudfront.net/docs/icons/cost/01.png","400 / 700","Resonator","Human","kurisu","Vingolf ""Ruler All Stars""","Continuous
You may play cards removed by this card.","Changing the world doesn't change her plans.","Vingolf ""Ruler All Stars""",""
"http://www.fowtcg.com/card/514","Manifestation of Power","http://d12h0em1d7ppg.cloudfront.net/items/51/514/image_en/1485233497.jpg","VIN003-011","http://d12h0em1d7ppg.cloudfront.net/docs/icons/white.png","","Chant","","Haruichi Kido","Vingolf ""Ruler All Stars""","","""What is this power?"" -Millium, Prince of the Light Palace","Vingolf ""Ruler All Stars""",""
"http://www.fowtcg.com/card/514","Manifestation of Power","http://d12h0em1d7ppg.cloudfront.net/items/51/514/image_en/1485233497.jpg","VIN003-011","http://d12h0em1d7ppg.cloudfront.net/docs/icons/cost/01.png","","Chant","","Haruichi Kido","Vingolf ""Ruler All Stars""","","""What is this power?"" -Millium, Prince of the Light Palace","Vingolf ""Ruler All Stars""",""
"http://www.fowtcg.com/card/515","Protective Barrier","http://d12h0em1d7ppg.cloudfront.net/items/51/515/image_en/1485233501.jpg","VIN003-012","http://d12h0em1d7ppg.cloudfront.net/docs/icons/white.png","","Chant","","uekino aroe","Vingolf ""Ruler All Stars""","","Thanks to its protection, we are granted enough time to sharpen our blades once again.","Vingolf ""Ruler All Stars""",""
"http://www.fowtcg.com/card/516","Sol, Envoy of Light","http://d12h0em1d7ppg.cloudfront.net/items/51/516/image_en/1485233503.jpg","VIN003-013","http://d12h0em1d7ppg.cloudfront.net/docs/icons/white.png","400 / 400","Resonator","Spirit","YK","Vingolf ""Ruler All Stars""","Automatic
When this card enters your field ⇒ Reveal the top card of your magic stone deck. If it's a non-special light magic stone, put it into your field.","Bringer of pure, sacred light.","Vingolf ""Ruler All Stars""",""
"http://www.fowtcg.com/card/516","Sol, Envoy of Light","http://d12h0em1d7ppg.cloudfront.net/items/51/516/image_en/1485233503.jpg","VIN003-013","http://d12h0em1d7ppg.cloudfront.net/docs/icons/cost/01.png","400 / 400","Resonator","Spirit","YK","Vingolf ""Ruler All Stars""","Automatic
When this card enters your field ⇒ Reveal the top card of your magic stone deck. If it's a non-special light magic stone, put it into your field.","Bringer of pure, sacred light.","Vingolf ""Ruler All Stars""",""
"http://www.fowtcg.com/card/517","The Final Word","http://d12h0em1d7ppg.cloudfront.net/items/51/517/image_en/1485233506.jpg","VIN003-014","http://d12h0em1d7ppg.cloudfront.net/docs/icons/white.png","","Chant","","mie","Vingolf ""Ruler All Stars""","","""Alice, don't worry about me! Run!"" —Faria, the Sacred Queen","Vingolf ""Ruler All Stars""",""
"http://www.fowtcg.com/card/518","Zero's Magic Light","http://d12h0em1d7ppg.cloudfront.net/items/51/518/image_en/1485233507.jpg","VIN003-015","http://d12h0em1d7ppg.cloudfront.net/docs/icons/white.png","","Chant","","saumaro","Vingolf ""Ruler All Stars""","","""Disappear into the light!"" -Zero, Master of the Magic Saber","Vingolf ""Ruler All Stars""",""
"http://www.fowtcg.com/card/518","Zero's Magic Light","http://d12h0em1d7ppg.cloudfront.net/items/51/518/image_en/1485233507.jpg","VIN003-015","http://d12h0em1d7ppg.cloudfront.net/docs/icons/white.png","","Chant","","saumaro","Vingolf ""Ruler All Stars""","","""Disappear into the light!"" -Zero, Master of the Magic Saber","Vingolf ""Ruler All Stars""",""
"http://www.fowtcg.com/card/519","Bahamut, Phantasmal Dragon","http://d12h0em1d7ppg.cloudfront.net/items/51/519/image_en/1485233508.jpg","VIN003-016","http://d12h0em1d7ppg.cloudfront.net/docs/icons/red.png","1000 / 1000","Resonator","Dragon","kakotomirai","Vingolf ""Ruler All Stars""","Automatic
When this card enters your field ⇒ It deals 700 damage to target player or J/resonator.","The proper offering can summon a great creature.","Vingolf ""Ruler All Stars""",""
"http://www.fowtcg.com/card/519","Bahamut, Phantasmal Dragon","http://d12h0em1d7ppg.cloudfront.net/items/51/519/image_en/1485233508.jpg","VIN003-016","http://d12h0em1d7ppg.cloudfront.net/docs/icons/red.png","1000 / 1000","Resonator","Dragon","kakotomirai","Vingolf ""Ruler All Stars""","Automatic
When this card enters your field ⇒ It deals 700 damage to target player or J/resonator.","The proper offering can summon a great creature.","Vingolf ""Ruler All Stars""",""
"http://www.fowtcg.com/card/519","Bahamut, Phantasmal Dragon","http://d12h0em1d7ppg.cloudfront.net/items/51/519/image_en/1485233508.jpg","VIN003-016","http://d12h0em1d7ppg.cloudfront.net/docs/icons/cost/04.png","1000 / 1000","Resonator","Dragon","kakotomirai","Vingolf ""Ruler All Stars""","Automatic
When this card enters your field ⇒ It deals 700 damage to target player or J/resonator.","The proper offering can summon a great creature.","Vingolf ""Ruler All Stars""",""
"http://www.fowtcg.com/card/520","Barbatos, World's Greatest Eccentric","http://d12h0em1d7ppg.cloudfront.net/items/52/520/image_en/1485233510.jpg","VIN003-017","http://d12h0em1d7ppg.cloudfront.net/docs/icons/red.png","1000 / 100","Resonator","Daimyo","Haruichi Kido","Vingolf ""Ruler All Stars""","Automatic
When this card enters your field ⇒ Rest all other J/resonators.","""Friends, enemies! Be quiet! It's my time to shine.""","Vingolf ""Ruler All Stars""",""
"http://www.fowtcg.com/card/520","Barbatos, World's Greatest Eccentric","http://d12h0em1d7ppg.cloudfront.net/items/52/520/image_en/1485233510.jpg","VIN003-017","http://d12h0em1d7ppg.cloudfront.net/docs/icons/red.png","1000 / 100","Resonator","Daimyo","Haruichi Kido","Vingolf ""Ruler All Stars""","Automatic
When this card enters your field ⇒ Rest all other J/resonators.","""Friends, enemies! Be quiet! It's my time to shine.""","Vingolf ""Ruler All Stars""",""
"http://www.fowtcg.com/card/520","Barbatos, World's Greatest Eccentric","http://d12h0em1d7ppg.cloudfront.net/items/52/520/image_en/1485233510.jpg","VIN003-017","http://d12h0em1d7ppg.cloudfront.net/docs/icons/cost/02.png","1000 / 100","Resonator","Daimyo","Haruichi Kido","Vingolf ""Ruler All Stars""","Automatic
When this card enters your field ⇒ Rest all other J/resonators.","""Friends, enemies! Be quiet! It's my time to shine.""","Vingolf ""Ruler All Stars""",""
"http://www.fowtcg.com/card/521","Barust, Machine Deity of Purgatory","http://d12h0em1d7ppg.cloudfront.net/items/52/521/image_en/1485233528.jpg","VIN003-018","http://d12h0em1d7ppg.cloudfront.net/docs/icons/red.png","0 / 100","Resonator","Demon","ShiroYayoi","Vingolf ""Ruler All Stars""","Activate
[rest], banish two magic stones: Destroy target special magic stone.","Power is attainable for a price.","Vingolf ""Ruler All Stars""",""
"http://www.fowtcg.com/card/522","Blood Boil","http://d12h0em1d7ppg.cloudfront.net/items/52/522/image_en/1485233531.jpg","VIN003-019","http://d12h0em1d7ppg.cloudfront.net/docs/icons/red.png","","Chant","","Moopic","Vingolf ""Ruler All Stars""","","Ruin predates glory.","Vingolf ""Ruler All Stars""",""
"http://www.fowtcg.com/card/522","Blood Boil","http://d12h0em1d7ppg.cloudfront.net/items/52/522/image_en/1485233531.jpg","VIN003-019","http://d12h0em1d7ppg.cloudfront.net/docs/icons/cost/01.png","","Chant","","Moopic","Vingolf ""Ruler All Stars""","","Ruin predates glory.","Vingolf ""Ruler All Stars""",""
"http://www.fowtcg.com/card/523","Burn to Cinders","http://d12h0em1d7ppg.cloudfront.net/items/52/523/image_en/1485233532.jpg","VIN003-020","http://d12h0em1d7ppg.cloudfront.net/docs/icons/red.png","","Chant","","gozz","Vingolf ""Ruler All Stars""","","All was reduced to ashes, even the memory.","Vingolf ""Ruler All Stars""",""
"http://www.fowtcg.com/card/523","Burn to Cinders","http://d12h0em1d7ppg.cloudfront.net/items/52/523/image_en/1485233532.jpg","VIN003-020","http://d12h0em1d7ppg.cloudfront.net/docs/icons/red.png","","Chant","","gozz","Vingolf ""Ruler All Stars""","","All was reduced to ashes, even the memory.","Vingolf ""Ruler All Stars""",""
"http://www.fowtcg.com/card/524","Cain, Treacherous Killer of the Gods","http://d12h0em1d7ppg.cloudfront.net/items/52/524/image_en/1485233533.jpg","VIN003-021","http://d12h0em1d7ppg.cloudfront.net/docs/icons/red.png","0 / 400","Resonator","Wizard","Kusanagi Toyed","Vingolf ""Ruler All Stars""","Activate
[rest]: This card deals 200 damage to target opponent.","""God is dead!""","Vingolf ""Ruler All Stars""",""
"http://www.fowtcg.com/card/525","Certo, the Blazing Volcano","http://d12h0em1d7ppg.cloudfront.net/items/52/525/image_en/1485233534.jpg","VIN003-022","http://d12h0em1d7ppg.cloudfront.net/docs/icons/red.png","","Addition: Field","Mountain","Kusanagi Tyouen","Vingolf ""Ruler All Stars""","Automatic
Whenever a resonator is put into a graveyard from a field ⇒ This card deals 100 damage to each player.","The volcano is the future. Only the chosen ones will survive.","Vingolf ""Ruler All Stars""",""
"http://www.fowtcg.com/card/525","Certo, the Blazing Volcano","http://d12h0em1d7ppg.cloudfront.net/items/52/525/image_en/1485233534.jpg","VIN003-022","http://d12h0em1d7ppg.cloudfront.net/docs/icons/cost/01.png","","Addition: Field","Mountain","Kusanagi Tyouen","Vingolf ""Ruler All Stars""","Automatic
Whenever a resonator is put into a graveyard from a field ⇒ This card deals 100 damage to each player.","The volcano is the future. Only the chosen ones will survive.","Vingolf ""Ruler All Stars""",""
"http://www.fowtcg.com/card/526","Demonflame","http://d12h0em1d7ppg.cloudfront.net/items/52/526/image_en/1485233536.jpg","VIN003-023","http://d12h0em1d7ppg.cloudfront.net/docs/icons/red.png","","Chant","","Nagi-nyan","Vingolf ""Ruler All Stars""","","""Burn!"" -Melgis, the Flame King","Vingolf ""Ruler All Stars""",""
"http://www.fowtcg.com/card/527","Fire Wizard","http://d12h0em1d7ppg.cloudfront.net/items/52/527/image_en/1485233538.jpg","VIN003-024","http://d12h0em1d7ppg.cloudfront.net/docs/icons/red.png","200 / 200","Resonator","Wizard","kawaryu","Vingolf ""Ruler All Stars""","Automatic
Whenever you play a fire chant ⇒ This card may deal 100 damage to target J/resonator.","Fire embodies passion and conquest.","Vingolf ""Ruler All Stars""",""
"http://www.fowtcg.com/card/528","Guardian of Fire Magic Stones","http://d12h0em1d7ppg.cloudfront.net/items/52/528/image_en/1485233539.jpg","VIN003-025","","","Ruler","Dragon","douzen","Vingolf ""Ruler All Stars""","Automatic
[Resonance] Fire Magic Stone ⇒ This card may deal 200 damage to target resonator.","The fire guardian welcomes all warriors with a fire in their heart.","Vingolf ""Ruler All Stars""",""
"http://www.fowtcg.com/card/529","Avatar of Fire Magic Stones","http://d12h0em1d7ppg.cloudfront.net/items/52/529/image_en/1485233541.jpg","VIN003-025J","","1200 / 1000","J-ruler","Dragon","douzen","Vingolf ""Ruler All Stars""","Continuous
If a resonator dealt damage by this card this turn would be put into a graveyard, remove it from the game instead.","The avatar's fire burns all to ash.","Vingolf ""Ruler All Stars""",""
"http://www.fowtcg.com/card/530","Introspective Jutsu","http://d12h0em1d7ppg.cloudfront.net/items/53/530/image_en/1485233542.jpg","VIN003-026","http://d12h0em1d7ppg.cloudfront.net/docs/icons/red.png","","Chant","","Hayama Kihei","Vingolf ""Ruler All Stars""","","""My body's burning uuuuuup!"" -Fiery Chariot, Red Boy","Vingolf ""Ruler All Stars""",""
"http://www.fowtcg.com/card/530","Introspective Jutsu","http://d12h0em1d7ppg.cloudfront.net/items/53/530/image_en/1485233542.jpg","VIN003-026","http://d12h0em1d7ppg.cloudfront.net/docs/icons/red.png","","Chant","","Hayama Kihei","Vingolf ""Ruler All Stars""","","""My body's burning uuuuuup!"" -Fiery Chariot, Red Boy","Vingolf ""Ruler All Stars""",""
"http://www.fowtcg.com/card/530","Introspective Jutsu","http://d12h0em1d7ppg.cloudfront.net/items/53/530/image_en/1485233542.jpg","VIN003-026","http://d12h0em1d7ppg.cloudfront.net/docs/icons/cost/01.png","","Chant","","Hayama Kihei","Vingolf ""Ruler All Stars""","","""My body's burning uuuuuup!"" -Fiery Chariot, Red Boy","Vingolf ""Ruler All Stars""",""
"http://www.fowtcg.com/card/531","Melgis, King of Conquest","http://d12h0em1d7ppg.cloudfront.net/items/53/531/image_en/1485233544.jpg","VIN003-027","http://d12h0em1d7ppg.cloudfront.net/docs/icons/red.png","600 / 400","Resonator","Swordsman","gekko","Vingolf ""Ruler All Stars""","Continuous
Players cannot gain life.","""No running away from the fight this time, Faria.""","Vingolf ""Ruler All Stars""",""
"http://www.fowtcg.com/card/531","Melgis, King of Conquest","http://d12h0em1d7ppg.cloudfront.net/items/53/531/image_en/1485233544.jpg","VIN003-027","http://d12h0em1d7ppg.cloudfront.net/docs/icons/red.png","600 / 400","Resonator","Swordsman","gekko","Vingolf ""Ruler All Stars""","Continuous
Players cannot gain life.","""No running away from the fight this time, Faria.""","Vingolf ""Ruler All Stars""",""
"http://www.fowtcg.com/card/532","Salamander, Envoy of Fire","http://d12h0em1d7ppg.cloudfront.net/items/53/532/image_en/1485233545.jpg","VIN003-028","http://d12h0em1d7ppg.cloudfront.net/docs/icons/red.png","600 / 600","Resonator","Spirit","Rumie","Vingolf ""Ruler All Stars""","Automatic
When this card enters your field ⇒ It deals 600 damage to target opponent and target resonator your opponent controls.","The envoy's flames scorch the body and soul.","Vingolf ""Ruler All Stars""",""
"http://www.fowtcg.com/card/532","Salamander, Envoy of Fire","http://d12h0em1d7ppg.cloudfront.net/items/53/532/image_en/1485233545.jpg","VIN003-028","http://d12h0em1d7ppg.cloudfront.net/docs/icons/red.png","600 / 600","Resonator","Spirit","Rumie","Vingolf ""Ruler All Stars""","Automatic
When this card enters your field ⇒ It deals 600 damage to target opponent and target resonator your opponent controls.","The envoy's flames scorch the body and soul.","Vingolf ""Ruler All Stars""",""
"http://www.fowtcg.com/card/532","Salamander, Envoy of Fire","http://d12h0em1d7ppg.cloudfront.net/items/53/532/image_en/1485233545.jpg","VIN003-028","http://d12h0em1d7ppg.cloudfront.net/docs/icons/cost/02.png","600 / 600","Resonator","Spirit","Rumie","Vingolf ""Ruler All Stars""","Automatic
When this card enters your field ⇒ It deals 600 damage to target opponent and target resonator your opponent controls.","The envoy's flames scorch the body and soul.","Vingolf ""Ruler All Stars""",""
"http://www.fowtcg.com/card/533","Shimazu Yoshihiro, Feudal Flame Lord","http://d12h0em1d7ppg.cloudfront.net/items/53/533/image_en/1485233548.jpg","VIN003-029","http://d12h0em1d7ppg.cloudfront.net/docs/icons/red.png","800 / 800","Resonator","Daimyo","yuhki lily","Vingolf ""Ruler All Stars""","Automatic
Whenever a J/resonator you control is blocked ⇒ Destroy it and the blocking J/resonator.","""Survival is not the point of battle. Victory is.""","Vingolf ""Ruler All Stars""",""
"http://www.fowtcg.com/card/533","Shimazu Yoshihiro, Feudal Flame Lord","http://d12h0em1d7ppg.cloudfront.net/items/53/533/image_en/1485233548.jpg","VIN003-029","http://d12h0em1d7ppg.cloudfront.net/docs/icons/red.png","800 / 800","Resonator","Daimyo","yuhki lily","Vingolf ""Ruler All Stars""","Automatic
Whenever a J/resonator you control is blocked ⇒ Destroy it and the blocking J/resonator.","""Survival is not the point of battle. Victory is.""","Vingolf ""Ruler All Stars""",""
"http://www.fowtcg.com/card/533","Shimazu Yoshihiro, Feudal Flame Lord","http://d12h0em1d7ppg.cloudfront.net/items/53/533/image_en/1485233548.jpg","VIN003-029","http://d12h0em1d7ppg.cloudfront.net/docs/icons/cost/01.png","800 / 800","Resonator","Daimyo","yuhki lily","Vingolf ""Ruler All Stars""","Automatic
Whenever a J/resonator you control is blocked ⇒ Destroy it and the blocking J/resonator.","""Survival is not the point of battle. Victory is.""","Vingolf ""Ruler All Stars""",""
"http://www.fowtcg.com/card/534","Sylvia Gill Palarilias, Infernal Dragon","http://d12h0em1d7ppg.cloudfront.net/items/53/534/image_en/1485233549.jpg","VIN003-030","http://d12h0em1d7ppg.cloudfront.net/docs/icons/red.png","800 / 700","Resonator","Dragon","SIGMAN","Vingolf ""Ruler All Stars""","Continuous
This card gains [Swiftness] as long as your J/ruler is ""Sylvia Gill Palarilias"".","""My soul is forever bound to Lapis.""","Vingolf ""Ruler All Stars""",""
"http://www.fowtcg.com/card/534","Sylvia Gill Palarilias, Infernal Dragon","http://d12h0em1d7ppg.cloudfront.net/items/53/534/image_en/1485233549.jpg","VIN003-030","http://d12h0em1d7ppg.cloudfront.net/docs/icons/red.png","800 / 700","Resonator","Dragon","SIGMAN","Vingolf ""Ruler All Stars""","Continuous
This card gains [Swiftness] as long as your J/ruler is ""Sylvia Gill Palarilias"".","""My soul is forever bound to Lapis.""","Vingolf ""Ruler All Stars""",""
"http://www.fowtcg.com/card/534","Sylvia Gill Palarilias, Infernal Dragon","http://d12h0em1d7ppg.cloudfront.net/items/53/534/image_en/1485233549.jpg","VIN003-030","http://d12h0em1d7ppg.cloudfront.net/docs/icons/cost/01.png","800 / 700","Resonator","Dragon","SIGMAN","Vingolf ""Ruler All Stars""","Continuous
This card gains [Swiftness] as long as your J/ruler is ""Sylvia Gill Palarilias"".","""My soul is forever bound to Lapis.""","Vingolf ""Ruler All Stars""",""
"http://www.fowtcg.com/card/535","Alice, Dimensional Traveler","http://d12h0em1d7ppg.cloudfront.net/items/53/535/image_en/1485233551.jpg","VIN003-031","http://d12h0em1d7ppg.cloudfront.net/docs/icons/blue.png","500 / 500","Resonator","Wanderer","Wednesday","Vingolf ""Ruler All Stars""","Continuous
If this card would be put into a graveyard from your field, put it on the bottom of its owner's deck instead.","""Oh? You found me huh?""","Vingolf ""Ruler All Stars""",""
"http://www.fowtcg.com/card/535","Alice, Dimensional Traveler","http://d12h0em1d7ppg.cloudfront.net/items/53/535/image_en/1485233551.jpg","VIN003-031","http://d12h0em1d7ppg.cloudfront.net/docs/icons/cost/02.png","500 / 500","Resonator","Wanderer","Wednesday","Vingolf ""Ruler All Stars""","Continuous
If this card would be put into a graveyard from your field, put it on the bottom of its owner's deck instead.","""Oh? You found me huh?""","Vingolf ""Ruler All Stars""",""
"http://www.fowtcg.com/card/536","Charlotte's Water Transformation Magic","http://d12h0em1d7ppg.cloudfront.net/items/53/536/image_en/1485233559.jpg","VIN003-032","http://d12h0em1d7ppg.cloudfront.net/docs/icons/blue.png","","Chant","","SAGAWA ASUKA","Vingolf ""Ruler All Stars""","","""Take that! Turn into a bear!"" -Charlotte, Determined Girl","Vingolf ""Ruler All Stars""",""
"http://www.fowtcg.com/card/537","Charm of the Princess","http://d12h0em1d7ppg.cloudfront.net/items/53/537/image_en/1485233568.jpg","VIN003-033","http://d12h0em1d7ppg.cloudfront.net/docs/icons/blue.png","","Chant","","Nekobayashi","Vingolf ""Ruler All Stars""","","""Look carefully, this is what reigning means."" -Valentina, the Princess of Love","Vingolf ""Ruler All Stars""",""
"http://www.fowtcg.com/card/537","Charm of the Princess","http://d12h0em1d7ppg.cloudfront.net/items/53/537/image_en/1485233568.jpg","VIN003-033","http://d12h0em1d7ppg.cloudfront.net/docs/icons/blue.png","","Chant","","Nekobayashi","Vingolf ""Ruler All Stars""","","""Look carefully, this is what reigning means."" -Valentina, the Princess of Love","Vingolf ""Ruler All Stars""",""
"http://www.fowtcg.com/card/537","Charm of the Princess","http://d12h0em1d7ppg.cloudfront.net/items/53/537/image_en/1485233568.jpg","VIN003-033","http://d12h0em1d7ppg.cloudfront.net/docs/icons/cost/X.png","","Chant","","Nekobayashi","Vingolf ""Ruler All Stars""","","""Look carefully, this is what reigning means."" -Valentina, the Princess of Love","Vingolf ""Ruler All Stars""",""
"http://www.fowtcg.com/card/538","Chronos, the God of Time","http://d12h0em1d7ppg.cloudfront.net/items/53/538/image_en/1485233571.jpg","VIN003-034","http://d12h0em1d7ppg.cloudfront.net/docs/icons/blue.png","0 / 1000","Resonator","Myth","kakotomirai","Vingolf ""Ruler All Stars""","Automatic
At the beginning of your turn ⇒ Draw a card.","""Time is equitable. Except when you're the boss.""","Vingolf ""Ruler All Stars""",""
"http://www.fowtcg.com/card/538","Chronos, the God of Time","http://d12h0em1d7ppg.cloudfront.net/items/53/538/image_en/1485233571.jpg","VIN003-034","http://d12h0em1d7ppg.cloudfront.net/docs/icons/blue.png","0 / 1000","Resonator","Myth","kakotomirai","Vingolf ""Ruler All Stars""","Automatic
At the beginning of your turn ⇒ Draw a card.","""Time is equitable. Except when you're the boss.""","Vingolf ""Ruler All Stars""",""
"http://www.fowtcg.com/card/538","Chronos, the God of Time","http://d12h0em1d7ppg.cloudfront.net/items/53/538/image_en/1485233571.jpg","VIN003-034","http://d12h0em1d7ppg.cloudfront.net/docs/icons/cost/02.png","0 / 1000","Resonator","Myth","kakotomirai","Vingolf ""Ruler All Stars""","Automatic
At the beginning of your turn ⇒ Draw a card.","""Time is equitable. Except when you're the boss.""","Vingolf ""Ruler All Stars""",""
"http://www.fowtcg.com/card/539","Dance of Inspiration","http://d12h0em1d7ppg.cloudfront.net/items/53/539/image_en/1485233573.jpg","VIN003-035","http://d12h0em1d7ppg.cloudfront.net/docs/icons/blue.png","","Chant","","aki","Vingolf ""Ruler All Stars""","","""It's not over yet!"" -Coup d'Etat Mastermind, Shion","Vingolf ""Ruler All Stars""",""
"http://www.fowtcg.com/card/540","Guardian of Water Magic Stones","http://d12h0em1d7ppg.cloudfront.net/items/54/540/image_en/1485233574.jpg","VIN003-036","","","Ruler","Dragon","Hayama Kohei","Vingolf ""Ruler All Stars""","Automatic
[Resonance] Water Magic Stone ⇒ Look at the top card of your deck, then put it on the top or bottom of your deck.","The water guardian welcomes all those of nobility and grace.","Vingolf ""Ruler All Stars""",""
"http://www.fowtcg.com/card/541","Avatar of Water Magic Stones","http://d12h0em1d7ppg.cloudfront.net/items/54/541/image_en/1485233576.jpg","VIN003-036J","","1100 / 1100","J-ruler","Dragon","Hayama Kohei","Vingolf ""Ruler All Stars""","Automatic
When this card enters your field ⇒ Return all resonators your opponent controls to their owners' hand.","The avatar's water washes away any trace of what was there.","Vingolf ""Ruler All Stars""",""
"http://www.fowtcg.com/card/542","Kaguya, Guardian of the Moon","http://d12h0em1d7ppg.cloudfront.net/items/54/542/image_en/1485233577.jpg","VIN003-037","http://d12h0em1d7ppg.cloudfront.net/docs/icons/blue.png","300 / 300","Resonator","Myth","Fukuzo Katsura","Vingolf ""Ruler All Stars""","Continuous
Rabbit resonators you control gain [+100/+100] as long as you control a Moon addition.","A full moon viewing is made better with rabbits.","Vingolf ""Ruler All Stars""",""
"http://www.fowtcg.com/card/542","Kaguya, Guardian of the Moon","http://d12h0em1d7ppg.cloudfront.net/items/54/542/image_en/1485233577.jpg","VIN003-037","http://d12h0em1d7ppg.cloudfront.net/docs/icons/cost/01.png","300 / 300","Resonator","Myth","Fukuzo Katsura","Vingolf ""Ruler All Stars""","Continuous
Rabbit resonators you control gain [+100/+100] as long as you control a Moon addition.","A full moon viewing is made better with rabbits.","Vingolf ""Ruler All Stars""",""
"http://www.fowtcg.com/card/543","Nymph, Envoy of Water","http://d12h0em1d7ppg.cloudfront.net/items/54/543/image_en/1485233580.jpg","VIN003-038","http://d12h0em1d7ppg.cloudfront.net/docs/icons/blue.png","700 / 1200","Resonator","Spirit","Kamijo Roro","Vingolf ""Ruler All Stars""","","This spirit of water is not always bound by gravity.","Vingolf ""Ruler All Stars""",""
"http://www.fowtcg.com/card/543","Nymph, Envoy of Water","http://d12h0em1d7ppg.cloudfront.net/items/54/543/image_en/1485233580.jpg","VIN003-038","http://d12h0em1d7ppg.cloudfront.net/docs/icons/cost/03.png","700 / 1200","Resonator","Spirit","Kamijo Roro","Vingolf ""Ruler All Stars""","","This spirit of water is not always bound by gravity.","Vingolf ""Ruler All Stars""",""
"http://www.fowtcg.com/card/544","Separation of Body and Soul","http://d12h0em1d7ppg.cloudfront.net/items/54/544/image_en/1485233581.jpg","VIN003-039","http://d12h0em1d7ppg.cloudfront.net/docs/icons/blue.png","","Chant","","Moopic","Vingolf ""Ruler All Stars""","","""Lies are so easy to rip apart."" -Possessor Princess of Love, Valentina","Vingolf ""Ruler All Stars""",""
"http://www.fowtcg.com/card/545","Shackles of Ice","http://d12h0em1d7ppg.cloudfront.net/items/54/545/image_en/1485233587.jpg","VIN003-040","http://d12h0em1d7ppg.cloudfront.net/docs/icons/blue.png","","Addition","","Yuko Nagasaki","Vingolf ""Ruler All Stars""","Activate
[Bestow] [U], [rest] (Bestow this card to target resonator. Play this ability only if this card is not bestowed to a card and only anytime you can play a chant.)","Magic shackles that seal away special magic.","Vingolf ""Ruler All Stars""",""
"http://www.fowtcg.com/card/546","Shion, the Entrancing Songstress","http://d12h0em1d7ppg.cloudfront.net/items/54/546/image_en/1485233588.jpg","VIN003-041","http://d12h0em1d7ppg.cloudfront.net/docs/icons/blue.png","700 / 700","Resonator","Human","j-peg","Vingolf ""Ruler All Stars""","Continuous
This card gains [Barrier] (Resonator) as long as your J/ruler is ""Songstress of Shangri-La"" or ""Coup d'Etat Mastermind, Shion"".","Music is magic that captures the heart.","Vingolf ""Ruler All Stars""",""
"http://www.fowtcg.com/card/546","Shion, the Entrancing Songstress","http://d12h0em1d7ppg.cloudfront.net/items/54/546/image_en/1485233588.jpg","VIN003-041","http://d12h0em1d7ppg.cloudfront.net/docs/icons/blue.png","700 / 700","Resonator","Human","j-peg","Vingolf ""Ruler All Stars""","Continuous
This card gains [Barrier] (Resonator) as long as your J/ruler is ""Songstress of Shangri-La"" or ""Coup d'Etat Mastermind, Shion"".","Music is magic that captures the heart.","Vingolf ""Ruler All Stars""",""
"http://www.fowtcg.com/card/546","Shion, the Entrancing Songstress","http://d12h0em1d7ppg.cloudfront.net/items/54/546/image_en/1485233588.jpg","VIN003-041","http://d12h0em1d7ppg.cloudfront.net/docs/icons/cost/01.png","700 / 700","Resonator","Human","j-peg","Vingolf ""Ruler All Stars""","Continuous
This card gains [Barrier] (Resonator) as long as your J/ruler is ""Songstress of Shangri-La"" or ""Coup d'Etat Mastermind, Shion"".","Music is magic that captures the heart.","Vingolf ""Ruler All Stars""",""
"http://www.fowtcg.com/card/547","Tomoe Gozen, Merciful Aqua Twin Swords","http://d12h0em1d7ppg.cloudfront.net/items/54/547/image_en/1485233590.jpg","VIN003-042","http://d12h0em1d7ppg.cloudfront.net/docs/icons/blue.png","500 / 600","Resonator","Swordsman","Tsukumi","Vingolf ""Ruler All Stars""","","Perfect vision. No blind spots.","Vingolf ""Ruler All Stars""",""
"http://www.fowtcg.com/card/547","Tomoe Gozen, Merciful Aqua Twin Swords","http://d12h0em1d7ppg.cloudfront.net/items/54/547/image_en/1485233590.jpg","VIN003-042","http://d12h0em1d7ppg.cloudfront.net/docs/icons/cost/01.png","500 / 600","Resonator","Swordsman","Tsukumi","Vingolf ""Ruler All Stars""","","Perfect vision. No blind spots.","Vingolf ""Ruler All Stars""",""
"http://www.fowtcg.com/card/548","Triton, Emperor of the Seven Seas","http://d12h0em1d7ppg.cloudfront.net/items/54/548/image_en/1485233591.jpg","VIN003-043","http://d12h0em1d7ppg.cloudfront.net/docs/icons/blue.png","400 / 400","Resonator","Myth","Matsurika Yoko","Vingolf ""Ruler All Stars""","Automatic
When this card enters your field ⇒ Gain control of target resonator until end of turn.","""Are you sure? Alright, follow me!""","Vingolf ""Ruler All Stars""",""
"http://www.fowtcg.com/card/548","Triton, Emperor of the Seven Seas","http://d12h0em1d7ppg.cloudfront.net/items/54/548/image_en/1485233591.jpg","VIN003-043","http://d12h0em1d7ppg.cloudfront.net/docs/icons/blue.png","400 / 400","Resonator","Myth","Matsurika Yoko","Vingolf ""Ruler All Stars""","Automatic
When this card enters your field ⇒ Gain control of target resonator until end of turn.","""Are you sure? Alright, follow me!""","Vingolf ""Ruler All Stars""",""
"http://www.fowtcg.com/card/549","Valentina, Maiden of the Oceans","http://d12h0em1d7ppg.cloudfront.net/items/54/549/image_en/1485233593.jpg","VIN003-044","http://d12h0em1d7ppg.cloudfront.net/docs/icons/blue.png","1200 / 1200","Resonator","Human","ishishou","Vingolf ""Ruler All Stars""","Activate
[rest], discard three cards: Gain control of target resonator.","""Here's my trump card; you die.""","Vingolf ""Ruler All Stars""",""
"http://www.fowtcg.com/card/549","Valentina, Maiden of the Oceans","http://d12h0em1d7ppg.cloudfront.net/items/54/549/image_en/1485233593.jpg","VIN003-044","http://d12h0em1d7ppg.cloudfront.net/docs/icons/blue.png","1200 / 1200","Resonator","Human","ishishou","Vingolf ""Ruler All Stars""","Activate
[rest], discard three cards: Gain control of target resonator.","""Here's my trump card; you die.""","Vingolf ""Ruler All Stars""",""
"http://www.fowtcg.com/card/549","Valentina, Maiden of the Oceans","http://d12h0em1d7ppg.cloudfront.net/items/54/549/image_en/1485233593.jpg","VIN003-044","http://d12h0em1d7ppg.cloudfront.net/docs/icons/cost/04.png","1200 / 1200","Resonator","Human","ishishou","Vingolf ""Ruler All Stars""","Activate
[rest], discard three cards: Gain control of target resonator.","""Here's my trump card; you die.""","Vingolf ""Ruler All Stars""",""
"http://www.fowtcg.com/card/550","Water Wizard","http://d12h0em1d7ppg.cloudfront.net/items/55/550/image_en/1485233594.jpg","VIN003-045","http://d12h0em1d7ppg.cloudfront.net/docs/icons/blue.png","200 / 200","Resonator","Wizard","Shirai Hidemi","Vingolf ""Ruler All Stars""","Automatic
Whenever you play a water chant ⇒ Look at the top card of your deck, then put it on the top or bottom of your deck.","Water embodies time and currents.","Vingolf ""Ruler All Stars""",""
"http://www.fowtcg.com/card/551","Count D'Artagnan","http://d12h0em1d7ppg.cloudfront.net/items/55/551/image_en/1485233596.jpg","VIN003-046","http://d12h0em1d7ppg.cloudfront.net/docs/icons/green.png","400 / 600","Resonator","Catman/Musketeer","Kelvin","Vingolf ""Ruler All Stars""","Activate
[G]: This card deals 100 damage to target resonator. It loses [Flying] until end of turn.","""My aim can perfectly drop a soaring bird.""","Vingolf ""Ruler All Stars""",""
"http://www.fowtcg.com/card/551","Count D'Artagnan","http://d12h0em1d7ppg.cloudfront.net/items/55/551/image_en/1485233596.jpg","VIN003-046","http://d12h0em1d7ppg.cloudfront.net/docs/icons/green.png","400 / 600","Resonator","Catman/Musketeer","Kelvin","Vingolf ""Ruler All Stars""","Activate
[G]: This card deals 100 damage to target resonator. It loses [Flying] until end of turn.","""My aim can perfectly drop a soaring bird.""","Vingolf ""Ruler All Stars""",""
"http://www.fowtcg.com/card/552","Frigg, Goddess of Abundant Harvests","http://d12h0em1d7ppg.cloudfront.net/items/55/552/image_en/1485233599.jpg","VIN003-047","http://d12h0em1d7ppg.cloudfront.net/docs/icons/green.png","800 / 800","Resonator","Myth","SIE NANAHARA","Vingolf ""Ruler All Stars""","Automatic
When this card enters your field ⇒ Put up to one target resonator, up to one target addition, and up to one target chant from your graveyard into your hand.","Her love brings the harvest, keeping the world fed.","Vingolf ""Ruler All Stars""",""
"http://www.fowtcg.com/card/552","Frigg, Goddess of Abundant Harvests","http://d12h0em1d7ppg.cloudfront.net/items/55/552/image_en/1485233599.jpg","VIN003-047","http://d12h0em1d7ppg.cloudfront.net/docs/icons/green.png","800 / 800","Resonator","Myth","SIE NANAHARA","Vingolf ""Ruler All Stars""","Automatic
When this card enters your field ⇒ Put up to one target resonator, up to one target addition, and up to one target chant from your graveyard into your hand.","Her love brings the harvest, keeping the world fed.","Vingolf ""Ruler All Stars""",""
"http://www.fowtcg.com/card/552","Frigg, Goddess of Abundant Harvests","http://d12h0em1d7ppg.cloudfront.net/items/55/552/image_en/1485233599.jpg","VIN003-047","http://d12h0em1d7ppg.cloudfront.net/docs/icons/cost/03.png","800 / 800","Resonator","Myth","SIE NANAHARA","Vingolf ""Ruler All Stars""","Automatic
When this card enters your field ⇒ Put up to one target resonator, up to one target addition, and up to one target chant from your graveyard into your hand.","Her love brings the harvest, keeping the world fed.","Vingolf ""Ruler All Stars""",""
"http://www.fowtcg.com/card/553","Guardian of Wind Magic Stones","http://d12h0em1d7ppg.cloudfront.net/items/55/553/image_en/1485233600.jpg","VIN003-048","","","Ruler","Dragon","Saiko Takaki","Vingolf ""Ruler All Stars""","Activate
[Resonance] Wind Magic Stone ⇒ Target resonator gains ""[rest]: Produce [W], [R], [U], [G], or [B]."" until end of turn.","The wind guardian greets champions with a mighty gust.","Vingolf ""Ruler All Stars""",""
"http://www.fowtcg.com/card/554","Avatar of Wind Magic Stones","http://d12h0em1d7ppg.cloudfront.net/items/55/554/image_en/1485233602.jpg","VIN003-048J","","1000 / 1200","J-ruler","Dragon","Saiko Takaki","Vingolf ""Ruler All Stars""","Activate
Resonators you control gain ""[rest]: Produce [W], [R], [U], [G], or [B]."".","The avatar's wind inspires the will of everyone.","Vingolf ""Ruler All Stars""",""
"http://www.fowtcg.com/card/555","Heavenly Gust","http://d12h0em1d7ppg.cloudfront.net/items/55/555/image_en/1485233603.jpg","VIN003-049","http://d12h0em1d7ppg.cloudfront.net/docs/icons/green.png","","Chant","","j-peg","Vingolf ""Ruler All Stars""","","""Melfee! Now!"" -Fiethsing, Master Magus of Holy Wind","Vingolf ""Ruler All Stars""",""
"http://www.fowtcg.com/card/555","Heavenly Gust","http://d12h0em1d7ppg.cloudfront.net/items/55/555/image_en/1485233603.jpg","VIN003-049","http://d12h0em1d7ppg.cloudfront.net/docs/icons/green.png","","Chant","","j-peg","Vingolf ""Ruler All Stars""","","""Melfee! Now!"" -Fiethsing, Master Magus of Holy Wind","Vingolf ""Ruler All Stars""",""
"http://www.fowtcg.com/card/556","Helsing, Hunter of the Undead","http://d12h0em1d7ppg.cloudfront.net/items/55/556/image_en/1485233604.jpg","VIN003-050","http://d12h0em1d7ppg.cloudfront.net/docs/icons/green.png","800 / 700","Resonator","Elf","touge369","Vingolf ""Ruler All Stars""","Continuous
Prevent all damage that would be dealt to this card by darkness resonators.","There is no darkness that may harm Helsing.","Vingolf ""Ruler All Stars""",""
"http://www.fowtcg.com/card/556","Helsing, Hunter of the Undead","http://d12h0em1d7ppg.cloudfront.net/items/55/556/image_en/1485233604.jpg","VIN003-050","http://d12h0em1d7ppg.cloudfront.net/docs/icons/green.png","800 / 700","Resonator","Elf","touge369","Vingolf ""Ruler All Stars""","Continuous
Prevent all damage that would be dealt to this card by darkness resonators.","There is no darkness that may harm Helsing.","Vingolf ""Ruler All Stars""",""
"http://www.fowtcg.com/card/556","Helsing, Hunter of the Undead","http://d12h0em1d7ppg.cloudfront.net/items/55/556/image_en/1485233604.jpg","VIN003-050","http://d12h0em1d7ppg.cloudfront.net/docs/icons/cost/01.png","800 / 700","Resonator","Elf","touge369","Vingolf ""Ruler All Stars""","Continuous
Prevent all damage that would be dealt to this card by darkness resonators.","There is no darkness that may harm Helsing.","Vingolf ""Ruler All Stars""",""
"http://www.fowtcg.com/card/557","Little Red, Fairy Tale of Air","http://d12h0em1d7ppg.cloudfront.net/items/55/557/image_en/1485233607.jpg","VIN003-051","http://d12h0em1d7ppg.cloudfront.net/docs/icons/green.png","300 / 300","Resonator","Fairy Tale","Matsurika Yoko","Vingolf ""Ruler All Stars""","Continuous
This card gains [Swiftness] as long as you control a non-special wind magic stone.","The girl's story has continued for ages, encompassing a collection of many adventures.","Vingolf ""Ruler All Stars""",""
"http://www.fowtcg.com/card/558","Oberon, Lord of Elves","http://d12h0em1d7ppg.cloudfront.net/items/55/558/image_en/1485233608.jpg","VIN003-052","http://d12h0em1d7ppg.cloudfront.net/docs/icons/green.png","700 / 700","Resonator","Elf","Foo Midori","Vingolf ""Ruler All Stars""","Automatic
When this card enters your field ⇒ Put three [100/100] wind Elf resonator tokens into your field.","""Come, my brothers!""","Vingolf ""Ruler All Stars""",""
"http://www.fowtcg.com/card/558","Oberon, Lord of Elves","http://d12h0em1d7ppg.cloudfront.net/items/55/558/image_en/1485233608.jpg","VIN003-052","http://d12h0em1d7ppg.cloudfront.net/docs/icons/green.png","700 / 700","Resonator","Elf","Foo Midori","Vingolf ""Ruler All Stars""","Automatic
When this card enters your field ⇒ Put three [100/100] wind Elf resonator tokens into your field.","""Come, my brothers!""","Vingolf ""Ruler All Stars""",""
"http://www.fowtcg.com/card/558","Oberon, Lord of Elves","http://d12h0em1d7ppg.cloudfront.net/items/55/558/image_en/1485233608.jpg","VIN003-052","http://d12h0em1d7ppg.cloudfront.net/docs/icons/cost/02.png","700 / 700","Resonator","Elf","Foo Midori","Vingolf ""Ruler All Stars""","Automatic
When this card enters your field ⇒ Put three [100/100] wind Elf resonator tokens into your field.","""Come, my brothers!""","Vingolf ""Ruler All Stars""",""
"http://www.fowtcg.com/card/559","Pricia, Wild Child","http://d12h0em1d7ppg.cloudfront.net/items/55/559/image_en/1485233611.jpg","VIN003-053","http://d12h0em1d7ppg.cloudfront.net/docs/icons/green.png","100 / 100","Resonator","Human/Beast","fzwrAym","Vingolf ""Ruler All Stars""","Continuous
This card gains [Precision] and [+100/+100] as long as your J/ruler is ""Pricia, the Beast Lady"" or ""Pricia, the Commander of Sacred Beasts"".","""What is this place? Faria? Wahoo! Let's play!""","Vingolf ""Ruler All Stars""",""
"http://www.fowtcg.com/card/560","Pricia's Call to Action","http://d12h0em1d7ppg.cloudfront.net/items/56/560/image_en/1485233612.jpg","VIN003-054","http://d12h0em1d7ppg.cloudfront.net/docs/icons/green.png","","Chant","","YK","Vingolf ""Ruler All Stars""","","By mimicking the movements of beasts, Pricia was able to move even quicker.","Vingolf ""Ruler All Stars""",""
"http://www.fowtcg.com/card/561","Rapid Growth","http://d12h0em1d7ppg.cloudfront.net/items/56/561/image_en/1485233614.jpg","VIN003-055","http://d12h0em1d7ppg.cloudfront.net/docs/icons/green.png","","Chant","","matataku","Vingolf ""Ruler All Stars""","","The miracle that the world achieved.","Vingolf ""Ruler All Stars""",""
"http://www.fowtcg.com/card/562","Scheherazade, the Prophet","http://d12h0em1d7ppg.cloudfront.net/items/56/562/image_en/1485233615.jpg","VIN003-056","http://d12h0em1d7ppg.cloudfront.net/docs/icons/green.png","900 / 900","Resonator","Wanderer","noki","Vingolf ""Ruler All Stars""","Automatic
When this card enters your field ⇒ Put target resonator on top of its owner's deck.","""The future is one of many possibilities. No two are the same, but there is only one we will see.""","Vingolf ""Ruler All Stars""",""
"http://www.fowtcg.com/card/562","Scheherazade, the Prophet","http://d12h0em1d7ppg.cloudfront.net/items/56/562/image_en/1485233615.jpg","VIN003-056","http://d12h0em1d7ppg.cloudfront.net/docs/icons/green.png","900 / 900","Resonator","Wanderer","noki","Vingolf ""Ruler All Stars""","Automatic
When this card enters your field ⇒ Put target resonator on top of its owner's deck.","""The future is one of many possibilities. No two are the same, but there is only one we will see.""","Vingolf ""Ruler All Stars""",""
"http://www.fowtcg.com/card/562","Scheherazade, the Prophet","http://d12h0em1d7ppg.cloudfront.net/items/56/562/image_en/1485233615.jpg","VIN003-056","http://d12h0em1d7ppg.cloudfront.net/docs/icons/green.png","900 / 900","Resonator","Wanderer","noki","Vingolf ""Ruler All Stars""","Automatic
When this card enters your field ⇒ Put target resonator on top of its owner's deck.","""The future is one of many possibilities. No two are the same, but there is only one we will see.""","Vingolf ""Ruler All Stars""",""
"http://www.fowtcg.com/card/562","Scheherazade, the Prophet","http://d12h0em1d7ppg.cloudfront.net/items/56/562/image_en/1485233615.jpg","VIN003-056","http://d12h0em1d7ppg.cloudfront.net/docs/icons/green.png","900 / 900","Resonator","Wanderer","noki","Vingolf ""Ruler All Stars""","Automatic
When this card enters your field ⇒ Put target resonator on top of its owner's deck.","""The future is one of many possibilities. No two are the same, but there is only one we will see.""","Vingolf ""Ruler All Stars""",""
"http://www.fowtcg.com/card/563","Silph, Envoy of Wind","http://d12h0em1d7ppg.cloudfront.net/items/56/563/image_en/1485233617.jpg","VIN003-057","http://d12h0em1d7ppg.cloudfront.net/docs/icons/green.png","600 / 600","Resonator","Spirit","noki","Vingolf ""Ruler All Stars""","Automatic
[Resonance] Wind Magic Stone ⇒ Recover this card.","The winds blow twice.","Vingolf ""Ruler All Stars""",""
"http://www.fowtcg.com/card/563","Silph, Envoy of Wind","http://d12h0em1d7ppg.cloudfront.net/items/56/563/image_en/1485233617.jpg","VIN003-057","http://d12h0em1d7ppg.cloudfront.net/docs/icons/green.png","600 / 600","Resonator","Spirit","noki","Vingolf ""Ruler All Stars""","Automatic
[Resonance] Wind Magic Stone ⇒ Recover this card.","The winds blow twice.","Vingolf ""Ruler All Stars""",""
"http://www.fowtcg.com/card/564","The Beast Queen's Counterattack","http://d12h0em1d7ppg.cloudfront.net/items/56/564/image_en/1485233621.jpg","VIN003-058","http://d12h0em1d7ppg.cloudfront.net/docs/icons/green.png","","Chant","","fzwrAym","Vingolf ""Ruler All Stars""","Continuous
Target J/resonator you control gains [+400/+400] until end of turn. Then that card and target J/resonator your opponent controls deal damage equal to their ATK to each other.","""Valentina! I'll never forgive you!"" —Pricia, Beast Queen in Hiding","Vingolf ""Ruler All Stars""",""
"http://www.fowtcg.com/card/564","The Beast Queen's Counterattack","http://d12h0em1d7ppg.cloudfront.net/items/56/564/image_en/1485233621.jpg","VIN003-058","http://d12h0em1d7ppg.cloudfront.net/docs/icons/green.png","","Chant","","fzwrAym","Vingolf ""Ruler All Stars""","Continuous
Target J/resonator you control gains [+400/+400] until end of turn. Then that card and target J/resonator your opponent controls deal damage equal to their ATK to each other.","""Valentina! I'll never forgive you!"" —Pricia, Beast Queen in Hiding","Vingolf ""Ruler All Stars""",""
"http://www.fowtcg.com/card/565","The World Tree's Guardian","http://d12h0em1d7ppg.cloudfront.net/items/56/565/image_en/1485233622.jpg","VIN003-059","http://d12h0em1d7ppg.cloudfront.net/docs/icons/green.png","300 / 300","Resonator","Treeman","KONNO Takashi","Vingolf ""Ruler All Stars""","Activate
[G]: This card gains [+200/+200] until end of turn.","""You will abide by the laws of the world tree.""","Vingolf ""Ruler All Stars""",""
"http://www.fowtcg.com/card/566","Wind-Secluded Refuge","http://d12h0em1d7ppg.cloudfront.net/items/56/566/image_en/1485233624.jpg","VIN003-060","http://d12h0em1d7ppg.cloudfront.net/docs/icons/green.png","","Addition: Field","","saumaro","Vingolf ""Ruler All Stars""","Automatic
When a spell or ability your opponent controls targets a J/resonator you control ⇒ You may banish this card. If you do, cancel that spell or ability.","""Shion, you wait here. Leave the rest to me."" -Pricia, Pursuant of Exploding Flame","Vingolf ""Ruler All Stars""",""
"http://www.fowtcg.com/card/566","Wind-Secluded Refuge","http://d12h0em1d7ppg.cloudfront.net/items/56/566/image_en/1485233624.jpg","VIN003-060","http://d12h0em1d7ppg.cloudfront.net/docs/icons/cost/01.png","","Addition: Field","","saumaro","Vingolf ""Ruler All Stars""","Automatic
When a spell or ability your opponent controls targets a J/resonator you control ⇒ You may banish this card. If you do, cancel that spell or ability.","""Shion, you wait here. Leave the rest to me."" -Pricia, Pursuant of Exploding Flame","Vingolf ""Ruler All Stars""",""
"http://www.fowtcg.com/card/567","Abdul Alhazred, Poet of Madness","http://d12h0em1d7ppg.cloudfront.net/items/56/567/image_en/1485233625.jpg","VIN003-061","http://d12h0em1d7ppg.cloudfront.net/docs/icons/dark.png","600 / 600","Resonator","Wizard","gozz","Vingolf ""Ruler All Stars""","Continuous
Resonators entering your opponent's field don't cause their own abilities to trigger.","The songs of madness torture the soldiers of the enemy.","Vingolf ""Ruler All Stars""",""
"http://www.fowtcg.com/card/567","Abdul Alhazred, Poet of Madness","http://d12h0em1d7ppg.cloudfront.net/items/56/567/image_en/1485233625.jpg","VIN003-061","http://d12h0em1d7ppg.cloudfront.net/docs/icons/dark.png","600 / 600","Resonator","Wizard","gozz","Vingolf ""Ruler All Stars""","Continuous
Resonators entering your opponent's field don't cause their own abilities to trigger.","The songs of madness torture the soldiers of the enemy.","Vingolf ""Ruler All Stars""",""
"http://www.fowtcg.com/card/568","Baleful Avatar","http://d12h0em1d7ppg.cloudfront.net/items/56/568/image_en/1485233627.jpg","VIN003-062","http://d12h0em1d7ppg.cloudfront.net/docs/icons/dark.png","300 / 400","Resonator","Avatar","hatarisu","Vingolf ""Ruler All Stars""","Automatic
When this card enters your field ⇒ Your opponent discards a card.","The link between sorrow and resentment.","Vingolf ""Ruler All Stars""",""
"http://www.fowtcg.com/card/568","Baleful Avatar","http://d12h0em1d7ppg.cloudfront.net/items/56/568/image_en/1485233627.jpg","VIN003-062","http://d12h0em1d7ppg.cloudfront.net/docs/icons/dark.png","300 / 400","Resonator","Avatar","hatarisu","Vingolf ""Ruler All Stars""","Automatic
When this card enters your field ⇒ Your opponent discards a card.","The link between sorrow and resentment.","Vingolf ""Ruler All Stars""",""
"http://www.fowtcg.com/card/569","Dark Purge","http://d12h0em1d7ppg.cloudfront.net/items/56/569/image_en/1485233631.jpg","VIN003-063","http://d12h0em1d7ppg.cloudfront.net/docs/icons/dark.png","","Chant","","saumaro","Vingolf ""Ruler All Stars""","","""I hate the darkness because... because it shrouds my beauty!"" -Valentina, the Princess of Love","Vingolf ""Ruler All Stars""",""
"http://www.fowtcg.com/card/569","Dark Purge","http://d12h0em1d7ppg.cloudfront.net/items/56/569/image_en/1485233631.jpg","VIN003-063","http://d12h0em1d7ppg.cloudfront.net/docs/icons/cost/01.png","","Chant","","saumaro","Vingolf ""Ruler All Stars""","","""I hate the darkness because... because it shrouds my beauty!"" -Valentina, the Princess of Love","Vingolf ""Ruler All Stars""",""
"http://www.fowtcg.com/card/570","Darkness Wizard","http://d12h0em1d7ppg.cloudfront.net/items/57/570/image_en/1485233632.jpg","VIN003-064","http://d12h0em1d7ppg.cloudfront.net/docs/icons/dark.png","200 / 200","Resonator","Wizard","Moopic","Vingolf ""Ruler All Stars""","Automatic
Whenever you play a darkness chant ⇒ You may put the top card of your deck into your graveyard.","Darkness embodies chaos and thievery.","Vingolf ""Ruler All Stars""",""
"http://www.fowtcg.com/card/571","Dracula, King of the Undead","http://d12h0em1d7ppg.cloudfront.net/items/57/571/image_en/1485233633.jpg","VIN003-065","http://d12h0em1d7ppg.cloudfront.net/docs/icons/dark.png","1000 / 1000","Resonator","Vampire","Saiko Takaki","Vingolf ""Ruler All Stars""","Continuous
Your J-ruler gains [Imperishable] and Vampire in addition to its own races.","""The strength of the vampire is that no one wants to believe he is real.""","Vingolf ""Ruler All Stars""",""
"http://www.fowtcg.com/card/571","Dracula, King of the Undead","http://d12h0em1d7ppg.cloudfront.net/items/57/571/image_en/1485233633.jpg","VIN003-065","http://d12h0em1d7ppg.cloudfront.net/docs/icons/dark.png","1000 / 1000","Resonator","Vampire","Saiko Takaki","Vingolf ""Ruler All Stars""","Continuous
Your J-ruler gains [Imperishable] and Vampire in addition to its own races.","""The strength of the vampire is that no one wants to believe he is real.""","Vingolf ""Ruler All Stars""",""
"http://www.fowtcg.com/card/571","Dracula, King of the Undead","http://d12h0em1d7ppg.cloudfront.net/items/57/571/image_en/1485233633.jpg","VIN003-065","http://d12h0em1d7ppg.cloudfront.net/docs/icons/cost/02.png","1000 / 1000","Resonator","Vampire","Saiko Takaki","Vingolf ""Ruler All Stars""","Continuous
Your J-ruler gains [Imperishable] and Vampire in addition to its own races.","""The strength of the vampire is that no one wants to believe he is real.""","Vingolf ""Ruler All Stars""",""
"http://www.fowtcg.com/card/572","Endless Night","http://d12h0em1d7ppg.cloudfront.net/items/57/572/image_en/1485233635.jpg","VIN003-066","http://d12h0em1d7ppg.cloudfront.net/docs/icons/dark.png","","Chant","","aki","Vingolf ""Ruler All Stars""","","Besides destruction, fear is sowed as well.","Vingolf ""Ruler All Stars""",""
"http://www.fowtcg.com/card/572","Endless Night","http://d12h0em1d7ppg.cloudfront.net/items/57/572/image_en/1485233635.jpg","VIN003-066","http://d12h0em1d7ppg.cloudfront.net/docs/icons/dark.png","","Chant","","aki","Vingolf ""Ruler All Stars""","","Besides destruction, fear is sowed as well.","Vingolf ""Ruler All Stars""",""
"http://www.fowtcg.com/card/572","Endless Night","http://d12h0em1d7ppg.cloudfront.net/items/57/572/image_en/1485233635.jpg","VIN003-066","http://d12h0em1d7ppg.cloudfront.net/docs/icons/cost/01.png","","Chant","","aki","Vingolf ""Ruler All Stars""","","Besides destruction, fear is sowed as well.","Vingolf ""Ruler All Stars""",""
"http://www.fowtcg.com/card/573","Gill Lapis, the Pure Youth","http://d12h0em1d7ppg.cloudfront.net/items/57/573/image_en/1485233637.jpg","VIN003-067","http://d12h0em1d7ppg.cloudfront.net/docs/icons/dark.png","1000 / 1000","Resonator","Wanderer","Kutori PanYa","Vingolf ""Ruler All Stars""","Automatic
When this card enters your field ⇒ Your opponent chooses a card they control. Destroy all non-magic stone cards except this card and the chosen card. Put X [+100/+100] counters on this card, where X is the number of cards destroyed this way.","""Have I returned to?....No. This world is meaningless, I will erase it.""","Vingolf ""Ruler All Stars""",""
"http://www.fowtcg.com/card/573","Gill Lapis, the Pure Youth","http://d12h0em1d7ppg.cloudfront.net/items/57/573/image_en/1485233637.jpg","VIN003-067","http://d12h0em1d7ppg.cloudfront.net/docs/icons/dark.png","1000 / 1000","Resonator","Wanderer","Kutori PanYa","Vingolf ""Ruler All Stars""","Automatic
When this card enters your field ⇒ Your opponent chooses a card they control. Destroy all non-magic stone cards except this card and the chosen card. Put X [+100/+100] counters on this card, where X is the number of cards destroyed this way.","""Have I returned to?....No. This world is meaningless, I will erase it.""","Vingolf ""Ruler All Stars""",""
"http://www.fowtcg.com/card/573","Gill Lapis, the Pure Youth","http://d12h0em1d7ppg.cloudfront.net/items/57/573/image_en/1485233637.jpg","VIN003-067","http://d12h0em1d7ppg.cloudfront.net/docs/icons/dark.png","1000 / 1000","Resonator","Wanderer","Kutori PanYa","Vingolf ""Ruler All Stars""","Automatic
When this card enters your field ⇒ Your opponent chooses a card they control. Destroy all non-magic stone cards except this card and the chosen card. Put X [+100/+100] counters on this card, where X is the number of cards destroyed this way.","""Have I returned to?....No. This world is meaningless, I will erase it.""","Vingolf ""Ruler All Stars""",""
"http://www.fowtcg.com/card/573","Gill Lapis, the Pure Youth","http://d12h0em1d7ppg.cloudfront.net/items/57/573/image_en/1485233637.jpg","VIN003-067","http://d12h0em1d7ppg.cloudfront.net/docs/icons/cost/03.png","1000 / 1000","Resonator","Wanderer","Kutori PanYa","Vingolf ""Ruler All Stars""","Automatic
When this card enters your field ⇒ Your opponent chooses a card they control. Destroy all non-magic stone cards except this card and the chosen card. Put X [+100/+100] counters on this card, where X is the number of cards destroyed this way.","""Have I returned to?....No. This world is meaningless, I will erase it.""","Vingolf ""Ruler All Stars""",""
"http://www.fowtcg.com/card/574","Guardian of Darkness Magic Stones","http://d12h0em1d7ppg.cloudfront.net/items/57/574/image_en/1485233639.jpg","VIN003-068","","","Ruler","Dragon","Mad","Vingolf ""Ruler All Stars""","Automatic
[Resonance] Darkness Magic Stone ⇒ Target J/resonator gains [-100/-100] until end of turn.","The darkness guardian addresses the worthy in a jet black void.","Vingolf ""Ruler All Stars""",""
"http://www.fowtcg.com/card/575","Avatar of Darkness Magic Stones","http://d12h0em1d7ppg.cloudfront.net/items/57/575/image_en/1485233664.jpg","VIN003-068J","","1200 / 1000","J-ruler","Dragon","Mad","Vingolf ""Ruler All Stars""","Automatic
When this card enters your field ⇒ Your opponent banishes two resonators.","The avatar's darkness steals everything away.","Vingolf ""Ruler All Stars""",""
"http://www.fowtcg.com/card/576","Loki, Being of the End","http://d12h0em1d7ppg.cloudfront.net/items/57/576/image_en/1485233666.jpg","VIN003-069","http://d12h0em1d7ppg.cloudfront.net/docs/icons/dark.png","500 / 100","Resonator","Myth","ishishou","Vingolf ""Ruler All Stars""","Automatic
This card gains [Flying] and ""Whenever this card deals damage ⇒ You gain that much life."" as long as you have ten or more cards in your graveyard.","Death is not the end. The end is far worse.","Vingolf ""Ruler All Stars""",""
"http://www.fowtcg.com/card/576","Loki, Being of the End","http://d12h0em1d7ppg.cloudfront.net/items/57/576/image_en/1485233666.jpg","VIN003-069","http://d12h0em1d7ppg.cloudfront.net/docs/icons/dark.png","500 / 100","Resonator","Myth","ishishou","Vingolf ""Ruler All Stars""","Automatic
This card gains [Flying] and ""Whenever this card deals damage ⇒ You gain that much life."" as long as you have ten or more cards in your graveyard.","Death is not the end. The end is far worse.","Vingolf ""Ruler All Stars""",""
"http://www.fowtcg.com/card/577","Rezzard, the Vampire Lord","http://d12h0em1d7ppg.cloudfront.net/items/57/577/image_en/1485233667.jpg","VIN003-070","http://d12h0em1d7ppg.cloudfront.net/docs/icons/dark.png","800 / 800","Resonator","Vampire","touge369","Vingolf ""Ruler All Stars""","Automatic
This card gains ""Whenever this card deals damage ⇒ You gain that much life."" as long as your J/ruler is ""Rezzard, the Undead Lord"" or ""Rezzard, the Desecrating Vampire"".","""Do not misunderstand. I offer an invitation to a new life, not fixing your old one.""","Vingolf ""Ruler All Stars""",""
"http://www.fowtcg.com/card/577","Rezzard, the Vampire Lord","http://d12h0em1d7ppg.cloudfront.net/items/57/577/image_en/1485233667.jpg","VIN003-070","http://d12h0em1d7ppg.cloudfront.net/docs/icons/dark.png","800 / 800","Resonator","Vampire","touge369","Vingolf ""Ruler All Stars""","Automatic
This card gains ""Whenever this card deals damage ⇒ You gain that much life."" as long as your J/ruler is ""Rezzard, the Undead Lord"" or ""Rezzard, the Desecrating Vampire"".","""Do not misunderstand. I offer an invitation to a new life, not fixing your old one.""","Vingolf ""Ruler All Stars""",""
"http://www.fowtcg.com/card/577","Rezzard, the Vampire Lord","http://d12h0em1d7ppg.cloudfront.net/items/57/577/image_en/1485233667.jpg","VIN003-070","http://d12h0em1d7ppg.cloudfront.net/docs/icons/dark.png","800 / 800","Resonator","Vampire","touge369","Vingolf ""Ruler All Stars""","Automatic
This card gains ""Whenever this card deals damage ⇒ You gain that much life."" as long as your J/ruler is ""Rezzard, the Undead Lord"" or ""Rezzard, the Desecrating Vampire"".","""Do not misunderstand. I offer an invitation to a new life, not fixing your old one.""","Vingolf ""Ruler All Stars""",""
"http://www.fowtcg.com/card/578","Sariel, Lord of the Moons","http://d12h0em1d7ppg.cloudfront.net/items/57/578/image_en/1485233669.jpg","VIN003-071","http://d12h0em1d7ppg.cloudfront.net/docs/icons/dark.png","600 / 800","Resonator","Fallen Angel","lack","Vingolf ""Ruler All Stars""","Activate
[B], [rest], banish another resonator: Put target resonator from your graveyard into your field. Play this ability only during your turn.","Moonlight blurs the line between the living and dead.","Vingolf ""Ruler All Stars""",""
"http://www.fowtcg.com/card/578","Sariel, Lord of the Moons","http://d12h0em1d7ppg.cloudfront.net/items/57/578/image_en/1485233669.jpg","VIN003-071","http://d12h0em1d7ppg.cloudfront.net/docs/icons/dark.png","600 / 800","Resonator","Fallen Angel","lack","Vingolf ""Ruler All Stars""","Activate
[B], [rest], banish another resonator: Put target resonator from your graveyard into your field. Play this ability only during your turn.","Moonlight blurs the line between the living and dead.","Vingolf ""Ruler All Stars""",""
"http://www.fowtcg.com/card/578","Sariel, Lord of the Moons","http://d12h0em1d7ppg.cloudfront.net/items/57/578/image_en/1485233669.jpg","VIN003-071","http://d12h0em1d7ppg.cloudfront.net/docs/icons/cost/02.png","600 / 800","Resonator","Fallen Angel","lack","Vingolf ""Ruler All Stars""","Activate
[B], [rest], banish another resonator: Put target resonator from your graveyard into your field. Play this ability only during your turn.","Moonlight blurs the line between the living and dead.","Vingolf ""Ruler All Stars""",""
"http://www.fowtcg.com/card/579","Shade, Envoy of Darkness","http://d12h0em1d7ppg.cloudfront.net/items/57/579/image_en/1485233671.jpg","VIN003-072","http://d12h0em1d7ppg.cloudfront.net/docs/icons/dark.png","600 / 400","Resonator","Spirit","touge369","Vingolf ""Ruler All Stars""","Automatic
[Resonance] Darkness Magic Stone ⇒ You may pay [B][B][B]. If you do, put this card from your graveyard into your hand.","Creeping unseen through the darkness. You only see it when it's too late.","Vingolf ""Ruler All Stars""",""
"http://www.fowtcg.com/card/579","Shade, Envoy of Darkness","http://d12h0em1d7ppg.cloudfront.net/items/57/579/image_en/1485233671.jpg","VIN003-072","http://d12h0em1d7ppg.cloudfront.net/docs/icons/dark.png","600 / 400","Resonator","Spirit","touge369","Vingolf ""Ruler All Stars""","Automatic
[Resonance] Darkness Magic Stone ⇒ You may pay [B][B][B]. If you do, put this card from your graveyard into your hand.","Creeping unseen through the darkness. You only see it when it's too late.","Vingolf ""Ruler All Stars""",""
"http://www.fowtcg.com/card/580","The Gate of the Silver Key","http://d12h0em1d7ppg.cloudfront.net/items/58/580/image_en/1485233673.jpg","VIN003-073","http://d12h0em1d7ppg.cloudfront.net/docs/icons/dark.png","","Addition","","tokiwa","Vingolf ""Ruler All Stars""","Activate
[B][B][2], banish this card: Your opponent discards a card.","""Huh? Isn't that...hehehe. Things are getting interesting."" -Nyarlathotep, the True False Legend","Vingolf ""Ruler All Stars""",""
"http://www.fowtcg.com/card/581","The Scorn of Dark Alice","http://d12h0em1d7ppg.cloudfront.net/items/58/581/image_en/1485233674.jpg","VIN003-074","http://d12h0em1d7ppg.cloudfront.net/docs/icons/dark.png","","Chant","","Shirono Muku","Vingolf ""Ruler All Stars""","Continuous
Look at target opponent's hand and choose a resonator. They discard that card.","""I don't need that memory.""—Dark Alice, Maiden of Slaughter","Vingolf ""Ruler All Stars""",""
"http://www.fowtcg.com/card/582","Unseen Pressure","http://d12h0em1d7ppg.cloudfront.net/items/58/582/image_en/1485233676.jpg","VIN003-075","http://d12h0em1d7ppg.cloudfront.net/docs/icons/dark.png","","Chant","","tokiwa","Vingolf ""Ruler All Stars""","","Sometimes it's what you don't see that terrifies.","Vingolf ""Ruler All Stars""",""
"http://www.fowtcg.com/card/583","Alisaris, Scholar of Phenomena","http://d12h0em1d7ppg.cloudfront.net/items/58/583/image_en/1485233677.jpg","VIN003-076","http://d12h0em1d7ppg.cloudfront.net/docs/icons/red.png","700 / 600","Resonator","Wizard","BANAMONS*","Vingolf ""Ruler All Stars""","Automatic
When this card is put into a graveyard from your field ⇒ You may play a chant card from your removed area.","""My records are ready to strike at a moment's notice.""","Vingolf ""Ruler All Stars""",""
"http://www.fowtcg.com/card/583","Alisaris, Scholar of Phenomena","http://d12h0em1d7ppg.cloudfront.net/items/58/583/image_en/1485233677.jpg","VIN003-076","http://d12h0em1d7ppg.cloudfront.net/docs/icons/blue.png","700 / 600","Resonator","Wizard","BANAMONS*","Vingolf ""Ruler All Stars""","Automatic
When this card is put into a graveyard from your field ⇒ You may play a chant card from your removed area.","""My records are ready to strike at a moment's notice.""","Vingolf ""Ruler All Stars""",""
"http://www.fowtcg.com/card/583","Alisaris, Scholar of Phenomena","http://d12h0em1d7ppg.cloudfront.net/items/58/583/image_en/1485233677.jpg","VIN003-076","http://d12h0em1d7ppg.cloudfront.net/docs/icons/cost/01.png","700 / 600","Resonator","Wizard","BANAMONS*","Vingolf ""Ruler All Stars""","Automatic
When this card is put into a graveyard from your field ⇒ You may play a chant card from your removed area.","""My records are ready to strike at a moment's notice.""","Vingolf ""Ruler All Stars""",""
"http://www.fowtcg.com/card/584","Blazer Gill Rabus, the Pursuer","http://d12h0em1d7ppg.cloudfront.net/items/58/584/image_en/1485233679.jpg","VIN003-077","http://d12h0em1d7ppg.cloudfront.net/docs/icons/red.png","900 / 900","Resonator","Minion of Primogenitor","Kusanagi Tyouen","Vingolf ""Ruler All Stars""","Automatic
When this card enters your field ⇒ Destroy target J-ruler.","Pursuing his target through death and beyond. It is all he knows now.","Vingolf ""Ruler All Stars""",""
"http://www.fowtcg.com/card/584","Blazer Gill Rabus, the Pursuer","http://d12h0em1d7ppg.cloudfront.net/items/58/584/image_en/1485233679.jpg","VIN003-077","http://d12h0em1d7ppg.cloudfront.net/docs/icons/dark.png","900 / 900","Resonator","Minion of Primogenitor","Kusanagi Tyouen","Vingolf ""Ruler All Stars""","Automatic
When this card enters your field ⇒ Destroy target J-ruler.","Pursuing his target through death and beyond. It is all he knows now.","Vingolf ""Ruler All Stars""",""
"http://www.fowtcg.com/card/584","Blazer Gill Rabus, the Pursuer","http://d12h0em1d7ppg.cloudfront.net/items/58/584/image_en/1485233679.jpg","VIN003-077","http://d12h0em1d7ppg.cloudfront.net/docs/icons/cost/02.png","900 / 900","Resonator","Minion of Primogenitor","Kusanagi Tyouen","Vingolf ""Ruler All Stars""","Automatic
When this card enters your field ⇒ Destroy target J-ruler.","Pursuing his target through death and beyond. It is all he knows now.","Vingolf ""Ruler All Stars""",""
"http://www.fowtcg.com/card/585","Jeanne d'Arc, the Maid of Orl?ans","http://d12h0em1d7ppg.cloudfront.net/items/58/585/image_en/1485233681.jpg","VIN003-078","http://d12h0em1d7ppg.cloudfront.net/docs/icons/white.png","600 / 600","Resonator","Myth","Yuko Nagasaki","Vingolf ""Ruler All Stars""","Automatic
When this card is put into a graveyard from your field ⇒ Draw a card.","The woman fights for her country, and the people are eternally grateful.","Vingolf ""Ruler All Stars""",""
"http://www.fowtcg.com/card/585","Jeanne d'Arc, the Maid of Orl?ans","http://d12h0em1d7ppg.cloudfront.net/items/58/585/image_en/1485233681.jpg","VIN003-078","http://d12h0em1d7ppg.cloudfront.net/docs/icons/blue.png","600 / 600","Resonator","Myth","Yuko Nagasaki","Vingolf ""Ruler All Stars""","Automatic
When this card is put into a graveyard from your field ⇒ Draw a card.","The woman fights for her country, and the people are eternally grateful.","Vingolf ""Ruler All Stars""",""
"http://www.fowtcg.com/card/585","Jeanne d'Arc, the Maid of Orl?ans","http://d12h0em1d7ppg.cloudfront.net/items/58/585/image_en/1485233681.jpg","VIN003-078","http://d12h0em1d7ppg.cloudfront.net/docs/icons/cost/01.png","600 / 600","Resonator","Myth","Yuko Nagasaki","Vingolf ""Ruler All Stars""","Automatic
When this card is put into a graveyard from your field ⇒ Draw a card.","The woman fights for her country, and the people are eternally grateful.","Vingolf ""Ruler All Stars""",""
"http://www.fowtcg.com/card/586","Karmic Governor, Laplace","http://d12h0em1d7ppg.cloudfront.net/items/58/586/image_en/1485233682.jpg","VIN003-079","http://d12h0em1d7ppg.cloudfront.net/docs/icons/red.png","1200 / 1200","Resonator","Clown","Kusanagi Tyouen","Vingolf ""Ruler All Stars""","Automatic
Whenever this card attacks ⇒ J/resonators you control gain [Flying] and [First Strike] until end of turn.","The start is abrupt. The end is inevitable.","Vingolf ""Ruler All Stars""",""
"http://www.fowtcg.com/card/586","Karmic Governor, Laplace","http://d12h0em1d7ppg.cloudfront.net/items/58/586/image_en/1485233682.jpg","VIN003-079","http://d12h0em1d7ppg.cloudfront.net/docs/icons/green.png","1200 / 1200","Resonator","Clown","Kusanagi Tyouen","Vingolf ""Ruler All Stars""","Automatic
Whenever this card attacks ⇒ J/resonators you control gain [Flying] and [First Strike] until end of turn.","The start is abrupt. The end is inevitable.","Vingolf ""Ruler All Stars""",""
"http://www.fowtcg.com/card/586","Karmic Governor, Laplace","http://d12h0em1d7ppg.cloudfront.net/items/58/586/image_en/1485233682.jpg","VIN003-079","http://d12h0em1d7ppg.cloudfront.net/docs/icons/cost/03.png","1200 / 1200","Resonator","Clown","Kusanagi Tyouen","Vingolf ""Ruler All Stars""","Automatic
Whenever this card attacks ⇒ J/resonators you control gain [Flying] and [First Strike] until end of turn.","The start is abrupt. The end is inevitable.","Vingolf ""Ruler All Stars""",""
"http://www.fowtcg.com/card/587","Machina, the Clockwork King","http://d12h0em1d7ppg.cloudfront.net/items/58/587/image_en/1485233686.jpg","VIN003-080","http://d12h0em1d7ppg.cloudfront.net/docs/icons/blue.png","600 / 600","Resonator","Machine","Rumie","Vingolf ""Ruler All Stars""","Automatic
When this card enters your field ⇒ Reveal the top card of your deck. If it's a Machine, you may put it into your field. At the next end of turn ⇒ Return it to its owner's hand.","Still searching for someone's lost heart.","Vingolf ""Ruler All Stars""",""
"http://www.fowtcg.com/card/587","Machina, the Clockwork King","http://d12h0em1d7ppg.cloudfront.net/items/58/587/image_en/1485233686.jpg","VIN003-080","http://d12h0em1d7ppg.cloudfront.net/docs/icons/dark.png","600 / 600","Resonator","Machine","Rumie","Vingolf ""Ruler All Stars""","Automatic
When this card enters your field ⇒ Reveal the top card of your deck. If it's a Machine, you may put it into your field. At the next end of turn ⇒ Return it to its owner's hand.","Still searching for someone's lost heart.","Vingolf ""Ruler All Stars""",""
"http://www.fowtcg.com/card/587","Machina, the Clockwork King","http://d12h0em1d7ppg.cloudfront.net/items/58/587/image_en/1485233686.jpg","VIN003-080","http://d12h0em1d7ppg.cloudfront.net/docs/icons/cost/01.png","600 / 600","Resonator","Machine","Rumie","Vingolf ""Ruler All Stars""","Automatic
When this card enters your field ⇒ Reveal the top card of your deck. If it's a Machine, you may put it into your field. At the next end of turn ⇒ Return it to its owner's hand.","Still searching for someone's lost heart.","Vingolf ""Ruler All Stars""",""
"http://www.fowtcg.com/card/588","Odin the Omniscient","http://d12h0em1d7ppg.cloudfront.net/items/58/588/image_en/1485233687.jpg","VIN003-081","http://d12h0em1d7ppg.cloudfront.net/docs/icons/green.png","1000 / 1000","Resonator","Myth","kakotomirai","Vingolf ""Ruler All Stars""","Continuous
If you would produce will with a magic stone you control, you produce that will plus one of the same kind as another will produced this way instead.","Omniscience means omnipotence.","Vingolf ""Ruler All Stars""",""
"http://www.fowtcg.com/card/588","Odin the Omniscient","http://d12h0em1d7ppg.cloudfront.net/items/58/588/image_en/1485233687.jpg","VIN003-081","http://d12h0em1d7ppg.cloudfront.net/docs/icons/dark.png","1000 / 1000","Resonator","Myth","kakotomirai","Vingolf ""Ruler All Stars""","Continuous
If you would produce will with a magic stone you control, you produce that will plus one of the same kind as another will produced this way instead.","Omniscience means omnipotence.","Vingolf ""Ruler All Stars""",""
"http://www.fowtcg.com/card/588","Odin the Omniscient","http://d12h0em1d7ppg.cloudfront.net/items/58/588/image_en/1485233687.jpg","VIN003-081","http://d12h0em1d7ppg.cloudfront.net/docs/icons/cost/04.png","1000 / 1000","Resonator","Myth","kakotomirai","Vingolf ""Ruler All Stars""","Continuous
If you would produce will with a magic stone you control, you produce that will plus one of the same kind as another will produced this way instead.","Omniscience means omnipotence.","Vingolf ""Ruler All Stars""",""
"http://www.fowtcg.com/card/589","Pandora, the Goddess of Light and Dark","http://d12h0em1d7ppg.cloudfront.net/items/58/589/image_en/1485233689.jpg","VIN003-082","http://d12h0em1d7ppg.cloudfront.net/docs/icons/white.png","500 / 700","Resonator","Ancient/Human","Foo Midori","Vingolf ""Ruler All Stars""","Automatic
Whenever this card blocks ⇒ [Force] 1. You gain X00 life, where X is the result of the roll.","""I see...I remember now. I'm...""","Vingolf ""Ruler All Stars""",""
"http://www.fowtcg.com/card/589","Pandora, the Goddess of Light and Dark","http://d12h0em1d7ppg.cloudfront.net/items/58/589/image_en/1485233689.jpg","VIN003-082","http://d12h0em1d7ppg.cloudfront.net/docs/icons/dark.png","500 / 700","Resonator","Ancient/Human","Foo Midori","Vingolf ""Ruler All Stars""","Automatic
Whenever this card blocks ⇒ [Force] 1. You gain X00 life, where X is the result of the roll.","""I see...I remember now. I'm...""","Vingolf ""Ruler All Stars""",""
"http://www.fowtcg.com/card/590","Snow White, the Avenger","http://d12h0em1d7ppg.cloudfront.net/items/59/590/image_en/1485233690.jpg","VIN003-083","http://d12h0em1d7ppg.cloudfront.net/docs/icons/white.png","800 / 800","Resonator","Fairy Tale","KONNO Takashi","Vingolf ""Ruler All Stars""","Continuous
This card gains [+400/+400] as long as your life is 1000 or less.","Revenge is sweeter than any apple.","Vingolf ""Ruler All Stars""",""
"http://www.fowtcg.com/card/590","Snow White, the Avenger","http://d12h0em1d7ppg.cloudfront.net/items/59/590/image_en/1485233690.jpg","VIN003-083","http://d12h0em1d7ppg.cloudfront.net/docs/icons/red.png","800 / 800","Resonator","Fairy Tale","KONNO Takashi","Vingolf ""Ruler All Stars""","Continuous
This card gains [+400/+400] as long as your life is 1000 or less.","Revenge is sweeter than any apple.","Vingolf ""Ruler All Stars""",""
"http://www.fowtcg.com/card/590","Snow White, the Avenger","http://d12h0em1d7ppg.cloudfront.net/items/59/590/image_en/1485233690.jpg","VIN003-083","http://d12h0em1d7ppg.cloudfront.net/docs/icons/cost/01.png","800 / 800","Resonator","Fairy Tale","KONNO Takashi","Vingolf ""Ruler All Stars""","Continuous
This card gains [+400/+400] as long as your life is 1000 or less.","Revenge is sweeter than any apple.","Vingolf ""Ruler All Stars""",""
"http://www.fowtcg.com/card/591","Vafthruthnir, Giant Wiseman","http://d12h0em1d7ppg.cloudfront.net/items/59/591/image_en/1485233692.jpg","VIN003-084","http://d12h0em1d7ppg.cloudfront.net/docs/icons/blue.png","600 / 600","Resonator","Giant","MATSUMOTO EIGHT","Vingolf ""Ruler All Stars""","Automatic
When this card enters your field ⇒ Cancel target resonator spell.","""Oh, sorry. Were you in the middle of something?""","Vingolf ""Ruler All Stars""",""
"http://www.fowtcg.com/card/591","Vafthruthnir, Giant Wiseman","http://d12h0em1d7ppg.cloudfront.net/items/59/591/image_en/1485233692.jpg","VIN003-084","http://d12h0em1d7ppg.cloudfront.net/docs/icons/green.png","600 / 600","Resonator","Giant","MATSUMOTO EIGHT","Vingolf ""Ruler All Stars""","Automatic
When this card enters your field ⇒ Cancel target resonator spell.","""Oh, sorry. Were you in the middle of something?""","Vingolf ""Ruler All Stars""",""
"http://www.fowtcg.com/card/591","Vafthruthnir, Giant Wiseman","http://d12h0em1d7ppg.cloudfront.net/items/59/591/image_en/1485233692.jpg","VIN003-084","http://d12h0em1d7ppg.cloudfront.net/docs/icons/cost/02.png","600 / 600","Resonator","Giant","MATSUMOTO EIGHT","Vingolf ""Ruler All Stars""","Automatic
When this card enters your field ⇒ Cancel target resonator spell.","""Oh, sorry. Were you in the middle of something?""","Vingolf ""Ruler All Stars""",""
"http://www.fowtcg.com/card/592","Yggdrasil, the First Tree","http://d12h0em1d7ppg.cloudfront.net/items/59/592/image_en/1485233693.jpg","VIN003-085","http://d12h0em1d7ppg.cloudfront.net/docs/icons/white.png","0 / 1200","Resonator","Treasure Tree","Kusanagi Tyouen","Vingolf ""Ruler All Stars""","Activate
[rest]: Produce two wills in any combination of attributes.","The light of Yggdrasil shines with many colors.","Vingolf ""Ruler All Stars""",""
"http://www.fowtcg.com/card/592","Yggdrasil, the First Tree","http://d12h0em1d7ppg.cloudfront.net/items/59/592/image_en/1485233693.jpg","VIN003-085","http://d12h0em1d7ppg.cloudfront.net/docs/icons/green.png","0 / 1200","Resonator","Treasure Tree","Kusanagi Tyouen","Vingolf ""Ruler All Stars""","Activate
[rest]: Produce two wills in any combination of attributes.","The light of Yggdrasil shines with many colors.","Vingolf ""Ruler All Stars""",""
"http://www.fowtcg.com/card/592","Yggdrasil, the First Tree","http://d12h0em1d7ppg.cloudfront.net/items/59/592/image_en/1485233693.jpg","VIN003-085","http://d12h0em1d7ppg.cloudfront.net/docs/icons/cost/02.png","0 / 1200","Resonator","Treasure Tree","Kusanagi Tyouen","Vingolf ""Ruler All Stars""","Activate
[rest]: Produce two wills in any combination of attributes.","The light of Yggdrasil shines with many colors.","Vingolf ""Ruler All Stars""",""
"http://www.fowtcg.com/card/593","Burning Water Magic Stone","http://d12h0em1d7ppg.cloudfront.net/items/59/593/image_en/1485233696.jpg","VIN003-086","","","Special Magic Stone","","sasaki kounosuke","Vingolf ""Ruler All Stars""","Activate
[rest], remove a magic counter from this card: Produce [U].","","Vingolf ""Ruler All Stars""",""
"http://www.fowtcg.com/card/594","Gusting Darkness Magic Stone","http://d12h0em1d7ppg.cloudfront.net/items/59/594/image_en/1485233697.jpg","VIN003-087","","","Special Magic Stone","","touge369","Vingolf ""Ruler All Stars""","Activate
[rest], remove a magic counter from this card: Produce [B].","","Vingolf ""Ruler All Stars""",""
"http://www.fowtcg.com/card/595","Magic Stone of Murky Waters","http://d12h0em1d7ppg.cloudfront.net/items/59/595/image_en/1485233699.jpg","VIN003-088","","","Special Magic Stone","","tokiwa","Vingolf ""Ruler All Stars""","Activate
[rest], remove a magic counter from this card: Produce [B].","","Vingolf ""Ruler All Stars""",""
"http://www.fowtcg.com/card/596","Magic Stone of Nature's Beauty","http://d12h0em1d7ppg.cloudfront.net/items/59/596/image_en/1485233700.jpg","VIN003-089","","","Special Magic Stone","","ShiroYayoi","Vingolf ""Ruler All Stars""","Activate
[rest], remove a magic counter from this card: Produce [W].","","Vingolf ""Ruler All Stars""",""
"http://www.fowtcg.com/card/597","Magic Stone of Purgatory","http://d12h0em1d7ppg.cloudfront.net/items/59/597/image_en/1485233701.jpg","VIN003-090","","","Special Magic Stone","","gozz","Vingolf ""Ruler All Stars""","Activate
[rest], remove a magic counter from this card: Produce [R].","","Vingolf ""Ruler All Stars""",""
"http://www.fowtcg.com/card/598","Magic Stone of Radiant Waves","http://d12h0em1d7ppg.cloudfront.net/items/59/598/image_en/1485233703.jpg","VIN003-091","","","Special Magic Stone","","Tomomi TOMIDA","Vingolf ""Ruler All Stars""","Activate
[rest], remove a magic counter from this card: Produce [U].","","Vingolf ""Ruler All Stars""",""
"http://www.fowtcg.com/card/599","Magic Stone of Summer's Breeze","http://d12h0em1d7ppg.cloudfront.net/items/59/599/image_en/1485233705.jpg","VIN003-092","","","Special Magic Stone","","Yuko Nagasaki","Vingolf ""Ruler All Stars""","Activate
[rest], remove a magic counter from this card: Produce [G].","","Vingolf ""Ruler All Stars""",""
"http://www.fowtcg.com/card/600","Misty Wind Magic Stone","http://d12h0em1d7ppg.cloudfront.net/items/60/600/image_en/1485233708.jpg","VIN003-093","","","Special Magic Stone","","kurisu","Vingolf ""Ruler All Stars""","Activate
[rest], remove a magic counter from this card: Produce [G].","","Vingolf ""Ruler All Stars""",""
"http://www.fowtcg.com/card/601","Shadowy Light Magic Stone","http://d12h0em1d7ppg.cloudfront.net/items/60/601/image_en/1485233709.jpg","VIN003-094","","","Special Magic Stone","","BANAMONS*","Vingolf ""Ruler All Stars""","Activate
[rest], remove a magic counter from this card: Produce [W].","","Vingolf ""Ruler All Stars""",""
"http://www.fowtcg.com/card/602","Sparkling Fire Magic Stone","http://d12h0em1d7ppg.cloudfront.net/items/60/602/image_en/1485233711.jpg","VIN003-095","","","Special Magic Stone","","MATSUMOTO EIGHT","Vingolf ""Ruler All Stars""","Activate
[rest], remove a magic counter from this card: Produce [R].","","Vingolf ""Ruler All Stars""",""
"http://www.fowtcg.com/card/603","Darkness Magic Stone","http://d12h0em1d7ppg.cloudfront.net/items/60/603/image_en/1485233714.jpg","VIN003-096","","","Basic Magic Stone","","Matsurika Yoko","Vingolf ""Ruler All Stars""","Activate
[rest]: Produce [B].","","Vingolf ""Ruler All Stars""",""
"http://www.fowtcg.com/card/604","Fire Magic Stone","http://d12h0em1d7ppg.cloudfront.net/items/60/604/image_en/1485233716.jpg","VIN003-097","","","Basic Magic Stone","","SIGMAN","Vingolf ""Ruler All Stars""","Activate
[rest]: Produce [R].","","Vingolf ""Ruler All Stars""",""
"http://www.fowtcg.com/card/605","Light Magic Stone","http://d12h0em1d7ppg.cloudfront.net/items/60/605/image_en/1485233720.jpg","VIN003-098","","","Basic Magic Stone","","lack","Vingolf ""Ruler All Stars""","Activate
[rest]: Produce [W].","","Vingolf ""Ruler All Stars""",""
"http://www.fowtcg.com/card/606","Water Magic Stone","http://d12h0em1d7ppg.cloudfront.net/items/60/606/image_en/1485233721.jpg","VIN003-099","","","Basic Magic Stone","","Wednesday","Vingolf ""Ruler All Stars""","Activate
[rest]: Produce [U].","","Vingolf ""Ruler All Stars""",""
"http://www.fowtcg.com/card/607","Wind Magic Stone","http://d12h0em1d7ppg.cloudfront.net/items/60/607/image_en/1485233722.jpg","VIN003-100","","","Basic Magic Stone","","ComamitsuZaki","Vingolf ""Ruler All Stars""","Activate
[rest]: Produce [G].","","Vingolf ""Ruler All Stars""",""
"http://www.fowtcg.com/card/608","Dragon","http://d12h0em1d7ppg.cloudfront.net/items/60/608/image_en/1485233726.jpg","004","","500 / 500","Rsonator Token","","koubou","Vingolf ""Ruler All Stars""","","","Vingolf ""Ruler All Stars""",""
"http://www.fowtcg.com/card/609","Dragon","http://d12h0em1d7ppg.cloudfront.net/items/60/609/image_en/1485233728.jpg","004*","","500 / 500","Rsonator Token","","Shirono Muku","Vingolf ""Ruler All Stars""","","","Vingolf ""Ruler All Stars""",""
"http://www.fowtcg.com/card/610","Rabbit","http://d12h0em1d7ppg.cloudfront.net/items/61/610/image_en/1485233730.jpg","005","","100 / 100","Resonator Token","","bambi kojo","Vingolf ""Ruler All Stars""","","","Vingolf ""Ruler All Stars""",""
"http://www.fowtcg.com/card/611","Rabbit","http://d12h0em1d7ppg.cloudfront.net/items/61/611/image_en/1485233733.jpg","005*","","100 / 100","Resonator Token","","mie","Vingolf ""Ruler All Stars""","","","Vingolf ""Ruler All Stars""",""
"http://www.fowtcg.com/card/2608","Elf","http://d12h0em1d7ppg.cloudfront.net/items/26/2608/image_en/1487664927.jpg","006","","100 / 100","Resonator Token","Elf","Fushikaden K.K.","Vingolf ""Ruler All Stars""","","","Vingolf ""Ruler All Stars""","T"
"http://www.fowtcg.com/card/2609","Elf","http://d12h0em1d7ppg.cloudfront.net/items/26/2609/image_en/1487664929.jpg","006*","","100 / 100","Resonator Token","Elf","zarusoba","Vingolf ""Ruler All Stars""","","","Vingolf ""Ruler All Stars""","T"