"card_url","card_name","card_image","card_number","card_rarity","card_type","card_race","card_artist","card_expansion","card_text","card_flavor_text","card_all_sets","card_att_def","card_cost_attribute"
"http://www.fowtcg.com/card/648","Arla, the Winged Lord","http://d12h0em1d7ppg.cloudfront.net/items/64/648/image_en/1485235224.jpg","SKL-001","R","Ruler","Seven Kings","今野準史","The Seven Kings of the Lands","Activate
[W][W]: Target resonator with [Flying] you control gains [+200/+200] until end of turn.","The ruler of Armalla, the flying city. The wingmen who live on Armalla, the heavenly garden, do not hesitate to sacrifice themselves in its defense. The angels, are summoned to fight thanks to the magic stones.","The Seven Kings of the Lands","",""
"http://www.fowtcg.com/card/649","Arla, the Hegemon of the Sky","http://d12h0em1d7ppg.cloudfront.net/items/64/649/image_en/1485235225.jpg","SKL-001J","JR","J-Ruler","Seven Kings","今野隼史","The Seven Kings of the Lands","Activate
God's Art [W][W][2]: Whenever a J/resonator you control attacks this turn ⇒ this card deals 400 damage to target resonator your opponent controls for each time J/resonators you control attacked this turn. (Play God's Art only once per game.)","""The sky is weeping... the world is changing unrestrainedly.""","The Seven Kings of the Lands","900 / 700",""
"http://www.fowtcg.com/card/650","Bai Hu, the Sacred Beast","http://d12h0em1d7ppg.cloudfront.net/items/65/650/image_en/1485235227.jpg","SKL-002","R","Resonator","Four Sacred Beasts","fzwrAym","The Seven Kings of the Lands","Automatic
When this card enters your field ⇒ You gain 200 life for each Four Sacred Beasts you control.","It's the Patron's symbol.","The Seven Kings of the Lands","600 / 600","http://d12h0em1d7ppg.cloudfront.net/docs/icons/white.png"
"http://www.fowtcg.com/card/650","Bai Hu, the Sacred Beast","http://d12h0em1d7ppg.cloudfront.net/items/65/650/image_en/1485235227.jpg","SKL-002","R","Resonator","Four Sacred Beasts","fzwrAym","The Seven Kings of the Lands","Automatic
When this card enters your field ⇒ You gain 200 life for each Four Sacred Beasts you control.","It's the Patron's symbol.","The Seven Kings of the Lands","600 / 600","http://d12h0em1d7ppg.cloudfront.net/docs/icons/cost/02.png"
"http://www.fowtcg.com/card/651","Bedivere, the Restorer of Souls","http://d12h0em1d7ppg.cloudfront.net/items/65/651/image_en/1485235228.jpg","SKL-003","SR","Resonator","Knight of the Round Table","kakotomirai","The Seven Kings of the Lands","Automatic
When this card enters your field ⇒ You may remove target resonator with 1000 or more ATK from the game.","""The soul just wants a place to go, nothing more.""","The Seven Kings of the Lands","700 / 700","http://d12h0em1d7ppg.cloudfront.net/docs/icons/white.png"
"http://www.fowtcg.com/card/651","Bedivere, the Restorer of Souls","http://d12h0em1d7ppg.cloudfront.net/items/65/651/image_en/1485235228.jpg","SKL-003","SR","Resonator","Knight of the Round Table","kakotomirai","The Seven Kings of the Lands","Automatic
When this card enters your field ⇒ You may remove target resonator with 1000 or more ATK from the game.","""The soul just wants a place to go, nothing more.""","The Seven Kings of the Lands","700 / 700","http://d12h0em1d7ppg.cloudfront.net/docs/icons/white.png"
"http://www.fowtcg.com/card/651","Bedivere, the Restorer of Souls","http://d12h0em1d7ppg.cloudfront.net/items/65/651/image_en/1485235228.jpg","SKL-003","SR","Resonator","Knight of the Round Table","kakotomirai","The Seven Kings of the Lands","Automatic
When this card enters your field ⇒ You may remove target resonator with 1000 or more ATK from the game.","""The soul just wants a place to go, nothing more.""","The Seven Kings of the Lands","700 / 700","http://d12h0em1d7ppg.cloudfront.net/docs/icons/cost/01.png"
"http://www.fowtcg.com/card/652","Blessed Holy Wolf","http://d12h0em1d7ppg.cloudfront.net/items/65/652/image_en/1485235230.jpg","SKL-004","C","Resonator","Holy Beast","瞬く","The Seven Kings of the Lands","Automatic
When this card enters your field ⇒ You may destroy target addition.","The kingdom offers its blessing to anyone and wolves aren’t an exception. These sacred beasts are allied with us in the protection of the kingdom.","The Seven Kings of the Lands","400 / 600","http://d12h0em1d7ppg.cloudfront.net/docs/icons/white.png"
"http://www.fowtcg.com/card/652","Blessed Holy Wolf","http://d12h0em1d7ppg.cloudfront.net/items/65/652/image_en/1485235230.jpg","SKL-004","C","Resonator","Holy Beast","瞬く","The Seven Kings of the Lands","Automatic
When this card enters your field ⇒ You may destroy target addition.","The kingdom offers its blessing to anyone and wolves aren’t an exception. These sacred beasts are allied with us in the protection of the kingdom.","The Seven Kings of the Lands","400 / 600","http://d12h0em1d7ppg.cloudfront.net/docs/icons/cost/01.png"
"http://www.fowtcg.com/card/653","Celestial Wing Seraph","http://d12h0em1d7ppg.cloudfront.net/items/65/653/image_en/1485235238.jpg","SKL-005","SR","Resonator","Angel","ピスケ","The Seven Kings of the Lands","Automatic
Whenever this card attacks ⇒ You gain 300 life for each Angel you control.","Summoned by Winged Lord, they are the highest rank in the angelic orders.","The Seven Kings of the Lands","1000 / 1000","http://d12h0em1d7ppg.cloudfront.net/docs/icons/white.png"
"http://www.fowtcg.com/card/653","Celestial Wing Seraph","http://d12h0em1d7ppg.cloudfront.net/items/65/653/image_en/1485235238.jpg","SKL-005","SR","Resonator","Angel","ピスケ","The Seven Kings of the Lands","Automatic
Whenever this card attacks ⇒ You gain 300 life for each Angel you control.","Summoned by Winged Lord, they are the highest rank in the angelic orders.","The Seven Kings of the Lands","1000 / 1000","http://d12h0em1d7ppg.cloudfront.net/docs/icons/white.png"
"http://www.fowtcg.com/card/653","Celestial Wing Seraph","http://d12h0em1d7ppg.cloudfront.net/items/65/653/image_en/1485235238.jpg","SKL-005","SR","Resonator","Angel","ピスケ","The Seven Kings of the Lands","Automatic
Whenever this card attacks ⇒ You gain 300 life for each Angel you control.","Summoned by Winged Lord, they are the highest rank in the angelic orders.","The Seven Kings of the Lands","1000 / 1000","http://d12h0em1d7ppg.cloudfront.net/docs/icons/cost/03.png"
"http://www.fowtcg.com/card/654","Dignified Seraph","http://d12h0em1d7ppg.cloudfront.net/items/65/654/image_en/1485235241.jpg","SKL-006","U","Resonator","Angel","乃希","The Seven Kings of the Lands","","The angelic figure inspires the people to the point where every insecurity vanishes.","The Seven Kings of the Lands","800 / 800","http://d12h0em1d7ppg.cloudfront.net/docs/icons/white.png"
"http://www.fowtcg.com/card/654","Dignified Seraph","http://d12h0em1d7ppg.cloudfront.net/items/65/654/image_en/1485235241.jpg","SKL-006","U","Resonator","Angel","乃希","The Seven Kings of the Lands","","The angelic figure inspires the people to the point where every insecurity vanishes.","The Seven Kings of the Lands","800 / 800","http://d12h0em1d7ppg.cloudfront.net/docs/icons/white.png"
"http://www.fowtcg.com/card/654","Dignified Seraph","http://d12h0em1d7ppg.cloudfront.net/items/65/654/image_en/1485235241.jpg","SKL-006","U","Resonator","Angel","乃希","The Seven Kings of the Lands","","The angelic figure inspires the people to the point where every insecurity vanishes.","The Seven Kings of the Lands","800 / 800","http://d12h0em1d7ppg.cloudfront.net/docs/icons/cost/02.png"
"http://www.fowtcg.com/card/655","Faria, the Sacred Queen","http://d12h0em1d7ppg.cloudfront.net/items/65/655/image_en/1485235243.jpg","SKL-007","R","Ruler","Seven Kings","Mad","The Seven Kings of the Lands","Activate
[W][W]: You gain 200 life.","The Sacred Queen Faria, the one who ruled upon Gloria, The Holy Land, was a honest and pure person. Her servants' loyalty to her was supreme. She hated the war, but the people of Gloria thought that she was the most suitable to rule the Seven Kingdoms.","The Seven Kings of the Lands","",""
"http://www.fowtcg.com/card/656","Faria, the Ruler of God Sword","http://d12h0em1d7ppg.cloudfront.net/items/65/656/image_en/1485235244.jpg","SKL-007J","JR","J-Ruler","Seven Kings","Mad","The Seven Kings of the Lands","Activate
God's Art [W][W][4]: Recover all resonators you control. Play God's Art only once per game.","“Sacred Sword that resonates with the spirit of the hero, grant me your power!”","The Seven Kings of the Lands","800 / 800",""
"http://www.fowtcg.com/card/657","Give Wings","http://d12h0em1d7ppg.cloudfront.net/items/65/657/image_en/1485235249.jpg","SKL-008","C","Chant","","古城バンビ","The Seven Kings of the Lands","","""With these, you'll be able to fly in the sky!"" -Wingman of Armalla","The Seven Kings of the Lands","","http://d12h0em1d7ppg.cloudfront.net/docs/icons/white.png"
"http://www.fowtcg.com/card/658","Gwiber, the White Dragon","http://d12h0em1d7ppg.cloudfront.net/items/65/658/image_en/1485235251.jpg","SKL-009","U","Resonator","Dragon","kakotomirai","The Seven Kings of the Lands","Continuous
You may pay [2] less to play this card for each resonator you control that entered your field this turn.","It’s the incarnation of the ideals.","The Seven Kings of the Lands","1200 / 1200","http://d12h0em1d7ppg.cloudfront.net/docs/icons/white.png"
"http://www.fowtcg.com/card/658","Gwiber, the White Dragon","http://d12h0em1d7ppg.cloudfront.net/items/65/658/image_en/1485235251.jpg","SKL-009","U","Resonator","Dragon","kakotomirai","The Seven Kings of the Lands","Continuous
You may pay [2] less to play this card for each resonator you control that entered your field this turn.","It’s the incarnation of the ideals.","The Seven Kings of the Lands","1200 / 1200","http://d12h0em1d7ppg.cloudfront.net/docs/icons/cost/04.png"
"http://www.fowtcg.com/card/659","Heavenly Garden of Armalla","http://d12h0em1d7ppg.cloudfront.net/items/65/659/image_en/1485235253.jpg","SKL-010","R","Addition: Field","Garden","Fushikaden K.K.","The Seven Kings of the Lands","Activate
[W][W], [rest]: Rest target resonator without [Flying].","The wonderful view of the heavenly garden is granted only to those who are able to fly in the sky.","The Seven Kings of the Lands","","http://d12h0em1d7ppg.cloudfront.net/docs/icons/white.png"
"http://www.fowtcg.com/card/659","Heavenly Garden of Armalla","http://d12h0em1d7ppg.cloudfront.net/items/65/659/image_en/1485235253.jpg","SKL-010","R","Addition: Field","Garden","Fushikaden K.K.","The Seven Kings of the Lands","Activate
[W][W], [rest]: Rest target resonator without [Flying].","The wonderful view of the heavenly garden is granted only to those who are able to fly in the sky.","The Seven Kings of the Lands","","http://d12h0em1d7ppg.cloudfront.net/docs/icons/cost/01.png"
"http://www.fowtcg.com/card/660","Herald of the Winged Lord","http://d12h0em1d7ppg.cloudfront.net/items/66/660/image_en/1485235255.jpg","SKL-011","C","Resonator","Wingman","みえ","The Seven Kings of the Lands","Continuous
Prevent all damage that would be dealt to this card by fire resonators.","When the Herald of the Winged Lord got to Alice, he began to talk to her choosing his words very carefully.","The Seven Kings of the Lands","600 / 600","http://d12h0em1d7ppg.cloudfront.net/docs/icons/white.png"
"http://www.fowtcg.com/card/660","Herald of the Winged Lord","http://d12h0em1d7ppg.cloudfront.net/items/66/660/image_en/1485235255.jpg","SKL-011","C","Resonator","Wingman","みえ","The Seven Kings of the Lands","Continuous
Prevent all damage that would be dealt to this card by fire resonators.","When the Herald of the Winged Lord got to Alice, he began to talk to her choosing his words very carefully.","The Seven Kings of the Lands","600 / 600","http://d12h0em1d7ppg.cloudfront.net/docs/icons/cost/02.png"
"http://www.fowtcg.com/card/661","Invigoration of the Winged Lord","http://d12h0em1d7ppg.cloudfront.net/items/66/661/image_en/1485235257.jpg","SKL-012","R","Chant","","kawaryu","The Seven Kings of the Lands","","""The battle has yet to begin. Follow me!"" -Arla, the Winged Lord","The Seven Kings of the Lands","","http://d12h0em1d7ppg.cloudfront.net/docs/icons/white.png"
"http://www.fowtcg.com/card/661","Invigoration of the Winged Lord","http://d12h0em1d7ppg.cloudfront.net/items/66/661/image_en/1485235257.jpg","SKL-012","R","Chant","","kawaryu","The Seven Kings of the Lands","","""The battle has yet to begin. Follow me!"" -Arla, the Winged Lord","The Seven Kings of the Lands","","http://d12h0em1d7ppg.cloudfront.net/docs/icons/white.png"
"http://www.fowtcg.com/card/661","Invigoration of the Winged Lord","http://d12h0em1d7ppg.cloudfront.net/items/66/661/image_en/1485235257.jpg","SKL-012","R","Chant","","kawaryu","The Seven Kings of the Lands","","""The battle has yet to begin. Follow me!"" -Arla, the Winged Lord","The Seven Kings of the Lands","","http://d12h0em1d7ppg.cloudfront.net/docs/icons/cost/01.png"
"http://www.fowtcg.com/card/662","Little Angel of Armalla","http://d12h0em1d7ppg.cloudfront.net/items/66/662/image_en/1485235258.jpg","SKL-013","C","Resonator","Angel","夕子","The Seven Kings of the Lands","Activate
Banish this card: You gain 300 life.","In Armalla, little angels are busy flying around all day to prepare for war.","The Seven Kings of the Lands","300 / 300","http://d12h0em1d7ppg.cloudfront.net/docs/icons/white.png"
"http://www.fowtcg.com/card/663","Order of the Sacred Queen","http://d12h0em1d7ppg.cloudfront.net/items/66/663/image_en/1485235260.jpg","SKL-014","C","Chant","","Cola","The Seven Kings of the Lands","","The ruler’s words inspire anyone who is faithful to her.","The Seven Kings of the Lands","","http://d12h0em1d7ppg.cloudfront.net/docs/icons/white.png"
"http://www.fowtcg.com/card/663","Order of the Sacred Queen","http://d12h0em1d7ppg.cloudfront.net/items/66/663/image_en/1485235260.jpg","SKL-014","C","Chant","","Cola","The Seven Kings of the Lands","","The ruler’s words inspire anyone who is faithful to her.","The Seven Kings of the Lands","","http://d12h0em1d7ppg.cloudfront.net/docs/icons/white.png"
"http://www.fowtcg.com/card/663","Order of the Sacred Queen","http://d12h0em1d7ppg.cloudfront.net/items/66/663/image_en/1485235260.jpg","SKL-014","C","Chant","","Cola","The Seven Kings of the Lands","","The ruler’s words inspire anyone who is faithful to her.","The Seven Kings of the Lands","","http://d12h0em1d7ppg.cloudfront.net/docs/icons/cost/01.png"
"http://www.fowtcg.com/card/664","Protection of the Seraph","http://d12h0em1d7ppg.cloudfront.net/items/66/664/image_en/1485235261.jpg","SKL-015","C","Addition: Resonator","","下江クリス","The Seven Kings of the Lands","Continuous
Added resonator cannot be attacked or targeted by Chants or abilities your opponent controls.","A divine blessing, gives absolute protection against the darkness. It also protects from fire, wind and water... and from the light if it'll ever be necessary.","The Seven Kings of the Lands","","http://d12h0em1d7ppg.cloudfront.net/docs/icons/white.png"
"http://www.fowtcg.com/card/665","Protective Barrier","http://d12h0em1d7ppg.cloudfront.net/items/66/665/image_en/1485235263.jpg","SKL-016","U","Chant","","上木乃アロエ","The Seven Kings of the Lands","","Thanks to its protection, we are granted enough time to sharpen our blades once again.","The Seven Kings of the Lands","","http://d12h0em1d7ppg.cloudfront.net/docs/icons/white.png"
"http://www.fowtcg.com/card/666","Wingman of Armalla","http://d12h0em1d7ppg.cloudfront.net/items/66/666/image_en/1485235266.jpg","SKL-017","C","Resonator","Wingman","上木乃アロエ","The Seven Kings of the Lands","Activate
[rest]: Target resonator gains [Flying] until end of turn.","The strong sense of responsibility drove this man to wake up even after death.","The Seven Kings of the Lands","300 / 600","http://d12h0em1d7ppg.cloudfront.net/docs/icons/white.png"
"http://www.fowtcg.com/card/666","Wingman of Armalla","http://d12h0em1d7ppg.cloudfront.net/items/66/666/image_en/1485235266.jpg","SKL-017","C","Resonator","Wingman","上木乃アロエ","The Seven Kings of the Lands","Activate
[rest]: Target resonator gains [Flying] until end of turn.","The strong sense of responsibility drove this man to wake up even after death.","The Seven Kings of the Lands","300 / 600","http://d12h0em1d7ppg.cloudfront.net/docs/icons/cost/01.png"
"http://www.fowtcg.com/card/667","Alice's Little Assault Force","http://d12h0em1d7ppg.cloudfront.net/items/66/667/image_en/1485235267.jpg","SKL-018","C","Resonator","Soldier","小泉哲哉","The Seven Kings of the Lands","Activate
Banish this card: This card deals 200 damage to target player or resonator.","Alice, summon a soldier from the Ancient Treasure: I'll think about our next move!","The Seven Kings of the Lands","300 / 300","http://d12h0em1d7ppg.cloudfront.net/docs/icons/red.png"
"http://www.fowtcg.com/card/668","Certo, the Blazing Volcano","http://d12h0em1d7ppg.cloudfront.net/items/66/668/image_en/1485235268.jpg","SKL-019","U","Addition: Field","Mountain","Cola","The Seven Kings of the Lands","Automatic
Whenever a resonator is put into a graveyard from a field ⇒ This card deals 100 damage to each player.","The volcano is the future. Only the chosen ones will survive.","The Seven Kings of the Lands","","http://d12h0em1d7ppg.cloudfront.net/docs/icons/red.png"
"http://www.fowtcg.com/card/668","Certo, the Blazing Volcano","http://d12h0em1d7ppg.cloudfront.net/items/66/668/image_en/1485235268.jpg","SKL-019","U","Addition: Field","Mountain","Cola","The Seven Kings of the Lands","Automatic
Whenever a resonator is put into a graveyard from a field ⇒ This card deals 100 damage to each player.","The volcano is the future. Only the chosen ones will survive.","The Seven Kings of the Lands","","http://d12h0em1d7ppg.cloudfront.net/docs/icons/cost/01.png"
"http://www.fowtcg.com/card/669","Dragoon of Certo","http://d12h0em1d7ppg.cloudfront.net/items/66/669/image_en/1485235270.jpg","SKL-020","C","Resonator","Knight","今野準史","The Seven Kings of the Lands","","A kingdom based on strength will have an absolute loyalty imposed by law. Obviously if the strength will be lost, everything would collapse.","The Seven Kings of the Lands","500 / 500","http://d12h0em1d7ppg.cloudfront.net/docs/icons/red.png"
"http://www.fowtcg.com/card/669","Dragoon of Certo","http://d12h0em1d7ppg.cloudfront.net/items/66/669/image_en/1485235270.jpg","SKL-020","C","Resonator","Knight","今野準史","The Seven Kings of the Lands","","A kingdom based on strength will have an absolute loyalty imposed by law. Obviously if the strength will be lost, everything would collapse.","The Seven Kings of the Lands","500 / 500","http://d12h0em1d7ppg.cloudfront.net/docs/icons/cost/01.png"
"http://www.fowtcg.com/card/670","Draig, the Red Dragon","http://d12h0em1d7ppg.cloudfront.net/items/67/670/image_en/1485235272.jpg","SKL-021","U","Resonator","Dragon","kakotomirai","The Seven Kings of the Lands","Continuous
You may pay [1] less to play this card for each resonator put into a graveyard from your field this turn.","Reality will break the symbol.","The Seven Kings of the Lands","1200 / 1200","http://d12h0em1d7ppg.cloudfront.net/docs/icons/red.png"
"http://www.fowtcg.com/card/670","Draig, the Red Dragon","http://d12h0em1d7ppg.cloudfront.net/items/67/670/image_en/1485235272.jpg","SKL-021","U","Resonator","Dragon","kakotomirai","The Seven Kings of the Lands","Continuous
You may pay [1] less to play this card for each resonator put into a graveyard from your field this turn.","Reality will break the symbol.","The Seven Kings of the Lands","1200 / 1200","http://d12h0em1d7ppg.cloudfront.net/docs/icons/cost/04.png"
"http://www.fowtcg.com/card/671","Familiar of Primogenitor","http://d12h0em1d7ppg.cloudfront.net/items/67/671/image_en/1485235274.jpg","SKL-022","C","Resonator","Demon","古城","The Seven Kings of the Lands","Activate
[R], banish this card: Target resonator gains [+400/0] until end of turn.","""This sensation... it's as if I had already felt it."" -Alice, the Girl in the Looking Glass","The Seven Kings of the Lands","400 / 100","http://d12h0em1d7ppg.cloudfront.net/docs/icons/red.png"
"http://www.fowtcg.com/card/672","Fear of Battle","http://d12h0em1d7ppg.cloudfront.net/items/67/672/image_en/1485235277.jpg","SKL-023","C","Addition: Resonator","","七海ルシア","The Seven Kings of the Lands","Activate
[R][R]: Add this card to another target resonator.","""Tremble before me!"" -Melgis, the Flame King","The Seven Kings of the Lands","","http://d12h0em1d7ppg.cloudfront.net/docs/icons/red.png"
"http://www.fowtcg.com/card/673","Flame Cat","http://d12h0em1d7ppg.cloudfront.net/items/67/673/image_en/1485235278.jpg","SKL-024","C","Resonator","Magical Beast","佐々木光之介","The Seven Kings of the Lands","","Seeking help from the feline of Cento means obtaining a significant increase in one's strenght.","The Seven Kings of the Lands","500 / 400","http://d12h0em1d7ppg.cloudfront.net/docs/icons/red.png"
"http://www.fowtcg.com/card/673","Flame Cat","http://d12h0em1d7ppg.cloudfront.net/items/67/673/image_en/1485235278.jpg","SKL-024","C","Resonator","Magical Beast","佐々木光之介","The Seven Kings of the Lands","","Seeking help from the feline of Cento means obtaining a significant increase in one's strenght.","The Seven Kings of the Lands","500 / 400","http://d12h0em1d7ppg.cloudfront.net/docs/icons/cost/01.png"
"http://www.fowtcg.com/card/674","Flame King's Shout","http://d12h0em1d7ppg.cloudfront.net/items/67/674/image_en/1485235280.jpg","SKL-025","C","Chant","","サウマロ","The Seven Kings of the Lands","","His cry shakes the earth and spurs whoever desires war.","The Seven Kings of the Lands","","http://d12h0em1d7ppg.cloudfront.net/docs/icons/red.png"
"http://www.fowtcg.com/card/674","Flame King's Shout","http://d12h0em1d7ppg.cloudfront.net/items/67/674/image_en/1485235280.jpg","SKL-025","C","Chant","","サウマロ","The Seven Kings of the Lands","","His cry shakes the earth and spurs whoever desires war.","The Seven Kings of the Lands","","http://d12h0em1d7ppg.cloudfront.net/docs/icons/red.png"
"http://www.fowtcg.com/card/674","Flame King's Shout","http://d12h0em1d7ppg.cloudfront.net/items/67/674/image_en/1485235280.jpg","SKL-025","C","Chant","","サウマロ","The Seven Kings of the Lands","","His cry shakes the earth and spurs whoever desires war.","The Seven Kings of the Lands","","http://d12h0em1d7ppg.cloudfront.net/docs/icons/cost/01.png"
"http://www.fowtcg.com/card/675","Gareth, the Dauntless Knight","http://d12h0em1d7ppg.cloudfront.net/items/67/675/image_en/1485235283.jpg","SKL-026","U","Resonator","Knight of the Round Table","ORETO","The Seven Kings of the Lands","Continuous
If this card would be dealt 700 or less damage, prevent it.","A body sustained by an indomitable spirit.","The Seven Kings of the Lands","800 / 800","http://d12h0em1d7ppg.cloudfront.net/docs/icons/red.png"
"http://www.fowtcg.com/card/675","Gareth, the Dauntless Knight","http://d12h0em1d7ppg.cloudfront.net/items/67/675/image_en/1485235283.jpg","SKL-026","U","Resonator","Knight of the Round Table","ORETO","The Seven Kings of the Lands","Continuous
If this card would be dealt 700 or less damage, prevent it.","A body sustained by an indomitable spirit.","The Seven Kings of the Lands","800 / 800","http://d12h0em1d7ppg.cloudfront.net/docs/icons/red.png"
"http://www.fowtcg.com/card/675","Gareth, the Dauntless Knight","http://d12h0em1d7ppg.cloudfront.net/items/67/675/image_en/1485235283.jpg","SKL-026","U","Resonator","Knight of the Round Table","ORETO","The Seven Kings of the Lands","Continuous
If this card would be dealt 700 or less damage, prevent it.","A body sustained by an indomitable spirit.","The Seven Kings of the Lands","800 / 800","http://d12h0em1d7ppg.cloudfront.net/docs/icons/cost/01.png"
"http://www.fowtcg.com/card/676","Melgis, the Flame King","http://d12h0em1d7ppg.cloudfront.net/items/67/676/image_en/1485235289.jpg","SKL-027","R","Ruler","Seven Kings","gekko","The Seven Kings of the Lands","Activate
[R][R]: This card deals 200 damage to target opponent.","The top of the big volcano is occupied by the Kingdom of Certo, ruled by the Flame King. On this desolate land, the kingdom survives thanks to war, getting resources from other countries. For this reason, Certo needs an extremely strong ruler.","The Seven Kings of the Lands","",""
"http://www.fowtcg.com/card/677","Melgis, the One Charmed by the Demon Sword","http://d12h0em1d7ppg.cloudfront.net/items/67/677/image_en/1485235290.jpg","SKL-027J","JR","J-Ruler","Seven Kings","gekko","The Seven Kings of the Lands","Activate
God's Art [R][R][4]: Destroy target resonator. This card gains [+X/0] until end of turn, where X is the ATK of the destroyed resonator. Play God's Art only once per game.","""Cursed sword, take my anger and give me your strength.""","The Seven Kings of the Lands","1000 / 500",""
"http://www.fowtcg.com/card/678","Ouroboros, the Snake of Reincarnation","http://d12h0em1d7ppg.cloudfront.net/items/67/678/image_en/1485235294.jpg","SKL-028","SR","Resonator","Twelve Apostles/Snake","douzen","The Seven Kings of the Lands","Automatic
When this card is put into a graveyard from your field ⇒ Put it on the bottom of its owner's deck.","Ouroboros is the reincarnation of the world and it incarnates its first rule perfectly.","The Seven Kings of the Lands","2000 / 2000","http://d12h0em1d7ppg.cloudfront.net/docs/icons/red.png"
"http://www.fowtcg.com/card/678","Ouroboros, the Snake of Reincarnation","http://d12h0em1d7ppg.cloudfront.net/items/67/678/image_en/1485235294.jpg","SKL-028","SR","Resonator","Twelve Apostles/Snake","douzen","The Seven Kings of the Lands","Automatic
When this card is put into a graveyard from your field ⇒ Put it on the bottom of its owner's deck.","Ouroboros is the reincarnation of the world and it incarnates its first rule perfectly.","The Seven Kings of the Lands","2000 / 2000","http://d12h0em1d7ppg.cloudfront.net/docs/icons/red.png"
"http://www.fowtcg.com/card/678","Ouroboros, the Snake of Reincarnation","http://d12h0em1d7ppg.cloudfront.net/items/67/678/image_en/1485235294.jpg","SKL-028","SR","Resonator","Twelve Apostles/Snake","douzen","The Seven Kings of the Lands","Automatic
When this card is put into a graveyard from your field ⇒ Put it on the bottom of its owner's deck.","Ouroboros is the reincarnation of the world and it incarnates its first rule perfectly.","The Seven Kings of the Lands","2000 / 2000","http://d12h0em1d7ppg.cloudfront.net/docs/icons/red.png"
"http://www.fowtcg.com/card/678","Ouroboros, the Snake of Reincarnation","http://d12h0em1d7ppg.cloudfront.net/items/67/678/image_en/1485235294.jpg","SKL-028","SR","Resonator","Twelve Apostles/Snake","douzen","The Seven Kings of the Lands","Automatic
When this card is put into a graveyard from your field ⇒ Put it on the bottom of its owner's deck.","Ouroboros is the reincarnation of the world and it incarnates its first rule perfectly.","The Seven Kings of the Lands","2000 / 2000","http://d12h0em1d7ppg.cloudfront.net/docs/icons/red.png"
"http://www.fowtcg.com/card/678","Ouroboros, the Snake of Reincarnation","http://d12h0em1d7ppg.cloudfront.net/items/67/678/image_en/1485235294.jpg","SKL-028","SR","Resonator","Twelve Apostles/Snake","douzen","The Seven Kings of the Lands","Automatic
When this card is put into a graveyard from your field ⇒ Put it on the bottom of its owner's deck.","Ouroboros is the reincarnation of the world and it incarnates its first rule perfectly.","The Seven Kings of the Lands","2000 / 2000","http://d12h0em1d7ppg.cloudfront.net/docs/icons/red.png"
"http://www.fowtcg.com/card/679","Phantom of Primogenitor","http://d12h0em1d7ppg.cloudfront.net/items/67/679/image_en/1485235295.jpg","SKL-029","R","Chant","","スギカワタクミ","The Seven Kings of the Lands","","The calamity came out of nowhere.","The Seven Kings of the Lands","","http://d12h0em1d7ppg.cloudfront.net/docs/icons/red.png"
"http://www.fowtcg.com/card/679","Phantom of Primogenitor","http://d12h0em1d7ppg.cloudfront.net/items/67/679/image_en/1485235295.jpg","SKL-029","R","Chant","","スギカワタクミ","The Seven Kings of the Lands","","The calamity came out of nowhere.","The Seven Kings of the Lands","","http://d12h0em1d7ppg.cloudfront.net/docs/icons/red.png"
"http://www.fowtcg.com/card/679","Phantom of Primogenitor","http://d12h0em1d7ppg.cloudfront.net/items/67/679/image_en/1485235295.jpg","SKL-029","R","Chant","","スギカワタクミ","The Seven Kings of the Lands","","The calamity came out of nowhere.","The Seven Kings of the Lands","","http://d12h0em1d7ppg.cloudfront.net/docs/icons/cost/03.png"
"http://www.fowtcg.com/card/680","Shadow Flame","http://d12h0em1d7ppg.cloudfront.net/items/68/680/image_en/1485235296.jpg","SKL-030","C","Chant","","白野椋","The Seven Kings of the Lands","","Embers of an ancient world.","The Seven Kings of the Lands","","http://d12h0em1d7ppg.cloudfront.net/docs/icons/red.png"
"http://www.fowtcg.com/card/680","Shadow Flame","http://d12h0em1d7ppg.cloudfront.net/items/68/680/image_en/1485235296.jpg","SKL-030","C","Chant","","白野椋","The Seven Kings of the Lands","","Embers of an ancient world.","The Seven Kings of the Lands","","http://d12h0em1d7ppg.cloudfront.net/docs/icons/cost/01.png"
"http://www.fowtcg.com/card/681","Snow White, the Valkyrie of Passion","http://d12h0em1d7ppg.cloudfront.net/items/68/681/image_en/1485235298.jpg","SKL-031","SR","Resonator","Fairy Tale","碧風羽","The Seven Kings of the Lands","Automatic
Whenever this card attacks ⇒ It may deal 300 damage to target resonator for each passion counter on it. If it does, remove all passion counters from it.","""I'll burn my heart a bright red, like a ripe apple. Hey, do you dwarves too think like me? Perfect! They should have left it here.""","The Seven Kings of the Lands","500 / 700","http://d12h0em1d7ppg.cloudfront.net/docs/icons/red.png"
"http://www.fowtcg.com/card/681","Snow White, the Valkyrie of Passion","http://d12h0em1d7ppg.cloudfront.net/items/68/681/image_en/1485235298.jpg","SKL-031","SR","Resonator","Fairy Tale","碧風羽","The Seven Kings of the Lands","Automatic
Whenever this card attacks ⇒ It may deal 300 damage to target resonator for each passion counter on it. If it does, remove all passion counters from it.","""I'll burn my heart a bright red, like a ripe apple. Hey, do you dwarves too think like me? Perfect! They should have left it here.""","The Seven Kings of the Lands","500 / 700","http://d12h0em1d7ppg.cloudfront.net/docs/icons/red.png"
"http://www.fowtcg.com/card/681","Snow White, the Valkyrie of Passion","http://d12h0em1d7ppg.cloudfront.net/items/68/681/image_en/1485235298.jpg","SKL-031","SR","Resonator","Fairy Tale","碧風羽","The Seven Kings of the Lands","Automatic
Whenever this card attacks ⇒ It may deal 300 damage to target resonator for each passion counter on it. If it does, remove all passion counters from it.","""I'll burn my heart a bright red, like a ripe apple. Hey, do you dwarves too think like me? Perfect! They should have left it here.""","The Seven Kings of the Lands","500 / 700","http://d12h0em1d7ppg.cloudfront.net/docs/icons/cost/01.png"
"http://www.fowtcg.com/card/682","War Dance of the Valkyries","http://d12h0em1d7ppg.cloudfront.net/items/68/682/image_en/1485235299.jpg","SKL-032","U","Chant","","碧風羽","The Seven Kings of the Lands","","""Come on Snow White, it's like a dance, let's start!"" ""Don't shout, it's too embarassing!"" -Cinderella, the Valkyrie of Glass and Snow White, the Valkyrie of Passion","The Seven Kings of the Lands","","http://d12h0em1d7ppg.cloudfront.net/docs/icons/red.png"
"http://www.fowtcg.com/card/682","War Dance of the Valkyries","http://d12h0em1d7ppg.cloudfront.net/items/68/682/image_en/1485235299.jpg","SKL-032","U","Chant","","碧風羽","The Seven Kings of the Lands","","""Come on Snow White, it's like a dance, let's start!"" ""Don't shout, it's too embarassing!"" -Cinderella, the Valkyrie of Glass and Snow White, the Valkyrie of Passion","The Seven Kings of the Lands","","http://d12h0em1d7ppg.cloudfront.net/docs/icons/red.png"
"http://www.fowtcg.com/card/682","War Dance of the Valkyries","http://d12h0em1d7ppg.cloudfront.net/items/68/682/image_en/1485235299.jpg","SKL-032","U","Chant","","碧風羽","The Seven Kings of the Lands","","""Come on Snow White, it's like a dance, let's start!"" ""Don't shout, it's too embarassing!"" -Cinderella, the Valkyrie of Glass and Snow White, the Valkyrie of Passion","The Seven Kings of the Lands","","http://d12h0em1d7ppg.cloudfront.net/docs/icons/cost/01.png"
"http://www.fowtcg.com/card/683","Zhu Que, the Sacred Beast","http://d12h0em1d7ppg.cloudfront.net/items/68/683/image_en/1485235303.jpg","SKL-033","R","Resonator","Four Sacred Beasts","松本エイト","The Seven Kings of the Lands","Automatic
When this card enters your field ⇒ It deals 200 damage to target resonator for each Four Sacred Beasts you control.","That is the symbol of destruction.","The Seven Kings of the Lands","400 / 400","http://d12h0em1d7ppg.cloudfront.net/docs/icons/red.png"
"http://www.fowtcg.com/card/683","Zhu Que, the Sacred Beast","http://d12h0em1d7ppg.cloudfront.net/items/68/683/image_en/1485235303.jpg","SKL-033","R","Resonator","Four Sacred Beasts","松本エイト","The Seven Kings of the Lands","Automatic
When this card enters your field ⇒ It deals 200 damage to target resonator for each Four Sacred Beasts you control.","That is the symbol of destruction.","The Seven Kings of the Lands","400 / 400","http://d12h0em1d7ppg.cloudfront.net/docs/icons/cost/01.png"
"http://www.fowtcg.com/card/684","Alice's Castling","http://d12h0em1d7ppg.cloudfront.net/items/68/684/image_en/1485235307.jpg","SKL-034","C","Chant","","ひがし","The Seven Kings of the Lands","","""It's not trick, it's not illusion!"" -Alice, the Girl in the Looking Glass","The Seven Kings of the Lands","","http://d12h0em1d7ppg.cloudfront.net/docs/icons/blue.png"
"http://www.fowtcg.com/card/685","Alice's Little Scout","http://d12h0em1d7ppg.cloudfront.net/items/68/685/image_en/1485235308.jpg","SKL-035","C","Resonator","Soldier","城戸春一","The Seven Kings of the Lands","Automatic
When this card is put into a graveyard from your field ⇒ Draw a card.","Once Alice summoned another soldier from the Ancient Treasure, she began her preparations for the incoming war.","The Seven Kings of the Lands","200 / 200","http://d12h0em1d7ppg.cloudfront.net/docs/icons/blue.png"
"http://www.fowtcg.com/card/686","Charm of the Princess","http://d12h0em1d7ppg.cloudfront.net/items/68/686/image_en/1485235310.jpg","SKL-036","R","Chant","","j-peg","The Seven Kings of the Lands","","""Look carefully, this is what reigning means."" -Valentina, the Princess of Love","The Seven Kings of the Lands","","http://d12h0em1d7ppg.cloudfront.net/docs/icons/blue.png"
"http://www.fowtcg.com/card/686","Charm of the Princess","http://d12h0em1d7ppg.cloudfront.net/items/68/686/image_en/1485235310.jpg","SKL-036","R","Chant","","j-peg","The Seven Kings of the Lands","","""Look carefully, this is what reigning means."" -Valentina, the Princess of Love","The Seven Kings of the Lands","","http://d12h0em1d7ppg.cloudfront.net/docs/icons/blue.png"
"http://www.fowtcg.com/card/686","Charm of the Princess","http://d12h0em1d7ppg.cloudfront.net/items/68/686/image_en/1485235310.jpg","SKL-036","R","Chant","","j-peg","The Seven Kings of the Lands","","""Look carefully, this is what reigning means."" -Valentina, the Princess of Love","The Seven Kings of the Lands","","http://d12h0em1d7ppg.cloudfront.net/docs/icons/cost/X.png"
"http://www.fowtcg.com/card/687","Cinderella, the Valkyrie of Glass","http://d12h0em1d7ppg.cloudfront.net/items/68/687/image_en/1485235311.jpg","SKL-037","SR","Resonator","Fairy Tale","碧風羽","The Seven Kings of the Lands","Activate
[U][U]: Return this card to its owner's hand.","The beautiful and transparent princess made of glass.","The Seven Kings of the Lands","200 / 800","http://d12h0em1d7ppg.cloudfront.net/docs/icons/blue.png"
"http://www.fowtcg.com/card/687","Cinderella, the Valkyrie of Glass","http://d12h0em1d7ppg.cloudfront.net/items/68/687/image_en/1485235311.jpg","SKL-037","SR","Resonator","Fairy Tale","碧風羽","The Seven Kings of the Lands","Activate
[U][U]: Return this card to its owner's hand.","The beautiful and transparent princess made of glass.","The Seven Kings of the Lands","200 / 800","http://d12h0em1d7ppg.cloudfront.net/docs/icons/blue.png"
"http://www.fowtcg.com/card/688","Euryale, the Dark Eye of Blindness","http://d12h0em1d7ppg.cloudfront.net/items/68/688/image_en/1485235313.jpg","SKL-038","U","Resonator","Gorgon","桂福蔵","The Seven Kings of the Lands","Activate
[U]: Target Gorgon gains [+200/0] until end of turn. Play this ability only once per turn.","Once you lock your eyes with it, regardless of its power, you'll be deprived of your freedom of movement.","The Seven Kings of the Lands","600 / 500","http://d12h0em1d7ppg.cloudfront.net/docs/icons/blue.png"
"http://www.fowtcg.com/card/688","Euryale, the Dark Eye of Blindness","http://d12h0em1d7ppg.cloudfront.net/items/68/688/image_en/1485235313.jpg","SKL-038","U","Resonator","Gorgon","桂福蔵","The Seven Kings of the Lands","Activate
[U]: Target Gorgon gains [+200/0] until end of turn. Play this ability only once per turn.","Once you lock your eyes with it, regardless of its power, you'll be deprived of your freedom of movement.","The Seven Kings of the Lands","600 / 500","http://d12h0em1d7ppg.cloudfront.net/docs/icons/cost/02.png"
"http://www.fowtcg.com/card/689","Foresee","http://d12h0em1d7ppg.cloudfront.net/items/68/689/image_en/1485235315.jpg","SKL-039","C","Chant","","ハタリス","The Seven Kings of the Lands","","""I see a shadow approaching above this world: it's the sign of the impending battle. The fate of the world lies both in the hands of the warriors of the light and those of the shadow."" -The Prediction of a Fortune-Teller","The Seven Kings of the Lands","","http://d12h0em1d7ppg.cloudfront.net/docs/icons/blue.png"
"http://www.fowtcg.com/card/689","Foresee","http://d12h0em1d7ppg.cloudfront.net/items/68/689/image_en/1485235315.jpg","SKL-039","C","Chant","","ハタリス","The Seven Kings of the Lands","","""I see a shadow approaching above this world: it's the sign of the impending battle. The fate of the world lies both in the hands of the warriors of the light and those of the shadow."" -The Prediction of a Fortune-Teller","The Seven Kings of the Lands","","http://d12h0em1d7ppg.cloudfront.net/docs/icons/blue.png"
"http://www.fowtcg.com/card/690","Heat Gaze","http://d12h0em1d7ppg.cloudfront.net/items/69/690/image_en/1485235319.jpg","SKL-040","C","Addition: Resonator","","夕子","The Seven Kings of the Lands","Continuous
As long as this card is added to a water resonator, it gains ""Prevent all damage that would be dealt to this card by chants or abilities."".","One gaze alone was enough to set the bodies on fire.","The Seven Kings of the Lands","","http://d12h0em1d7ppg.cloudfront.net/docs/icons/blue.png"
"http://www.fowtcg.com/card/690","Heat Gaze","http://d12h0em1d7ppg.cloudfront.net/items/69/690/image_en/1485235319.jpg","SKL-040","C","Addition: Resonator","","夕子","The Seven Kings of the Lands","Continuous
As long as this card is added to a water resonator, it gains ""Prevent all damage that would be dealt to this card by chants or abilities."".","One gaze alone was enough to set the bodies on fire.","The Seven Kings of the Lands","","http://d12h0em1d7ppg.cloudfront.net/docs/icons/cost/01.png"
"http://www.fowtcg.com/card/691","Medusa, the Dead Eye of Petrification","http://d12h0em1d7ppg.cloudfront.net/items/69/691/image_en/1485235321.jpg","SKL-041","SR","Resonator","Gorgon","石商","The Seven Kings of the Lands","Activate
[U]: Gorgons you control gain [+200/+200] until end of turn. Play this ability only once per turn.","Once you lock your eyes with it, regardless of your bond with reality, you'll be deprived of your connection with the world.","The Seven Kings of the Lands","600 / 600","http://d12h0em1d7ppg.cloudfront.net/docs/icons/blue.png"
"http://www.fowtcg.com/card/691","Medusa, the Dead Eye of Petrification","http://d12h0em1d7ppg.cloudfront.net/items/69/691/image_en/1485235321.jpg","SKL-041","SR","Resonator","Gorgon","石商","The Seven Kings of the Lands","Activate
[U]: Gorgons you control gain [+200/+200] until end of turn. Play this ability only once per turn.","Once you lock your eyes with it, regardless of your bond with reality, you'll be deprived of your connection with the world.","The Seven Kings of the Lands","600 / 600","http://d12h0em1d7ppg.cloudfront.net/docs/icons/cost/02.png"
"http://www.fowtcg.com/card/692","Petrifying Gaze","http://d12h0em1d7ppg.cloudfront.net/items/69/692/image_en/1485235322.jpg","SKL-042","U","Chant","","七海ルシア","The Seven Kings of the Lands","","""Oh, you're so stiff, is it the tension?"" -Valentina, the Princess of Love","The Seven Kings of the Lands","","http://d12h0em1d7ppg.cloudfront.net/docs/icons/blue.png"
"http://www.fowtcg.com/card/692","Petrifying Gaze","http://d12h0em1d7ppg.cloudfront.net/items/69/692/image_en/1485235322.jpg","SKL-042","U","Chant","","七海ルシア","The Seven Kings of the Lands","","""Oh, you're so stiff, is it the tension?"" -Valentina, the Princess of Love","The Seven Kings of the Lands","","http://d12h0em1d7ppg.cloudfront.net/docs/icons/blue.png"
"http://www.fowtcg.com/card/692","Petrifying Gaze","http://d12h0em1d7ppg.cloudfront.net/items/69/692/image_en/1485235322.jpg","SKL-042","U","Chant","","七海ルシア","The Seven Kings of the Lands","","""Oh, you're so stiff, is it the tension?"" -Valentina, the Princess of Love","The Seven Kings of the Lands","","http://d12h0em1d7ppg.cloudfront.net/docs/icons/cost/01.png"
"http://www.fowtcg.com/card/693","Sailor of Shangri-La","http://d12h0em1d7ppg.cloudfront.net/items/69/693/image_en/1485235323.jpg","SKL-043","C","Resonator","Human","ぽん吉","The Seven Kings of the Lands","Automatic
When this card enters your field ⇒ Return target resonator to its owner's hand.","""What's your problem?! Get away from here!"" -Valentina, the Princess of Love","The Seven Kings of the Lands","900 / 900","http://d12h0em1d7ppg.cloudfront.net/docs/icons/blue.png"
"http://www.fowtcg.com/card/693","Sailor of Shangri-La","http://d12h0em1d7ppg.cloudfront.net/items/69/693/image_en/1485235323.jpg","SKL-043","C","Resonator","Human","ぽん吉","The Seven Kings of the Lands","Automatic
When this card enters your field ⇒ Return target resonator to its owner's hand.","""What's your problem?! Get away from here!"" -Valentina, the Princess of Love","The Seven Kings of the Lands","900 / 900","http://d12h0em1d7ppg.cloudfront.net/docs/icons/cost/03.png"
"http://www.fowtcg.com/card/694","Shangri-La, the Paradise on the Ocean","http://d12h0em1d7ppg.cloudfront.net/items/69/694/image_en/1485235325.jpg","SKL-044","R","Addition: Field","","Fushikaden K.K.","The Seven Kings of the Lands","Continuous
As long as you have five or more cards in your hand, water resonators you control gain [+100/+100].","""Welcome to my paradise."" -Valentina, the Princess of Love","The Seven Kings of the Lands","","http://d12h0em1d7ppg.cloudfront.net/docs/icons/blue.png"
"http://www.fowtcg.com/card/694","Shangri-La, the Paradise on the Ocean","http://d12h0em1d7ppg.cloudfront.net/items/69/694/image_en/1485235325.jpg","SKL-044","R","Addition: Field","","Fushikaden K.K.","The Seven Kings of the Lands","Continuous
As long as you have five or more cards in your hand, water resonators you control gain [+100/+100].","""Welcome to my paradise."" -Valentina, the Princess of Love","The Seven Kings of the Lands","","http://d12h0em1d7ppg.cloudfront.net/docs/icons/cost/01.png"
"http://www.fowtcg.com/card/695","Squire of the Ocean Lady","http://d12h0em1d7ppg.cloudfront.net/items/69/695/image_en/1485235326.jpg","SKL-045","C","Resonator","Human","塗夢","The Seven Kings of the Lands","Automatic
When this card enters your field ⇒ Draw a card.","She's been put in charge by the Lady of the Ocean to assess the visitors of the city. She must ascertain their strength and, most importantly, the beauty of their faces.","The Seven Kings of the Lands","400 / 400","http://d12h0em1d7ppg.cloudfront.net/docs/icons/blue.png"
"http://www.fowtcg.com/card/695","Squire of the Ocean Lady","http://d12h0em1d7ppg.cloudfront.net/items/69/695/image_en/1485235326.jpg","SKL-045","C","Resonator","Human","塗夢","The Seven Kings of the Lands","Automatic
When this card enters your field ⇒ Draw a card.","She's been put in charge by the Lady of the Ocean to assess the visitors of the city. She must ascertain their strength and, most importantly, the beauty of their faces.","The Seven Kings of the Lands","400 / 400","http://d12h0em1d7ppg.cloudfront.net/docs/icons/cost/01.png"
"http://www.fowtcg.com/card/696","Stheno, the Evil Eye of Temptation","http://d12h0em1d7ppg.cloudfront.net/items/69/696/image_en/1485235328.jpg","SKL-046","U","Resonator","Gorgon","藤田","The Seven Kings of the Lands","Activate
[U]: Target Gorgon gains [0/+200] until end of turn. Play this ability only once per turn.","Once you lock your eyes with it, regardless of your will, you'll be deprived of your freedom to love.","The Seven Kings of the Lands","500 / 600","http://d12h0em1d7ppg.cloudfront.net/docs/icons/blue.png"
"http://www.fowtcg.com/card/696","Stheno, the Evil Eye of Temptation","http://d12h0em1d7ppg.cloudfront.net/items/69/696/image_en/1485235328.jpg","SKL-046","U","Resonator","Gorgon","藤田","The Seven Kings of the Lands","Activate
[U]: Target Gorgon gains [0/+200] until end of turn. Play this ability only once per turn.","Once you lock your eyes with it, regardless of your will, you'll be deprived of your freedom to love.","The Seven Kings of the Lands","500 / 600","http://d12h0em1d7ppg.cloudfront.net/docs/icons/cost/02.png"
"http://www.fowtcg.com/card/697","Trader of Shangri-La","http://d12h0em1d7ppg.cloudfront.net/items/69/697/image_en/1485235329.jpg","SKL-047","C","Resonator","Human","Moopic","The Seven Kings of the Lands","Activate
[rest]: Draw a card, then put a card from your hand on the bottom of your deck.","The seaside town of Shangri-La is the center of world trade. Here merchants can greatly profit from their business.","The Seven Kings of the Lands","100 / 100","http://d12h0em1d7ppg.cloudfront.net/docs/icons/blue.png"
"http://www.fowtcg.com/card/698","Valentina, the Princess of Love","http://d12h0em1d7ppg.cloudfront.net/items/69/698/image_en/1485235331.jpg","SKL-048","R","Ruler","Seven Kings","石商","The Seven Kings of the Lands","Activate
[U][U]: You may put a water resonator with total cost 2 or less from your hand into your field.","The ruler who controls the city that lives on trading: Shangri-La. She loves destiny and beautiful things infinitely. She felt that Alice was destined to be her and so she aimed to own her.","The Seven Kings of the Lands","",""
"http://www.fowtcg.com/card/699","Valentina, the Ruler of Paradise","http://d12h0em1d7ppg.cloudfront.net/items/69/699/image_en/1485235332.jpg","SKL-048J","JR","J-Ruler","Seven Kings","石商","The Seven Kings of the Lands","Activate
God's Art [U][U][2]: Gain control of target resonator. (Play God's Art only once per game.)","""Alice, you'll definitely be mine... this is a meeting decided by fate!""","The Seven Kings of the Lands","500 / 500",""
"http://www.fowtcg.com/card/700","Xuan Wu, the Sacred Beast","http://d12h0em1d7ppg.cloudfront.net/items/70/700/image_en/1485235334.jpg","SKL-049","R","Resonator","Four Sacred Beasts","Mad","The Seven Kings of the Lands","Automatic
Whenever this card blocks ⇒ Prevent the next damage it would be dealt until end of turn.","That is the symbol of immobility.","The Seven Kings of the Lands","500 / 700","http://d12h0em1d7ppg.cloudfront.net/docs/icons/blue.png"
"http://www.fowtcg.com/card/700","Xuan Wu, the Sacred Beast","http://d12h0em1d7ppg.cloudfront.net/items/70/700/image_en/1485235334.jpg","SKL-049","R","Resonator","Four Sacred Beasts","Mad","The Seven Kings of the Lands","Automatic
Whenever this card blocks ⇒ Prevent the next damage it would be dealt until end of turn.","That is the symbol of immobility.","The Seven Kings of the Lands","500 / 700","http://d12h0em1d7ppg.cloudfront.net/docs/icons/cost/02.png"
"http://www.fowtcg.com/card/701","Afanc, the Phantom Beast","http://d12h0em1d7ppg.cloudfront.net/items/70/701/image_en/1485235336.jpg","SKL-050","U","Resonator","Beast","ハタリス","The Seven Kings of the Lands","Automatic
When this card enters your field ⇒ Target resonator gains [+200/+200] until end of turn.","That figure instilled a little courage in the heart of those who saw it.","The Seven Kings of the Lands","600 / 600","http://d12h0em1d7ppg.cloudfront.net/docs/icons/green.png"
"http://www.fowtcg.com/card/701","Afanc, the Phantom Beast","http://d12h0em1d7ppg.cloudfront.net/items/70/701/image_en/1485235336.jpg","SKL-050","U","Resonator","Beast","ハタリス","The Seven Kings of the Lands","Automatic
When this card enters your field ⇒ Target resonator gains [+200/+200] until end of turn.","That figure instilled a little courage in the heart of those who saw it.","The Seven Kings of the Lands","600 / 600","http://d12h0em1d7ppg.cloudfront.net/docs/icons/cost/01.png"
"http://www.fowtcg.com/card/702","Alice's Little Guardian","http://d12h0em1d7ppg.cloudfront.net/items/70/702/image_en/1485235340.jpg","SKL-051","C","Resonator","Soldier","乃希","The Seven Kings of the Lands","Activate
Banish this card: Prevent all damage that would be dealt by target resonator until end of turn.","With its divine relic, Alice summons more soldiers to her protection.","The Seven Kings of the Lands","200 / 200","http://d12h0em1d7ppg.cloudfront.net/docs/icons/green.png"
"http://www.fowtcg.com/card/703","Behemoth, the Earth Eater","http://d12h0em1d7ppg.cloudfront.net/items/70/703/image_en/1485235341.jpg","SKL-052","R","Resonator","Twelve Apostles/Beast","スギカワタクミ","The Seven Kings of the Lands","Automatic
Whenever this card deals damage to a resonator while attacking ⇒ It deals that much damage to your opponent.","""That beast is not from this forest. My instinct is telling me that it's dangerous."" -Pricia, the Beast Lady","The Seven Kings of the Lands","1500 / 1500","http://d12h0em1d7ppg.cloudfront.net/docs/icons/green.png"
"http://www.fowtcg.com/card/703","Behemoth, the Earth Eater","http://d12h0em1d7ppg.cloudfront.net/items/70/703/image_en/1485235341.jpg","SKL-052","R","Resonator","Twelve Apostles/Beast","スギカワタクミ","The Seven Kings of the Lands","Automatic
Whenever this card deals damage to a resonator while attacking ⇒ It deals that much damage to your opponent.","""That beast is not from this forest. My instinct is telling me that it's dangerous."" -Pricia, the Beast Lady","The Seven Kings of the Lands","1500 / 1500","http://d12h0em1d7ppg.cloudfront.net/docs/icons/green.png"
"http://www.fowtcg.com/card/703","Behemoth, the Earth Eater","http://d12h0em1d7ppg.cloudfront.net/items/70/703/image_en/1485235341.jpg","SKL-052","R","Resonator","Twelve Apostles/Beast","スギカワタクミ","The Seven Kings of the Lands","Automatic
Whenever this card deals damage to a resonator while attacking ⇒ It deals that much damage to your opponent.","""That beast is not from this forest. My instinct is telling me that it's dangerous."" -Pricia, the Beast Lady","The Seven Kings of the Lands","1500 / 1500","http://d12h0em1d7ppg.cloudfront.net/docs/icons/cost/03.png"
"http://www.fowtcg.com/card/704","Blessing of Yggdrasil","http://d12h0em1d7ppg.cloudfront.net/items/70/704/image_en/1485235342.jpg","SKL-053","C","Chant","","j-peg","The Seven Kings of the Lands","","Part of the story of the tree of life goes alongside a part of the history of magic stones. And the history of the world is inscribed in this connection.","The Seven Kings of the Lands","","http://d12h0em1d7ppg.cloudfront.net/docs/icons/green.png"
"http://www.fowtcg.com/card/704","Blessing of Yggdrasil","http://d12h0em1d7ppg.cloudfront.net/items/70/704/image_en/1485235342.jpg","SKL-053","C","Chant","","j-peg","The Seven Kings of the Lands","","Part of the story of the tree of life goes alongside a part of the history of magic stones. And the history of the world is inscribed in this connection.","The Seven Kings of the Lands","","http://d12h0em1d7ppg.cloudfront.net/docs/icons/cost/01.png"
"http://www.fowtcg.com/card/705","Branch of Yggdrasil","http://d12h0em1d7ppg.cloudfront.net/items/70/705/image_en/1485235344.jpg","SKL-054","C","Addition: Resonator","","Cola","The Seven Kings of the Lands","Continuous
Added resonator gains [0/+400].","The branch of the tree of life is considered an amulet of this world.","The Seven Kings of the Lands","","http://d12h0em1d7ppg.cloudfront.net/docs/icons/green.png"
"http://www.fowtcg.com/card/706","Elite Commander","http://d12h0em1d7ppg.cloudfront.net/items/70/706/image_en/1485235346.jpg","SKL-055","U","Resonator","Human","見田航介","The Seven Kings of the Lands","Activate
Rest three recovered Beasts you control: Reveal the top card of your deck. If it's a Beast resonator, put it into your hand.","In this forest, people attract beasts, and the beasts attract more beasts.","The Seven Kings of the Lands","700 / 700","http://d12h0em1d7ppg.cloudfront.net/docs/icons/green.png"
"http://www.fowtcg.com/card/706","Elite Commander","http://d12h0em1d7ppg.cloudfront.net/items/70/706/image_en/1485235346.jpg","SKL-055","U","Resonator","Human","見田航介","The Seven Kings of the Lands","Activate
Rest three recovered Beasts you control: Reveal the top card of your deck. If it's a Beast resonator, put it into your hand.","In this forest, people attract beasts, and the beasts attract more beasts.","The Seven Kings of the Lands","700 / 700","http://d12h0em1d7ppg.cloudfront.net/docs/icons/green.png"
"http://www.fowtcg.com/card/706","Elite Commander","http://d12h0em1d7ppg.cloudfront.net/items/70/706/image_en/1485235346.jpg","SKL-055","U","Resonator","Human","見田航介","The Seven Kings of the Lands","Activate
Rest three recovered Beasts you control: Reveal the top card of your deck. If it's a Beast resonator, put it into your hand.","In this forest, people attract beasts, and the beasts attract more beasts.","The Seven Kings of the Lands","700 / 700","http://d12h0em1d7ppg.cloudfront.net/docs/icons/cost/01.png"
"http://www.fowtcg.com/card/707","Guardian of the Forest","http://d12h0em1d7ppg.cloudfront.net/items/70/707/image_en/1485235348.jpg","SKL-056","C","Resonator","Beast","長崎祐子","The Seven Kings of the Lands","Activate
[G]: This card gains [+200/+200] until end of turn. Play this ability only once per turn.","The forest of Shisei is the source of power of the beasts.","The Seven Kings of the Lands","700 / 700","http://d12h0em1d7ppg.cloudfront.net/docs/icons/green.png"
"http://www.fowtcg.com/card/707","Guardian of the Forest","http://d12h0em1d7ppg.cloudfront.net/items/70/707/image_en/1485235348.jpg","SKL-056","C","Resonator","Beast","長崎祐子","The Seven Kings of the Lands","Activate
[G]: This card gains [+200/+200] until end of turn. Play this ability only once per turn.","The forest of Shisei is the source of power of the beasts.","The Seven Kings of the Lands","700 / 700","http://d12h0em1d7ppg.cloudfront.net/docs/icons/cost/02.png"
"http://www.fowtcg.com/card/708","Herald of the Beast Lady","http://d12h0em1d7ppg.cloudfront.net/items/70/708/image_en/1485235350.jpg","SKL-057","C","Resonator","Beast","佐久間さのすけ","The Seven Kings of the Lands","","The Beast Lady is not acting with the aim of conquering. Even ruling is simply part of the game.","The Seven Kings of the Lands","400 / 400","http://d12h0em1d7ppg.cloudfront.net/docs/icons/green.png"
"http://www.fowtcg.com/card/709","Keen Sense","http://d12h0em1d7ppg.cloudfront.net/items/70/709/image_en/1485235351.jpg","SKL-058","U","Chant","","白野椋","The Seven Kings of the Lands","","""I can smell it, it's over there!"" -Pricia, the Beast Lady","The Seven Kings of the Lands","","http://d12h0em1d7ppg.cloudfront.net/docs/icons/green.png"
"http://www.fowtcg.com/card/709","Keen Sense","http://d12h0em1d7ppg.cloudfront.net/items/70/709/image_en/1485235351.jpg","SKL-058","U","Chant","","白野椋","The Seven Kings of the Lands","","""I can smell it, it's over there!"" -Pricia, the Beast Lady","The Seven Kings of the Lands","","http://d12h0em1d7ppg.cloudfront.net/docs/icons/cost/01.png"
"http://www.fowtcg.com/card/710","Pricia, the Beast Lady","http://d12h0em1d7ppg.cloudfront.net/items/71/710/image_en/1485235352.jpg","SKL-059","R","Ruler","Seven Kings","fzwrAym","The Seven Kings of the Lands","Activate
[G][G]: Target Beast or Four Sacred Beasts gains [+100/+100] until end of turn.","The ancient forest is the kingdom of the Beast Lady. She grew up here, learning to communicate with all the wild beasts. She's considered the ruler, they all obey her, even the four sacred beasts.","The Seven Kings of the Lands","",""
"http://www.fowtcg.com/card/711","Pricia, the Commander of the Sacred Beasts","http://d12h0em1d7ppg.cloudfront.net/items/71/711/image_en/1485235355.jpg","SKL-059J","JR","J-Ruler","Seven Kings","fzwrAym","The Seven Kings of the Lands","Activate
God's Art [G][G][G][x]: Search your deck for up to X Four Sacred Beasts resonators with different names, reveal them and put them into your hand. Then put up to X Four Sacred Beasts resonators with different names from your hand into your field and shuffle your deck. (Play God's Art only once per game.)","""Hey guys, what do we play today?""","The Seven Kings of the Lands","800 / 800",""
"http://www.fowtcg.com/card/712","Qing Long, the Sacred Beast","http://d12h0em1d7ppg.cloudfront.net/items/71/712/image_en/1485235357.jpg","SKL-060","SR","Resonator","Four Sacred Beasts","ケルビン","The Seven Kings of the Lands","Activate
[1]: Other Four Sacred Beasts resonators you control gain [+200/+200] until end of turn. Play this ability only once per turn.","That is the symbol of rampage.","The Seven Kings of the Lands","800 / 800","http://d12h0em1d7ppg.cloudfront.net/docs/icons/green.png"
"http://www.fowtcg.com/card/712","Qing Long, the Sacred Beast","http://d12h0em1d7ppg.cloudfront.net/items/71/712/image_en/1485235357.jpg","SKL-060","SR","Resonator","Four Sacred Beasts","ケルビン","The Seven Kings of the Lands","Activate
[1]: Other Four Sacred Beasts resonators you control gain [+200/+200] until end of turn. Play this ability only once per turn.","That is the symbol of rampage.","The Seven Kings of the Lands","800 / 800","http://d12h0em1d7ppg.cloudfront.net/docs/icons/green.png"
"http://www.fowtcg.com/card/712","Qing Long, the Sacred Beast","http://d12h0em1d7ppg.cloudfront.net/items/71/712/image_en/1485235357.jpg","SKL-060","SR","Resonator","Four Sacred Beasts","ケルビン","The Seven Kings of the Lands","Activate
[1]: Other Four Sacred Beasts resonators you control gain [+200/+200] until end of turn. Play this ability only once per turn.","That is the symbol of rampage.","The Seven Kings of the Lands","800 / 800","http://d12h0em1d7ppg.cloudfront.net/docs/icons/cost/01.png"
"http://www.fowtcg.com/card/713","Rapid Growth","http://d12h0em1d7ppg.cloudfront.net/items/71/713/image_en/1485235359.jpg","SKL-061","C","Chant","","瞬く","The Seven Kings of the Lands","","The miracle that the world achieved.","The Seven Kings of the Lands","","http://d12h0em1d7ppg.cloudfront.net/docs/icons/green.png"
"http://www.fowtcg.com/card/714","Ratatoskr, the Spirit Beast of Yggdrasil","http://d12h0em1d7ppg.cloudfront.net/items/71/714/image_en/1485235360.jpg","SKL-062","SR","Resonator","Beast","kakotomirai","The Seven Kings of the Lands","Automatic
Whenever another resonator enters your field ⇒ This card gains [+200/+200] until end of turn.","Forest dwellers can hardly see the Sacred Beast of Yggdrasil. But when the beast appears to someone it does it as a sign of good luck or terrible misfortune.","The Seven Kings of the Lands","0 / 200","http://d12h0em1d7ppg.cloudfront.net/docs/icons/green.png"
"http://www.fowtcg.com/card/715","Sissei, the Ancient Forest","http://d12h0em1d7ppg.cloudfront.net/items/71/715/image_en/1485235362.jpg","SKL-063","R","Addition: Field","Forest","ケルビン","The Seven Kings of the Lands","Automatic
Whenever a resonator is put into a graveyard from your field ⇒ You may pay [G][G][1]. If you do, draw a card.","Yggdrasil, the tree of life is safe in this forest: the area that surrounds it doesn't belong to anyone and it's considered a sacred temple.","The Seven Kings of the Lands","","http://d12h0em1d7ppg.cloudfront.net/docs/icons/green.png"
"http://www.fowtcg.com/card/715","Sissei, the Ancient Forest","http://d12h0em1d7ppg.cloudfront.net/items/71/715/image_en/1485235362.jpg","SKL-063","R","Addition: Field","Forest","ケルビン","The Seven Kings of the Lands","Automatic
Whenever a resonator is put into a graveyard from your field ⇒ You may pay [G][G][1]. If you do, draw a card.","Yggdrasil, the tree of life is safe in this forest: the area that surrounds it doesn't belong to anyone and it's considered a sacred temple.","The Seven Kings of the Lands","","http://d12h0em1d7ppg.cloudfront.net/docs/icons/cost/01.png"
"http://www.fowtcg.com/card/716","Sprint of the Beast Lady","http://d12h0em1d7ppg.cloudfront.net/items/71/716/image_en/1485235366.jpg","SKL-064","R","Chant","","みえ","The Seven Kings of the Lands","","“I'm ready to start!!!” -Pricia, the Beast Lady","The Seven Kings of the Lands","","http://d12h0em1d7ppg.cloudfront.net/docs/icons/green.png"
"http://www.fowtcg.com/card/716","Sprint of the Beast Lady","http://d12h0em1d7ppg.cloudfront.net/items/71/716/image_en/1485235366.jpg","SKL-064","R","Chant","","みえ","The Seven Kings of the Lands","","“I'm ready to start!!!” -Pricia, the Beast Lady","The Seven Kings of the Lands","","http://d12h0em1d7ppg.cloudfront.net/docs/icons/green.png"
"http://www.fowtcg.com/card/716","Sprint of the Beast Lady","http://d12h0em1d7ppg.cloudfront.net/items/71/716/image_en/1485235366.jpg","SKL-064","R","Chant","","みえ","The Seven Kings of the Lands","","“I'm ready to start!!!” -Pricia, the Beast Lady","The Seven Kings of the Lands","","http://d12h0em1d7ppg.cloudfront.net/docs/icons/cost/01.png"
"http://www.fowtcg.com/card/717","Sprinting Wolf","http://d12h0em1d7ppg.cloudfront.net/items/71/717/image_en/1485235368.jpg","SKL-065","C","Resonator","Beast","ひがし","The Seven Kings of the Lands","","""How rude! I hate the savages!"" -Valentina, the Princess of Love","The Seven Kings of the Lands","600 / 500","http://d12h0em1d7ppg.cloudfront.net/docs/icons/green.png"
"http://www.fowtcg.com/card/717","Sprinting Wolf","http://d12h0em1d7ppg.cloudfront.net/items/71/717/image_en/1485235368.jpg","SKL-065","C","Resonator","Beast","ひがし","The Seven Kings of the Lands","","""How rude! I hate the savages!"" -Valentina, the Princess of Love","The Seven Kings of the Lands","600 / 500","http://d12h0em1d7ppg.cloudfront.net/docs/icons/green.png"
"http://www.fowtcg.com/card/718","Arthur, the Dead Lord of Vengeance","http://d12h0em1d7ppg.cloudfront.net/items/71/718/image_en/1485235369.jpg","SKL-066","SR","Resonator","Zombie","lack","The Seven Kings of the Lands","Activate
Remove three resonators in your graveyard from the game: Put this card from your graveyard into your hand.","""His mind has been emptied completely, I am confident that from now on he will not betray me!"" -Rezzard, the Undead Lord","The Seven Kings of the Lands","1000 / 1000","http://d12h0em1d7ppg.cloudfront.net/docs/icons/dark.png"
"http://www.fowtcg.com/card/718","Arthur, the Dead Lord of Vengeance","http://d12h0em1d7ppg.cloudfront.net/items/71/718/image_en/1485235369.jpg","SKL-066","SR","Resonator","Zombie","lack","The Seven Kings of the Lands","Activate
Remove three resonators in your graveyard from the game: Put this card from your graveyard into your hand.","""His mind has been emptied completely, I am confident that from now on he will not betray me!"" -Rezzard, the Undead Lord","The Seven Kings of the Lands","1000 / 1000","http://d12h0em1d7ppg.cloudfront.net/docs/icons/dark.png"
"http://www.fowtcg.com/card/718","Arthur, the Dead Lord of Vengeance","http://d12h0em1d7ppg.cloudfront.net/items/71/718/image_en/1485235369.jpg","SKL-066","SR","Resonator","Zombie","lack","The Seven Kings of the Lands","Activate
Remove three resonators in your graveyard from the game: Put this card from your graveyard into your hand.","""His mind has been emptied completely, I am confident that from now on he will not betray me!"" -Rezzard, the Undead Lord","The Seven Kings of the Lands","1000 / 1000","http://d12h0em1d7ppg.cloudfront.net/docs/icons/cost/02.png"
"http://www.fowtcg.com/card/719","Dark Purge","http://d12h0em1d7ppg.cloudfront.net/items/71/719/image_en/1485235371.jpg","SKL-067","C","Chant","","サウマロ","The Seven Kings of the Lands","","""I hate the darkness because... because it shrouds my beauty!"" -Valentina, the Princess of Love","The Seven Kings of the Lands","","http://d12h0em1d7ppg.cloudfront.net/docs/icons/dark.png"
"http://www.fowtcg.com/card/719","Dark Purge","http://d12h0em1d7ppg.cloudfront.net/items/71/719/image_en/1485235371.jpg","SKL-067","C","Chant","","サウマロ","The Seven Kings of the Lands","","""I hate the darkness because... because it shrouds my beauty!"" -Valentina, the Princess of Love","The Seven Kings of the Lands","","http://d12h0em1d7ppg.cloudfront.net/docs/icons/cost/01.png"
"http://www.fowtcg.com/card/720","Endless Night","http://d12h0em1d7ppg.cloudfront.net/items/72/720/image_en/1485235376.jpg","SKL-068","U","Chant","","あき","The Seven Kings of the Lands","","Besides destruction, fear is sowed as well.","The Seven Kings of the Lands","","http://d12h0em1d7ppg.cloudfront.net/docs/icons/dark.png"
"http://www.fowtcg.com/card/720","Endless Night","http://d12h0em1d7ppg.cloudfront.net/items/72/720/image_en/1485235376.jpg","SKL-068","U","Chant","","あき","The Seven Kings of the Lands","","Besides destruction, fear is sowed as well.","The Seven Kings of the Lands","","http://d12h0em1d7ppg.cloudfront.net/docs/icons/dark.png"
"http://www.fowtcg.com/card/720","Endless Night","http://d12h0em1d7ppg.cloudfront.net/items/72/720/image_en/1485235376.jpg","SKL-068","U","Chant","","あき","The Seven Kings of the Lands","","Besides destruction, fear is sowed as well.","The Seven Kings of the Lands","","http://d12h0em1d7ppg.cloudfront.net/docs/icons/cost/01.png"
"http://www.fowtcg.com/card/721","Forbidden Spell of the Undead Lord","http://d12h0em1d7ppg.cloudfront.net/items/72/721/image_en/1485235379.jpg","SKL-069","R","Chant","","gozz","The Seven Kings of the Lands","","The fury coming from the old world.","The Seven Kings of the Lands","","http://d12h0em1d7ppg.cloudfront.net/docs/icons/dark.png"
"http://www.fowtcg.com/card/721","Forbidden Spell of the Undead Lord","http://d12h0em1d7ppg.cloudfront.net/items/72/721/image_en/1485235379.jpg","SKL-069","R","Chant","","gozz","The Seven Kings of the Lands","","The fury coming from the old world.","The Seven Kings of the Lands","","http://d12h0em1d7ppg.cloudfront.net/docs/icons/dark.png"
"http://www.fowtcg.com/card/721","Forbidden Spell of the Undead Lord","http://d12h0em1d7ppg.cloudfront.net/items/72/721/image_en/1485235379.jpg","SKL-069","R","Chant","","gozz","The Seven Kings of the Lands","","The fury coming from the old world.","The Seven Kings of the Lands","","http://d12h0em1d7ppg.cloudfront.net/docs/icons/cost/02.png"
"http://www.fowtcg.com/card/722","Herald of the Undead Lord","http://d12h0em1d7ppg.cloudfront.net/items/72/722/image_en/1485235380.jpg","SKL-070","C","Resonator","Vampire","j-peg","The Seven Kings of the Lands","","For them darkness and suspicion are the best allies.","The Seven Kings of the Lands","500 / 500","http://d12h0em1d7ppg.cloudfront.net/docs/icons/dark.png"
"http://www.fowtcg.com/card/722","Herald of the Undead Lord","http://d12h0em1d7ppg.cloudfront.net/items/72/722/image_en/1485235380.jpg","SKL-070","C","Resonator","Vampire","j-peg","The Seven Kings of the Lands","","For them darkness and suspicion are the best allies.","The Seven Kings of the Lands","500 / 500","http://d12h0em1d7ppg.cloudfront.net/docs/icons/cost/01.png"
"http://www.fowtcg.com/card/723","Hunter of Souls","http://d12h0em1d7ppg.cloudfront.net/items/72/723/image_en/1485235382.jpg","SKL-071","C","Resonator","Reaper","下江クリス","The Seven Kings of the Lands","Automatic
Whenever a resonator is put into a graveyard from your opponent's field ⇒ This card deals 200 damage to your opponent and you gain 200 life.","Don't ask the God of Death where the spirits go. If by chance you'll ever ask him, you may find that out with your very own soul.","The Seven Kings of the Lands","700 / 700","http://d12h0em1d7ppg.cloudfront.net/docs/icons/dark.png"
"http://www.fowtcg.com/card/723","Hunter of Souls","http://d12h0em1d7ppg.cloudfront.net/items/72/723/image_en/1485235382.jpg","SKL-071","C","Resonator","Reaper","下江クリス","The Seven Kings of the Lands","Automatic
Whenever a resonator is put into a graveyard from your opponent's field ⇒ This card deals 200 damage to your opponent and you gain 200 life.","Don't ask the God of Death where the spirits go. If by chance you'll ever ask him, you may find that out with your very own soul.","The Seven Kings of the Lands","700 / 700","http://d12h0em1d7ppg.cloudfront.net/docs/icons/cost/02.png"
"http://www.fowtcg.com/card/724","Merlin, the Wizard of Distress","http://d12h0em1d7ppg.cloudfront.net/items/72/724/image_en/1485235384.jpg","SKL-072","R","Resonator","Zombie","猫噺子","The Seven Kings of the Lands","Automatic
When this card enters your field from a chant area ⇒ Target resonator your opponent controls gains [-700/-700] until end of turn.","This pain can be felt from the deepest darkness.","The Seven Kings of the Lands","600 / 600","http://d12h0em1d7ppg.cloudfront.net/docs/icons/dark.png"
"http://www.fowtcg.com/card/724","Merlin, the Wizard of Distress","http://d12h0em1d7ppg.cloudfront.net/items/72/724/image_en/1485235384.jpg","SKL-072","R","Resonator","Zombie","猫噺子","The Seven Kings of the Lands","Automatic
When this card enters your field from a chant area ⇒ Target resonator your opponent controls gains [-700/-700] until end of turn.","This pain can be felt from the deepest darkness.","The Seven Kings of the Lands","600 / 600","http://d12h0em1d7ppg.cloudfront.net/docs/icons/dark.png"
"http://www.fowtcg.com/card/724","Merlin, the Wizard of Distress","http://d12h0em1d7ppg.cloudfront.net/items/72/724/image_en/1485235384.jpg","SKL-072","R","Resonator","Zombie","猫噺子","The Seven Kings of the Lands","Automatic
When this card enters your field from a chant area ⇒ Target resonator your opponent controls gains [-700/-700] until end of turn.","This pain can be felt from the deepest darkness.","The Seven Kings of the Lands","600 / 600","http://d12h0em1d7ppg.cloudfront.net/docs/icons/cost/01.png"
"http://www.fowtcg.com/card/725","Necromancy of the Undead Lord","http://d12h0em1d7ppg.cloudfront.net/items/72/725/image_en/1485235386.jpg","SKL-073","C","Addition: Resonator","","Moopic","The Seven Kings of the Lands","Automatic
Whenever a resonator enters your field ⇒ You may add this card from your graveyard to that resonator.","There isn't a better way to get new servants.","The Seven Kings of the Lands","","http://d12h0em1d7ppg.cloudfront.net/docs/icons/dark.png"
"http://www.fowtcg.com/card/726","Niflheim, the Realm of the Dead","http://d12h0em1d7ppg.cloudfront.net/items/72/726/image_en/1485235401.jpg","SKL-074","R","Addition: Field","Grave","tokiwa","The Seven Kings of the Lands","Activate
Banish this card: Put the top five cards of your deck into your graveyard.","""Come on, you joined the group already!"" -Rezzard, the Undead Lord","The Seven Kings of the Lands","","http://d12h0em1d7ppg.cloudfront.net/docs/icons/dark.png"
"http://www.fowtcg.com/card/726","Niflheim, the Realm of the Dead","http://d12h0em1d7ppg.cloudfront.net/items/72/726/image_en/1485235401.jpg","SKL-074","R","Addition: Field","Grave","tokiwa","The Seven Kings of the Lands","Activate
Banish this card: Put the top five cards of your deck into your graveyard.","""Come on, you joined the group already!"" -Rezzard, the Undead Lord","The Seven Kings of the Lands","","http://d12h0em1d7ppg.cloudfront.net/docs/icons/cost/01.png"
"http://www.fowtcg.com/card/727","Persephone, the Nether Empress","http://d12h0em1d7ppg.cloudfront.net/items/72/727/image_en/1485235402.jpg","SKL-075","SR","Resonator","Queen","祀花よう子","The Seven Kings of the Lands","Automatic
When this card enters your field from a chant area ⇒ Put target resonator with total cost 4 or less from your graveyard into your field.","""Hey Rezzard, since you're here, I hope you'll call me if things start getting interesting!""","The Seven Kings of the Lands","700 / 700","http://d12h0em1d7ppg.cloudfront.net/docs/icons/dark.png"
"http://www.fowtcg.com/card/727","Persephone, the Nether Empress","http://d12h0em1d7ppg.cloudfront.net/items/72/727/image_en/1485235402.jpg","SKL-075","SR","Resonator","Queen","祀花よう子","The Seven Kings of the Lands","Automatic
When this card enters your field from a chant area ⇒ Put target resonator with total cost 4 or less from your graveyard into your field.","""Hey Rezzard, since you're here, I hope you'll call me if things start getting interesting!""","The Seven Kings of the Lands","700 / 700","http://d12h0em1d7ppg.cloudfront.net/docs/icons/dark.png"
"http://www.fowtcg.com/card/727","Persephone, the Nether Empress","http://d12h0em1d7ppg.cloudfront.net/items/72/727/image_en/1485235402.jpg","SKL-075","SR","Resonator","Queen","祀花よう子","The Seven Kings of the Lands","Automatic
When this card enters your field from a chant area ⇒ Put target resonator with total cost 4 or less from your graveyard into your field.","""Hey Rezzard, since you're here, I hope you'll call me if things start getting interesting!""","The Seven Kings of the Lands","700 / 700","http://d12h0em1d7ppg.cloudfront.net/docs/icons/cost/02.png"
"http://www.fowtcg.com/card/728","Prowler of Niflheim","http://d12h0em1d7ppg.cloudfront.net/items/72/728/image_en/1485235403.jpg","SKL-076","C","Resonator","Zombie","森野ヒロ","The Seven Kings of the Lands","Automatic
When this card enters your field ⇒ Put the top two cards of your deck into your graveyard.","For Niflheim Wanderers, death is merely a way to increase the number of followers.","The Seven Kings of the Lands","300 / 300","http://d12h0em1d7ppg.cloudfront.net/docs/icons/dark.png"
"http://www.fowtcg.com/card/729","Rezzard, the Undead Lord","http://d12h0em1d7ppg.cloudfront.net/items/72/729/image_en/1485235408.jpg","SKL-077","R","Ruler","Seven Kings/Vampire","touge369","The Seven Kings of the Lands","Activate
[B][B]: Put the top two cards of your deck into your graveyard.","The vampire who rules Nifelheim, the realm of the dead. His nature is brutal and cruel and subtle as well. Hiding in the shadows, he observes the changes in the world, waiting for the right moment to strike.","The Seven Kings of the Lands","",""
"http://www.fowtcg.com/card/730","Rezzard, the Desecrating Vampire","http://d12h0em1d7ppg.cloudfront.net/items/73/730/image_en/1485235410.jpg","SKL-077J","JR","J-Ruler","Seven Kings/Vampire","touge369","The Seven Kings of the Lands","Activate
God's Art [B][B][4]: Remove any number of resonators in your graveyard from the game. For each card removed this way, each player banishes a resonator and discards a card. (Play God's Art only once per game.)","""Death comes to all, without distinction. I am the only exception.""","The Seven Kings of the Lands","500 / 500",""
"http://www.fowtcg.com/card/731","Scion of Ancient Lore","http://d12h0em1d7ppg.cloudfront.net/items/73/731/image_en/1485235416.jpg","SKL-078","U","Resonator","Vampire","Nagiにゃん","The Seven Kings of the Lands","Automatic
When this card enters your field ⇒ It deals 400 damage to your opponent and you gain 400 life.","Only the delicious blood can elate a vampire.","The Seven Kings of the Lands","700 / 700","http://d12h0em1d7ppg.cloudfront.net/docs/icons/dark.png"
"http://www.fowtcg.com/card/731","Scion of Ancient Lore","http://d12h0em1d7ppg.cloudfront.net/items/73/731/image_en/1485235416.jpg","SKL-078","U","Resonator","Vampire","Nagiにゃん","The Seven Kings of the Lands","Automatic
When this card enters your field ⇒ It deals 400 damage to your opponent and you gain 400 life.","Only the delicious blood can elate a vampire.","The Seven Kings of the Lands","700 / 700","http://d12h0em1d7ppg.cloudfront.net/docs/icons/dark.png"
"http://www.fowtcg.com/card/731","Scion of Ancient Lore","http://d12h0em1d7ppg.cloudfront.net/items/73/731/image_en/1485235416.jpg","SKL-078","U","Resonator","Vampire","Nagiにゃん","The Seven Kings of the Lands","Automatic
When this card enters your field ⇒ It deals 400 damage to your opponent and you gain 400 life.","Only the delicious blood can elate a vampire.","The Seven Kings of the Lands","700 / 700","http://d12h0em1d7ppg.cloudfront.net/docs/icons/cost/01.png"
"http://www.fowtcg.com/card/732","Soulhunt","http://d12h0em1d7ppg.cloudfront.net/items/73/732/image_en/1485235419.jpg","SKL-079","C","Chant","","gekko","The Seven Kings of the Lands","","The word ""sacrifice"" means ""gain"" for the Undead Lord.","The Seven Kings of the Lands","","http://d12h0em1d7ppg.cloudfront.net/docs/icons/dark.png"
"http://www.fowtcg.com/card/733","Soulless Soldier","http://d12h0em1d7ppg.cloudfront.net/items/73/733/image_en/1485235420.jpg","SKL-080","C","Resonator","Zombie","おつまみ","The Seven Kings of the Lands","Automatic
When this card enters your field ⇒ Put the top two cards of your deck into your graveyard.","""Will, Soul and... Life, all unnecessary things in this world!"" -Rezzard, the Undead Lord","The Seven Kings of the Lands","600 / 500","http://d12h0em1d7ppg.cloudfront.net/docs/icons/dark.png"
"http://www.fowtcg.com/card/733","Soulless Soldier","http://d12h0em1d7ppg.cloudfront.net/items/73/733/image_en/1485235420.jpg","SKL-080","C","Resonator","Zombie","おつまみ","The Seven Kings of the Lands","Automatic
When this card enters your field ⇒ Put the top two cards of your deck into your graveyard.","""Will, Soul and... Life, all unnecessary things in this world!"" -Rezzard, the Undead Lord","The Seven Kings of the Lands","600 / 500","http://d12h0em1d7ppg.cloudfront.net/docs/icons/dark.png"
"http://www.fowtcg.com/card/734","Underground Dragger","http://d12h0em1d7ppg.cloudfront.net/items/73/734/image_en/1485235421.jpg","SKL-081","U","Resonator","Zombie","tokiwa","The Seven Kings of the Lands","Automatic
When this card enters your field from a standby area ⇒ Destroy target resonator your opponent controls that dealt damage this turn.","""Maybe repeating constantly to pay attention will make them pay attention in the end. Although maybe paying attention won't be enough in that dark land."" -Faria, the Sacred Queen","The Seven Kings of the Lands","700 / 700","http://d12h0em1d7ppg.cloudfront.net/docs/icons/dark.png"
"http://www.fowtcg.com/card/734","Underground Dragger","http://d12h0em1d7ppg.cloudfront.net/items/73/734/image_en/1485235421.jpg","SKL-081","U","Resonator","Zombie","tokiwa","The Seven Kings of the Lands","Automatic
When this card enters your field from a standby area ⇒ Destroy target resonator your opponent controls that dealt damage this turn.","""Maybe repeating constantly to pay attention will make them pay attention in the end. Although maybe paying attention won't be enough in that dark land."" -Faria, the Sacred Queen","The Seven Kings of the Lands","700 / 700","http://d12h0em1d7ppg.cloudfront.net/docs/icons/dark.png"
"http://www.fowtcg.com/card/734","Underground Dragger","http://d12h0em1d7ppg.cloudfront.net/items/73/734/image_en/1485235421.jpg","SKL-081","U","Resonator","Zombie","tokiwa","The Seven Kings of the Lands","Automatic
When this card enters your field from a standby area ⇒ Destroy target resonator your opponent controls that dealt damage this turn.","""Maybe repeating constantly to pay attention will make them pay attention in the end. Although maybe paying attention won't be enough in that dark land."" -Faria, the Sacred Queen","The Seven Kings of the Lands","700 / 700","http://d12h0em1d7ppg.cloudfront.net/docs/icons/cost/01.png"
"http://www.fowtcg.com/card/735","Charging Assaulter","http://d12h0em1d7ppg.cloudfront.net/items/73/735/image_en/1485235423.jpg","SKL-082","C","Resonator","Machine","kawaryu","The Seven Kings of the Lands","Automatic
Whenever this card is blocked ⇒ It gains [+200/0] until end of turn.","Those matters won't even leave you the time to give orders.","The Seven Kings of the Lands","700 / 700","http://d12h0em1d7ppg.cloudfront.net/docs/icons/cost/03.png"
"http://www.fowtcg.com/card/736","Clockwork Scout Plane","http://d12h0em1d7ppg.cloudfront.net/items/73/736/image_en/1485235426.jpg","SKL-083","C","Resonator","Machine","douzen","The Seven Kings of the Lands","","""I'm uncomfortable seeing how they're able to easily jump into the void."" -Arla, the Winged Lord","The Seven Kings of the Lands","500 / 500","http://d12h0em1d7ppg.cloudfront.net/docs/icons/cost/02.png"
"http://www.fowtcg.com/card/737","Clockwork Soldiers","http://d12h0em1d7ppg.cloudfront.net/items/73/737/image_en/1485235429.jpg","SKL-084","C","Resonator","Machine","Cola","The Seven Kings of the Lands","Activate
[1]: This card gains [+200/0] until end of turn. At the end of turn ⇒ Banish it.","Despite their mechanisms being small, they hide a mortal blow.","The Seven Kings of the Lands","300 / 300","http://d12h0em1d7ppg.cloudfront.net/docs/icons/cost/01.png"
"http://www.fowtcg.com/card/738","Imitation Dragon","http://d12h0em1d7ppg.cloudfront.net/items/73/738/image_en/1485235435.jpg","SKL-085","U","Resonator","Machine/Dragon","松本エイト","The Seven Kings of the Lands","Automatic
When this card is dealt damage ⇒ Destroy it.","""It was able to copy that as well... and it did not use papier-m?ch?, did it?"" -Melgis, the Flame King","The Seven Kings of the Lands","1000 / 1000","http://d12h0em1d7ppg.cloudfront.net/docs/icons/cost/04.png"
"http://www.fowtcg.com/card/739","Leginus, the Mechanical City","http://d12h0em1d7ppg.cloudfront.net/items/73/739/image_en/1485235436.jpg","SKL-086","U","Addition: Field","Machine","Nagiにゃん","The Seven Kings of the Lands","Activate
[2], [rest]: Target resonator loses [Flying], [First Strike], [Pierce] or [Precision] until end of turn. If it does, another target resonator gains that ability until end of turn.","That city keeps producing cold machines with no feelings, endlessly.","The Seven Kings of the Lands","","http://d12h0em1d7ppg.cloudfront.net/docs/icons/cost/02.png"
"http://www.fowtcg.com/card/740","Machina, the Machine Lord","http://d12h0em1d7ppg.cloudfront.net/items/74/740/image_en/1485235437.jpg","SKL-087","R","Ruler","Seven Kings","るみえ","The Seven Kings of the Lands","Activate
[x]: Search your deck for an addition or resonator with total cost X or less with no attribute, reveal it and put it into your hand. Then shuffle your deck. Play this ability only once per turn.","The ruler of Leginus and creator of all the machines. He's managed to create a nearly infinite source of energy thanks to the magic stones. He has no interest in anything other than his research. He considers the entire world his personal laboratory.","The Seven Kings of the Lands","",""
"http://www.fowtcg.com/card/741","Machina, the Mechanical Emperor","http://d12h0em1d7ppg.cloudfront.net/items/74/741/image_en/1485235439.jpg","SKL-087J","JR","J-Ruler","Seven Kings","るみえ","The Seven Kings of the Lands","Activate
God's Art [3]: Resonators with no attribute you control cannot be destroyed this turn. (Play God's Art only once per game.)","""Go Marybell, with this fight we'll test your abilities.""","The Seven Kings of the Lands","800 / 800",""
"http://www.fowtcg.com/card/742","March of the Machine Lord","http://d12h0em1d7ppg.cloudfront.net/items/74/742/image_en/1485235440.jpg","SKL-088","U","Chant","","Fushikaden K.K.","The Seven Kings of the Lands","","""Attack!"" -Machina, the Machine Lord","The Seven Kings of the Lands","","http://d12h0em1d7ppg.cloudfront.net/docs/icons/cost/05.png"
"http://www.fowtcg.com/card/743","Power Supply Team","http://d12h0em1d7ppg.cloudfront.net/items/74/743/image_en/1485235442.jpg","SKL-089","C","Resonator","Machine","SIGMAN","The Seven Kings of the Lands","Activate
Banish this card: Recover target resonator.","The power supply team has only one purpose: to use all its members to provide assistance and spare parts.","The Seven Kings of the Lands","500 / 500","http://d12h0em1d7ppg.cloudfront.net/docs/icons/cost/03.png"
"http://www.fowtcg.com/card/744","Special Armor","http://d12h0em1d7ppg.cloudfront.net/items/74/744/image_en/1485235446.jpg","SKL-090","U","Addition: Resonator","","サウマロ","The Seven Kings of the Lands","Continuous
If added resonator would be destroyed, banish this card instead. If you do, remove all damage from that resonator.","""Since it cannot be scratched, I'll have to rip it away!"" -Pricia, the Beast Lady","The Seven Kings of the Lands","","http://d12h0em1d7ppg.cloudfront.net/docs/icons/cost/01.png"
"http://www.fowtcg.com/card/745","Winding Mender","http://d12h0em1d7ppg.cloudfront.net/items/74/745/image_en/1485235447.jpg","SKL-091","C","Resonator","Machine","城戸春一","The Seven Kings of the Lands","Activate
[rest]: Target Machine J/resonator gains [+200/+200] until end of turn.","They can fix anything perfectly, but they have one great weakness: they cannot move instantly.","The Seven Kings of the Lands","400 / 400","http://d12h0em1d7ppg.cloudfront.net/docs/icons/cost/02.png"
"http://www.fowtcg.com/card/746","Alice, the Girl in the Looking Glass","http://d12h0em1d7ppg.cloudfront.net/items/74/746/image_en/1485235448.jpg","SKL-092/093","R","Ruler","Wanderer/Pawn","Wednesday","The Seven Kings of the Lands","Activate
[rest]: Search your deck for a card named ""Deep Blue, the Phantom Board"", reveal it and put it into your hand. Then shuffle your deck.","Alice touched the divine relic and retrieved some of her memories. These were reflected on the mirror and took shape alongside her.","The Seven Kings of the Lands","",""
"http://www.fowtcg.com/card/747","Alice, the Saint of Healing","http://d12h0em1d7ppg.cloudfront.net/items/74/747/image_en/1485235449.jpg","SKL-092J","JR","J-Ruler","Bishop","Wednesday","The Seven Kings of the Lands","Activate
God's Art [U][G]: J/resonators you control cannot be targeted by chants or abilities until end of turn. Draw three cards. (Play God's Art only once per game.)","""I haven't forgotten about that time. I will show you that I shall defend everyone once again!""","The Seven Kings of the Lands","400 / 1500",""
"http://www.fowtcg.com/card/748","Alice, the Valkyrie of Fairy Tales","http://d12h0em1d7ppg.cloudfront.net/items/74/748/image_en/1485235451.jpg","SKL-093J","JR","J-Ruler","Knight","Wednesday","The Seven Kings of the Lands","Activate
God's Art [U][R]: This card deals 500 damage to target resonator. You may pay [1]. If you do, copy this ability. You may choose new targets for the copy. (Play God's Art only once per game.)","""Magic stones of Grimm's world, lend me a piece of your memories!""","The Seven Kings of the Lands","1000 / 1000",""
"http://www.fowtcg.com/card/749","Blazer Gill Rabus","http://d12h0em1d7ppg.cloudfront.net/items/74/749/image_en/1485235479.jpg","SKL-094","R","Ruler","Minion of Primogenitor","草薙蝶炎","The Seven Kings of the Lands","Continuous
Magic stones you control gain ""[rest]: Produce [R]."".","""Uff, you sure are perstering me!"" -Alice, the Girl in the Looking Glass","The Seven Kings of the Lands","",""
"http://www.fowtcg.com/card/750","Blazer Gill Rabus(J)","http://d12h0em1d7ppg.cloudfront.net/items/75/750/image_en/1485235481.jpg","SKL-094J","JR","J-Ruler","Minion of Primogenitor","草薙蝶炎","The Seven Kings of the Lands","Continuous
This card gains [+400/+400] as long as you don't control a resonator.","""The strength of a relentless obsession.""","The Seven Kings of the Lands","1000 / 1000",""
"http://www.fowtcg.com/card/751","Artemis, the God's Bow","http://d12h0em1d7ppg.cloudfront.net/items/75/751/image_en/1485235482.jpg","SKL-095","R","Regalia","","今野隼史","The Seven Kings of the Lands","Activate
[rest], remove four arrow counters from this card: Destroy target J/resonator with [Flying].","This bow can hit the unseen as well.","The Seven Kings of the Lands","","http://d12h0em1d7ppg.cloudfront.net/docs/icons/cost/00.png"
"http://www.fowtcg.com/card/752","Deathscythe, the Life Reaper","http://d12h0em1d7ppg.cloudfront.net/items/75/752/image_en/1485235483.jpg","SKL-096","R","Regalia","","SIGMAN","The Seven Kings of the Lands","Activate
Remove three cards in your graveyard from the game: Put this card from your graveyard into your hand.","The body is heavy, life is light.","The Seven Kings of the Lands","","http://d12h0em1d7ppg.cloudfront.net/docs/icons/cost/00.png"
"http://www.fowtcg.com/card/753","Deep Blue, the Phantom Board","http://d12h0em1d7ppg.cloudfront.net/items/75/753/image_en/1485235486.jpg","SKL-097","R","Regalia","","gozz","The Seven Kings of the Lands","Activate
Discard another card named ""Deep Blue, the Phantom Board"": Produce [R], [U] or [G].","What remains of an ancient world.","The Seven Kings of the Lands","","http://d12h0em1d7ppg.cloudfront.net/docs/icons/cost/00.png"
"http://www.fowtcg.com/card/754","Gleipnir, the Red Binding of Fate","http://d12h0em1d7ppg.cloudfront.net/items/75/754/image_en/1485235487.jpg","SKL-098","R","Regalia","","長崎祐子","The Seven Kings of the Lands","Activate
Discard another card named ""Gleipnir, the Red Binding of Fate"": Draw a card.","People believe that their actions are the result of their own free will, but they do not know that their destiny has been manipulated.","The Seven Kings of the Lands","","http://d12h0em1d7ppg.cloudfront.net/docs/icons/cost/00.png"
"http://www.fowtcg.com/card/755","Horn of Sacred Beasts","http://d12h0em1d7ppg.cloudfront.net/items/75/755/image_en/1485235488.jpg","SKL-099","R","Regalia","","Cola","The Seven Kings of the Lands","Activate
Banish this card: Target player shuffles all magic stones from his or her graveyard into his or her magic stone deck, then shuffles all other cards from his or her graveyard into his or her deck.","Its sound is almost imperceptible, but the soldiers of the Beast Lady can recognize it immediately.","The Seven Kings of the Lands","","http://d12h0em1d7ppg.cloudfront.net/docs/icons/cost/00.png"
"http://www.fowtcg.com/card/756","Marybell, the Steel Doll","http://d12h0em1d7ppg.cloudfront.net/items/75/756/image_en/1485235492.jpg","SKL-100","R","Regalia","","るみえ","The Seven Kings of the Lands","Activate
[1], [rest], banish this card: Destroy target regalia.","""Master, what are your orders? Shall I beat them to death? Crush them to death? Or tear them apart? Please give orders for the method of extermination required.""","The Seven Kings of the Lands","","http://d12h0em1d7ppg.cloudfront.net/docs/icons/cost/00.png"
"http://www.fowtcg.com/card/757","Darkness Magic Stone","http://d12h0em1d7ppg.cloudfront.net/items/75/757/image_en/1485235493.jpg","SKL-101","C","Basic Magic Stone","","古城バンビ","The Seven Kings of the Lands","Activate
[rest]: Produce [B].","","The Seven Kings of the Lands","",""
"http://www.fowtcg.com/card/758","Fire Magic Stone","http://d12h0em1d7ppg.cloudfront.net/items/75/758/image_en/1485235494.jpg","SKL-102","C","Basic Magic Stone","","kawaryu","The Seven Kings of the Lands","Activate
[rest]: Produce [R].","","The Seven Kings of the Lands","",""
"http://www.fowtcg.com/card/759","Light Magic Stone","http://d12h0em1d7ppg.cloudfront.net/items/75/759/image_en/1485235495.jpg","SKL-103","C","Basic Magic Stone","","佐々木光之助","The Seven Kings of the Lands","Activate
[rest]: Produce [W].","","The Seven Kings of the Lands","",""
"http://www.fowtcg.com/card/760","Water Magic Stone","http://d12h0em1d7ppg.cloudfront.net/items/76/760/image_en/1485235497.jpg","SKL-104","C","Basic Magic Stone","","白野椋","The Seven Kings of the Lands","Activate
[rest]: Produce [U].","","The Seven Kings of the Lands","",""
"http://www.fowtcg.com/card/761","Wind Magic Stone","http://d12h0em1d7ppg.cloudfront.net/items/76/761/image_en/1485235499.jpg","SKL-105","C","Basic Magic Stone","","森野ヒロ","The Seven Kings of the Lands","Activate
[rest]: Produce [G].","","The Seven Kings of the Lands","",""