"card_url","card_name","card_image","card_number","card_type","card_race","card_artist","card_expansion","card_text","card_flavor_text","card_all_sets","card_att_def","card_cost_attribute"
"http://www.fowtcg.com/card/1098","Alicia Melchiott(W)","http://d12h0em1d7ppg.cloudfront.net/items/10/1098/image_en/1485240652.jpg","VIN002-001","Ruler","Military/Squad 7","SEGA","Vingolf ""Valkyria Chronicles""","Judgement
[7]. You may pay [1] less to play this ability for each Squad 7 resonator you control.","""When this is over...there's something I want to tell you.""","Vingolf ""Valkyria Chronicles""","",""
"http://www.fowtcg.com/card/1099","Alicia Gunther","http://d12h0em1d7ppg.cloudfront.net/items/10/1099/image_en/1485240654.jpg","VIN002-001J","J-Ruler","Baker","SEGA","Vingolf ""Valkyria Chronicles""","Continuous
Squad 7 resonators you control gain [+200/+200].","","Vingolf ""Valkyria Chronicles""","400 / 1000",""
"http://www.fowtcg.com/card/1100","Clementia F?rster","http://d12h0em1d7ppg.cloudfront.net/items/11/1100/image_en/1485240655.jpg","VIN002-002","Resonator","Researcher","SEGA","Vingolf ""Valkyria Chronicles""","Automatic
When this card enters your field ⇒ Search your main deck for an addition, reveal it and put it into your hand. Then shuffle your main deck.","""Is this the best you can manage? How disappointing.""","Vingolf ""Valkyria Chronicles""","400 / 400","http://d12h0em1d7ppg.cloudfront.net/docs/icons/white.png"
"http://www.fowtcg.com/card/1100","Clementia F?rster","http://d12h0em1d7ppg.cloudfront.net/items/11/1100/image_en/1485240655.jpg","VIN002-002","Resonator","Researcher","SEGA","Vingolf ""Valkyria Chronicles""","Automatic
When this card enters your field ⇒ Search your main deck for an addition, reveal it and put it into your hand. Then shuffle your main deck.","""Is this the best you can manage? How disappointing.""","Vingolf ""Valkyria Chronicles""","400 / 400","http://d12h0em1d7ppg.cloudfront.net/docs/icons/cost/02.png"
"http://www.fowtcg.com/card/1101","Edy Nelson","http://d12h0em1d7ppg.cloudfront.net/items/11/1101/image_en/1485240656.jpg","VIN002-003","Resonator","Military/Squad 7","SEGA","Vingolf ""Valkyria Chronicles""","Automatic
When a Squad 7 you control is destroyed ⇒ Rest this card.","""Another Edy legend is born!""","Vingolf ""Valkyria Chronicles""","500 / 500","http://d12h0em1d7ppg.cloudfront.net/docs/icons/white.png"
"http://www.fowtcg.com/card/1101","Edy Nelson","http://d12h0em1d7ppg.cloudfront.net/items/11/1101/image_en/1485240656.jpg","VIN002-003","Resonator","Military/Squad 7","SEGA","Vingolf ""Valkyria Chronicles""","Automatic
When a Squad 7 you control is destroyed ⇒ Rest this card.","""Another Edy legend is born!""","Vingolf ""Valkyria Chronicles""","500 / 500","http://d12h0em1d7ppg.cloudfront.net/docs/icons/cost/01.png"
"http://www.fowtcg.com/card/1102","Elshan Flower","http://d12h0em1d7ppg.cloudfront.net/items/11/1102/image_en/1485240658.jpg","VIN002-004","Chant","","SEGA","Vingolf ""Valkyria Chronicles""","","","Vingolf ""Valkyria Chronicles""","","http://d12h0em1d7ppg.cloudfront.net/docs/icons/white.png"
"http://www.fowtcg.com/card/1102","Elshan Flower","http://d12h0em1d7ppg.cloudfront.net/items/11/1102/image_en/1485240658.jpg","VIN002-004","Chant","","SEGA","Vingolf ""Valkyria Chronicles""","","","Vingolf ""Valkyria Chronicles""","","http://d12h0em1d7ppg.cloudfront.net/docs/icons/white.png"
"http://www.fowtcg.com/card/1103","First-Aid","http://d12h0em1d7ppg.cloudfront.net/items/11/1103/image_en/1485240659.jpg","VIN002-005","Chant","","SEGA","Vingolf ""Valkyria Chronicles""","","","Vingolf ""Valkyria Chronicles""","","http://d12h0em1d7ppg.cloudfront.net/docs/icons/white.png"
"http://www.fowtcg.com/card/1103","First-Aid","http://d12h0em1d7ppg.cloudfront.net/items/11/1103/image_en/1485240659.jpg","VIN002-005","Chant","","SEGA","Vingolf ""Valkyria Chronicles""","","","Vingolf ""Valkyria Chronicles""","","http://d12h0em1d7ppg.cloudfront.net/docs/icons/white.png"
"http://www.fowtcg.com/card/1103","First-Aid","http://d12h0em1d7ppg.cloudfront.net/items/11/1103/image_en/1485240659.jpg","VIN002-005","Chant","","SEGA","Vingolf ""Valkyria Chronicles""","","","Vingolf ""Valkyria Chronicles""","","http://d12h0em1d7ppg.cloudfront.net/docs/icons/cost/02.png"
"http://www.fowtcg.com/card/1104","Flak Jacket","http://d12h0em1d7ppg.cloudfront.net/items/11/1104/image_en/1485240662.jpg","VIN002-006","Addition：J/Resonator","","SEGA","Vingolf ""Valkyria Chronicles""","Continuous
Prevent all damage that would be dealt to added J/resonator.","","Vingolf ""Valkyria Chronicles""","","http://d12h0em1d7ppg.cloudfront.net/docs/icons/white.png"
"http://www.fowtcg.com/card/1104","Flak Jacket","http://d12h0em1d7ppg.cloudfront.net/items/11/1104/image_en/1485240662.jpg","VIN002-006","Addition：J/Resonator","","SEGA","Vingolf ""Valkyria Chronicles""","Continuous
Prevent all damage that would be dealt to added J/resonator.","","Vingolf ""Valkyria Chronicles""","","http://d12h0em1d7ppg.cloudfront.net/docs/icons/cost/02.png"
"http://www.fowtcg.com/card/1105","Homer Peron","http://d12h0em1d7ppg.cloudfront.net/items/11/1105/image_en/1485240664.jpg","VIN002-007","Resonator","Military/Squad 7","SEGA","Vingolf ""Valkyria Chronicles""","Automatic
When this card enters your field ⇒ You gain 500 life.","""Hehe...A battle of death, despair, and pleasure is beginning.""","Vingolf ""Valkyria Chronicles""","700 / 700","http://d12h0em1d7ppg.cloudfront.net/docs/icons/white.png"
"http://www.fowtcg.com/card/1105","Homer Peron","http://d12h0em1d7ppg.cloudfront.net/items/11/1105/image_en/1485240664.jpg","VIN002-007","Resonator","Military/Squad 7","SEGA","Vingolf ""Valkyria Chronicles""","Automatic
When this card enters your field ⇒ You gain 500 life.","""Hehe...A battle of death, despair, and pleasure is beginning.""","Vingolf ""Valkyria Chronicles""","700 / 700","http://d12h0em1d7ppg.cloudfront.net/docs/icons/cost/02.png"
"http://www.fowtcg.com/card/1106","Irene Ellet","http://d12h0em1d7ppg.cloudfront.net/items/11/1106/image_en/1485240665.jpg","VIN002-008","Resonator","Reporter","SEGA","Vingolf ""Valkyria Chronicles""","Automatic
When this card enters your field ⇒ Reveal the top card of your main deck. If it's a Squad 7, put it into your hand.","""The best stories are always in the most dangerous places! I'm the bravest reporter GBS has!""","Vingolf ""Valkyria Chronicles""","200 / 200","http://d12h0em1d7ppg.cloudfront.net/docs/icons/white.png"
"http://www.fowtcg.com/card/1107","Jann Walker","http://d12h0em1d7ppg.cloudfront.net/items/11/1107/image_en/1485240666.jpg","VIN002-009","Resonator","Military/Squad 7","SEGA","Vingolf ""Valkyria Chronicles""","Automatic
When this card enters your field ⇒ Destroy target Tank.","""This is the epitome of muscle!""","Vingolf ""Valkyria Chronicles""","500 / 500","http://d12h0em1d7ppg.cloudfront.net/docs/icons/white.png"
"http://www.fowtcg.com/card/1107","Jann Walker","http://d12h0em1d7ppg.cloudfront.net/items/11/1107/image_en/1485240666.jpg","VIN002-009","Resonator","Military/Squad 7","SEGA","Vingolf ""Valkyria Chronicles""","Automatic
When this card enters your field ⇒ Destroy target Tank.","""This is the epitome of muscle!""","Vingolf ""Valkyria Chronicles""","500 / 500","http://d12h0em1d7ppg.cloudfront.net/docs/icons/cost/01.png"
"http://www.fowtcg.com/card/1108","Lynn","http://d12h0em1d7ppg.cloudfront.net/items/11/1108/image_en/1485240668.jpg","VIN002-010","Resonator","Military/Squad 7","SEGA","Vingolf ""Valkyria Chronicles""","","""With the pride of all Darcsens...""","Vingolf ""Valkyria Chronicles""","900 / 900","http://d12h0em1d7ppg.cloudfront.net/docs/icons/white.png"
"http://www.fowtcg.com/card/1108","Lynn","http://d12h0em1d7ppg.cloudfront.net/items/11/1108/image_en/1485240668.jpg","VIN002-010","Resonator","Military/Squad 7","SEGA","Vingolf ""Valkyria Chronicles""","","""With the pride of all Darcsens...""","Vingolf ""Valkyria Chronicles""","900 / 900","http://d12h0em1d7ppg.cloudfront.net/docs/icons/white.png"
"http://www.fowtcg.com/card/1108","Lynn","http://d12h0em1d7ppg.cloudfront.net/items/11/1108/image_en/1485240668.jpg","VIN002-010","Resonator","Military/Squad 7","SEGA","Vingolf ""Valkyria Chronicles""","","""With the pride of all Darcsens...""","Vingolf ""Valkyria Chronicles""","900 / 900","http://d12h0em1d7ppg.cloudfront.net/docs/icons/cost/02.png"
"http://www.fowtcg.com/card/1109","Marina Wulfstan","http://d12h0em1d7ppg.cloudfront.net/items/11/1109/image_en/1485240669.jpg","VIN002-011","Resonator","Military/Squad 7","SEGA","Vingolf ""Valkyria Chronicles""","Activate
[rest]: Rest target resonator.","""I've made it this far alone...""","Vingolf ""Valkyria Chronicles""","200 / 600","http://d12h0em1d7ppg.cloudfront.net/docs/icons/white.png"
"http://www.fowtcg.com/card/1109","Marina Wulfstan","http://d12h0em1d7ppg.cloudfront.net/items/11/1109/image_en/1485240669.jpg","VIN002-011","Resonator","Military/Squad 7","SEGA","Vingolf ""Valkyria Chronicles""","Activate
[rest]: Rest target resonator.","""I've made it this far alone...""","Vingolf ""Valkyria Chronicles""","200 / 600","http://d12h0em1d7ppg.cloudfront.net/docs/icons/cost/02.png"
"http://www.fowtcg.com/card/1110","Martha Lipponen","http://d12h0em1d7ppg.cloudfront.net/items/11/1110/image_en/1485240672.jpg","VIN002-012","Resonator","Servant","SEGA","Vingolf ""Valkyria Chronicles""","","""It's not like running will cause the baby to fall right out. This is my fifth, so I think it's safe to say I know what I'm talking about.""","Vingolf ""Valkyria Chronicles""","0 / 1000","http://d12h0em1d7ppg.cloudfront.net/docs/icons/white.png"
"http://www.fowtcg.com/card/1110","Martha Lipponen","http://d12h0em1d7ppg.cloudfront.net/items/11/1110/image_en/1485240672.jpg","VIN002-012","Resonator","Servant","SEGA","Vingolf ""Valkyria Chronicles""","","""It's not like running will cause the baby to fall right out. This is my fifth, so I think it's safe to say I know what I'm talking about.""","Vingolf ""Valkyria Chronicles""","0 / 1000","http://d12h0em1d7ppg.cloudfront.net/docs/icons/cost/01.png"
"http://www.fowtcg.com/card/1111","Susie Evans","http://d12h0em1d7ppg.cloudfront.net/items/11/1111/image_en/1485240673.jpg","VIN002-013","Resonator","Military/Squad 7","SEGA","Vingolf ""Valkyria Chronicles""","Automatic
When this card enters your field ⇒ Look at the top three cards of your main deck or magic stone deck and put them back in any order.","""I've had enough of killing... and being killed...""","Vingolf ""Valkyria Chronicles""","0 / 600","http://d12h0em1d7ppg.cloudfront.net/docs/icons/white.png"
"http://www.fowtcg.com/card/1112","Symbol of Peace","http://d12h0em1d7ppg.cloudfront.net/items/11/1112/image_en/1485240674.jpg","VIN002-014","Chant","","SEGA","Vingolf ""Valkyria Chronicles""","","A flower that blooms all across Gallia, it produces many small white seeds.","Vingolf ""Valkyria Chronicles""","","http://d12h0em1d7ppg.cloudfront.net/docs/icons/white.png"
"http://www.fowtcg.com/card/1112","Symbol of Peace","http://d12h0em1d7ppg.cloudfront.net/items/11/1112/image_en/1485240674.jpg","VIN002-014","Chant","","SEGA","Vingolf ""Valkyria Chronicles""","","A flower that blooms all across Gallia, it produces many small white seeds.","Vingolf ""Valkyria Chronicles""","","http://d12h0em1d7ppg.cloudfront.net/docs/icons/cost/01.png"
"http://www.fowtcg.com/card/1113","Welvar Glenn","http://d12h0em1d7ppg.cloudfront.net/items/11/1113/image_en/1485240675.jpg","VIN002-015","Resonator","Clerk","SEGA","Vingolf ""Valkyria Chronicles""","Activate
[W][W],[rest]: Recover target resonator.","""Hey, Avan. What'll it be?""","Vingolf ""Valkyria Chronicles""","400 / 400","http://d12h0em1d7ppg.cloudfront.net/docs/icons/white.png"
"http://www.fowtcg.com/card/1113","Welvar Glenn","http://d12h0em1d7ppg.cloudfront.net/items/11/1113/image_en/1485240675.jpg","VIN002-015","Resonator","Clerk","SEGA","Vingolf ""Valkyria Chronicles""","Activate
[W][W],[rest]: Recover target resonator.","""Hey, Avan. What'll it be?""","Vingolf ""Valkyria Chronicles""","400 / 400","http://d12h0em1d7ppg.cloudfront.net/docs/icons/white.png"
"http://www.fowtcg.com/card/1114","Alfons Auclair","http://d12h0em1d7ppg.cloudfront.net/items/11/1114/image_en/1485240685.jpg","VIN002-016","Resonator","Military/Nameless","SEGA","Vingolf ""Valkyria Chronicles""","Automatic
When this card enters your field ⇒ Target resonator must block this turn if able.","""I'll always be cocky and chubby.""","Vingolf ""Valkyria Chronicles""","800 / 800","http://d12h0em1d7ppg.cloudfront.net/docs/icons/red.png"
"http://www.fowtcg.com/card/1114","Alfons Auclair","http://d12h0em1d7ppg.cloudfront.net/items/11/1114/image_en/1485240685.jpg","VIN002-016","Resonator","Military/Nameless","SEGA","Vingolf ""Valkyria Chronicles""","Automatic
When this card enters your field ⇒ Target resonator must block this turn if able.","""I'll always be cocky and chubby.""","Vingolf ""Valkyria Chronicles""","800 / 800","http://d12h0em1d7ppg.cloudfront.net/docs/icons/cost/03.png"
"http://www.fowtcg.com/card/1115","Amy Apple","http://d12h0em1d7ppg.cloudfront.net/items/11/1115/image_en/1485240687.jpg","VIN002-017","Resonator","Military/Nameless","SEGA","Vingolf ""Valkyria Chronicles""","Continuous
This card cannot be attacked.","""If you die, I will cry.""","Vingolf ""Valkyria Chronicles""","500 / 400","http://d12h0em1d7ppg.cloudfront.net/docs/icons/red.png"
"http://www.fowtcg.com/card/1115","Amy Apple","http://d12h0em1d7ppg.cloudfront.net/items/11/1115/image_en/1485240687.jpg","VIN002-017","Resonator","Military/Nameless","SEGA","Vingolf ""Valkyria Chronicles""","Continuous
This card cannot be attacked.","""If you die, I will cry.""","Vingolf ""Valkyria Chronicles""","500 / 400","http://d12h0em1d7ppg.cloudfront.net/docs/icons/red.png"
"http://www.fowtcg.com/card/1116","Bombardment","http://d12h0em1d7ppg.cloudfront.net/items/11/1116/image_en/1485240689.jpg","VIN002-018","Chant","","SEGA","Vingolf ""Valkyria Chronicles""","","","Vingolf ""Valkyria Chronicles""","","http://d12h0em1d7ppg.cloudfront.net/docs/icons/red.png"
"http://www.fowtcg.com/card/1116","Bombardment","http://d12h0em1d7ppg.cloudfront.net/items/11/1116/image_en/1485240689.jpg","VIN002-018","Chant","","SEGA","Vingolf ""Valkyria Chronicles""","","","Vingolf ""Valkyria Chronicles""","","http://d12h0em1d7ppg.cloudfront.net/docs/icons/red.png"
"http://www.fowtcg.com/card/1117","Carisa Contzen","http://d12h0em1d7ppg.cloudfront.net/items/11/1117/image_en/1485240691.jpg","VIN002-019","Resonator","Military/Nameless","SEGA","Vingolf ""Valkyria Chronicles""","Activate
[R][1],[rest]: Search your main deck for a regalia with total cost 1 or more, reveal it and put it into your hand. Then shuffle your main deck.","""God is a patron, a source of money.""","Vingolf ""Valkyria Chronicles""","200 / 200","http://d12h0em1d7ppg.cloudfront.net/docs/icons/red.png"
"http://www.fowtcg.com/card/1118","Clarissa Callaghan","http://d12h0em1d7ppg.cloudfront.net/items/11/1118/image_en/1485240694.jpg","VIN002-020","Resonator","Military/Nameless","SEGA","Vingolf ""Valkyria Chronicles""","Activate
[rest]: Target resonator gains [Swiftness] until end of turn.","""Yes... I will fight! For a peaceful future...!""","Vingolf ""Valkyria Chronicles""","200 / 200","http://d12h0em1d7ppg.cloudfront.net/docs/icons/red.png"
"http://www.fowtcg.com/card/1119","Courageous Stand","http://d12h0em1d7ppg.cloudfront.net/items/11/1119/image_en/1485240695.jpg","VIN002-021","Chant","","SEGA","Vingolf ""Valkyria Chronicles""","","","Vingolf ""Valkyria Chronicles""","","http://d12h0em1d7ppg.cloudfront.net/docs/icons/red.png"
"http://www.fowtcg.com/card/1119","Courageous Stand","http://d12h0em1d7ppg.cloudfront.net/items/11/1119/image_en/1485240695.jpg","VIN002-021","Chant","","SEGA","Vingolf ""Valkyria Chronicles""","","","Vingolf ""Valkyria Chronicles""","","http://d12h0em1d7ppg.cloudfront.net/docs/icons/cost/01.png"
"http://www.fowtcg.com/card/1120","Frederica Lipps","http://d12h0em1d7ppg.cloudfront.net/items/11/1120/image_en/1485240696.jpg","VIN002-022","Resonator","Military/Nameless","SEGA","Vingolf ""Valkyria Chronicles""","Automatic
When this card enters your field ⇒ Gain control of target recovered resonator your opponent controls until end of turn. It gains [Swiftness] until end of turn.","""Men are so stupid... it's adorable.""","Vingolf ""Valkyria Chronicles""","300 / 700","http://d12h0em1d7ppg.cloudfront.net/docs/icons/red.png"
"http://www.fowtcg.com/card/1120","Frederica Lipps","http://d12h0em1d7ppg.cloudfront.net/items/11/1120/image_en/1485240696.jpg","VIN002-022","Resonator","Military/Nameless","SEGA","Vingolf ""Valkyria Chronicles""","Automatic
When this card enters your field ⇒ Gain control of target recovered resonator your opponent controls until end of turn. It gains [Swiftness] until end of turn.","""Men are so stupid... it's adorable.""","Vingolf ""Valkyria Chronicles""","300 / 700","http://d12h0em1d7ppg.cloudfront.net/docs/icons/cost/05.png"
"http://www.fowtcg.com/card/1121","Gusurg","http://d12h0em1d7ppg.cloudfront.net/items/11/1121/image_en/1485240698.jpg","VIN002-023","Resonator","Military/Nameless","SEGA","Vingolf ""Valkyria Chronicles""","","""The Darcsen spirit exists in that endless, boundless sky...""","Vingolf ""Valkyria Chronicles""","800 / 800","http://d12h0em1d7ppg.cloudfront.net/docs/icons/red.png"
"http://www.fowtcg.com/card/1121","Gusurg","http://d12h0em1d7ppg.cloudfront.net/items/11/1121/image_en/1485240698.jpg","VIN002-023","Resonator","Military/Nameless","SEGA","Vingolf ""Valkyria Chronicles""","","""The Darcsen spirit exists in that endless, boundless sky...""","Vingolf ""Valkyria Chronicles""","800 / 800","http://d12h0em1d7ppg.cloudfront.net/docs/icons/cost/02.png"
"http://www.fowtcg.com/card/1122","Imca","http://d12h0em1d7ppg.cloudfront.net/items/11/1122/image_en/1485240699.jpg","VIN002-024","Resonator","Military/Nameless","SEGA","Vingolf ""Valkyria Chronicles""","Continuous
As long as your opponent controls a J-ruler, this card gains [Swiftness] and [+500/+500].","""The death of one specific individual... I wish for nothing beyond that.""","Vingolf ""Valkyria Chronicles""","500 / 500","http://d12h0em1d7ppg.cloudfront.net/docs/icons/red.png"
"http://www.fowtcg.com/card/1122","Imca","http://d12h0em1d7ppg.cloudfront.net/items/11/1122/image_en/1485240699.jpg","VIN002-024","Resonator","Military/Nameless","SEGA","Vingolf ""Valkyria Chronicles""","Continuous
As long as your opponent controls a J-ruler, this card gains [Swiftness] and [+500/+500].","""The death of one specific individual... I wish for nothing beyond that.""","Vingolf ""Valkyria Chronicles""","500 / 500","http://d12h0em1d7ppg.cloudfront.net/docs/icons/red.png"
"http://www.fowtcg.com/card/1123","Kurt Irving","http://d12h0em1d7ppg.cloudfront.net/items/11/1123/image_en/1485240700.jpg","VIN002-025","Resonator","Military/Nameless","SEGA","Vingolf ""Valkyria Chronicles""","Automatic
[First Strike]","""I will regain my name... no matter what.""","Vingolf ""Valkyria Chronicles""","1000 / 1000","http://d12h0em1d7ppg.cloudfront.net/docs/icons/red.png"
"http://www.fowtcg.com/card/1123","Kurt Irving","http://d12h0em1d7ppg.cloudfront.net/items/11/1123/image_en/1485240700.jpg","VIN002-025","Resonator","Military/Nameless","SEGA","Vingolf ""Valkyria Chronicles""","Automatic
[First Strike]","""I will regain my name... no matter what.""","Vingolf ""Valkyria Chronicles""","1000 / 1000","http://d12h0em1d7ppg.cloudfront.net/docs/icons/red.png"
"http://www.fowtcg.com/card/1123","Kurt Irving","http://d12h0em1d7ppg.cloudfront.net/items/11/1123/image_en/1485240700.jpg","VIN002-025","Resonator","Military/Nameless","SEGA","Vingolf ""Valkyria Chronicles""","Automatic
[First Strike]","""I will regain my name... no matter what.""","Vingolf ""Valkyria Chronicles""","1000 / 1000","http://d12h0em1d7ppg.cloudfront.net/docs/icons/cost/03.png"
"http://www.fowtcg.com/card/1124","Large Explosion","http://d12h0em1d7ppg.cloudfront.net/items/11/1124/image_en/1485240702.jpg","VIN002-026","Chant","","SEGA","Vingolf ""Valkyria Chronicles""","","","Vingolf ""Valkyria Chronicles""","","http://d12h0em1d7ppg.cloudfront.net/docs/icons/red.png"
"http://www.fowtcg.com/card/1124","Large Explosion","http://d12h0em1d7ppg.cloudfront.net/items/11/1124/image_en/1485240702.jpg","VIN002-026","Chant","","SEGA","Vingolf ""Valkyria Chronicles""","","","Vingolf ""Valkyria Chronicles""","","http://d12h0em1d7ppg.cloudfront.net/docs/icons/red.png"
"http://www.fowtcg.com/card/1124","Large Explosion","http://d12h0em1d7ppg.cloudfront.net/items/11/1124/image_en/1485240702.jpg","VIN002-026","Chant","","SEGA","Vingolf ""Valkyria Chronicles""","","","Vingolf ""Valkyria Chronicles""","","http://d12h0em1d7ppg.cloudfront.net/docs/icons/cost/03.png"
"http://www.fowtcg.com/card/1125","Leila Peron","http://d12h0em1d7ppg.cloudfront.net/items/11/1125/image_en/1485240703.jpg","VIN002-027","Resonator","Military/Nameless","SEGA","Vingolf ""Valkyria Chronicles""","Activate
[R][R],[rest]: This card deals damage equal to its ATK to target resonator.","""I'm going to build a world without war for you all!!""","Vingolf ""Valkyria Chronicles""","400 / 400","http://d12h0em1d7ppg.cloudfront.net/docs/icons/red.png"
"http://www.fowtcg.com/card/1125","Leila Peron","http://d12h0em1d7ppg.cloudfront.net/items/11/1125/image_en/1485240703.jpg","VIN002-027","Resonator","Military/Nameless","SEGA","Vingolf ""Valkyria Chronicles""","Activate
[R][R],[rest]: This card deals damage equal to its ATK to target resonator.","""I'm going to build a world without war for you all!!""","Vingolf ""Valkyria Chronicles""","400 / 400","http://d12h0em1d7ppg.cloudfront.net/docs/icons/cost/01.png"
"http://www.fowtcg.com/card/1126","Margit Ravelli","http://d12h0em1d7ppg.cloudfront.net/items/11/1126/image_en/1485240704.jpg","VIN002-028","Resonator","Military/Nameless","SEGA","Vingolf ""Valkyria Chronicles""","Automatic
Whenever this card attacks ⇒ Resonators you control gain [+300/+300] until end of turn.","""Don't presume to speak to me so casually. Unlike you lot, I shouldn't be here.""","Vingolf ""Valkyria Chronicles""","700 / 700","http://d12h0em1d7ppg.cloudfront.net/docs/icons/red.png"
"http://www.fowtcg.com/card/1126","Margit Ravelli","http://d12h0em1d7ppg.cloudfront.net/items/11/1126/image_en/1485240704.jpg","VIN002-028","Resonator","Military/Nameless","SEGA","Vingolf ""Valkyria Chronicles""","Automatic
Whenever this card attacks ⇒ Resonators you control gain [+300/+300] until end of turn.","""Don't presume to speak to me so casually. Unlike you lot, I shouldn't be here.""","Vingolf ""Valkyria Chronicles""","700 / 700","http://d12h0em1d7ppg.cloudfront.net/docs/icons/red.png"
"http://www.fowtcg.com/card/1126","Margit Ravelli","http://d12h0em1d7ppg.cloudfront.net/items/11/1126/image_en/1485240704.jpg","VIN002-028","Resonator","Military/Nameless","SEGA","Vingolf ""Valkyria Chronicles""","Automatic
Whenever this card attacks ⇒ Resonators you control gain [+300/+300] until end of turn.","""Don't presume to speak to me so casually. Unlike you lot, I shouldn't be here.""","Vingolf ""Valkyria Chronicles""","700 / 700","http://d12h0em1d7ppg.cloudfront.net/docs/icons/cost/02.png"
"http://www.fowtcg.com/card/1127","Riela Marcellis","http://d12h0em1d7ppg.cloudfront.net/items/11/1127/image_en/1485240706.jpg","VIN002-029","Ruler","Military/Nameless","SEGA","Vingolf ""Valkyria Chronicles""","Judgement
[9]. You may pay [1] less to play this ability for each Nameless resonator you control.","""There was one person who told me I'm not the Grim Reaper.""","Vingolf ""Valkyria Chronicles""","",""
"http://www.fowtcg.com/card/1128","Riela Marcellis(J)","http://d12h0em1d7ppg.cloudfront.net/items/11/1128/image_en/1485240708.jpg","VIN002-029J","J-Ruler","Valkyrur/Nameless","SEGA","Vingolf ""Valkyria Chronicles""","Automatic
When this card enters your field ⇒ It deals 1000 damage to target resonator.","","Vingolf ""Valkyria Chronicles""","1000 / 600",""
"http://www.fowtcg.com/card/1129","Riela's Lance","http://d12h0em1d7ppg.cloudfront.net/items/11/1129/image_en/1485240709.jpg","VIN002-030","Addition：J/Resonator","","SEGA","Vingolf ""Valkyria Chronicles""","Continuous
Added J/resonator gains [+1000/0].","","Vingolf ""Valkyria Chronicles""","","http://d12h0em1d7ppg.cloudfront.net/docs/icons/red.png"
"http://www.fowtcg.com/card/1129","Riela's Lance","http://d12h0em1d7ppg.cloudfront.net/items/11/1129/image_en/1485240709.jpg","VIN002-030","Addition：J/Resonator","","SEGA","Vingolf ""Valkyria Chronicles""","Continuous
Added J/resonator gains [+1000/0].","","Vingolf ""Valkyria Chronicles""","","http://d12h0em1d7ppg.cloudfront.net/docs/icons/red.png"
"http://www.fowtcg.com/card/1129","Riela's Lance","http://d12h0em1d7ppg.cloudfront.net/items/11/1129/image_en/1485240709.jpg","VIN002-030","Addition：J/Resonator","","SEGA","Vingolf ""Valkyria Chronicles""","Continuous
Added J/resonator gains [+1000/0].","","Vingolf ""Valkyria Chronicles""","","http://d12h0em1d7ppg.cloudfront.net/docs/icons/cost/02.png"
"http://www.fowtcg.com/card/1130","Alicia Melchiott(U)","http://d12h0em1d7ppg.cloudfront.net/items/11/1130/image_en/1485240711.jpg","VIN002-031","Ruler","Military/Squad 7","SEGA","Vingolf ""Valkyria Chronicles""","Judgement
[7]. You may pay [1] less to play this ability for each Squad 7 resonator you control.","""When I think about the war I realize that I wasn't just fighting for my life, I was fighting for a new one.""","Vingolf ""Valkyria Chronicles""","",""
"http://www.fowtcg.com/card/1131","Alicia Melchiott(J)","http://d12h0em1d7ppg.cloudfront.net/items/11/1131/image_en/1485240713.jpg","VIN002-031J","J-Ruler","Valkyrur/Squad 7","SEGA","Vingolf ""Valkyria Chronicles""","Activate
When this card enters your field ⇒ You may add an [Addition:J/Resonator] from your hand to this card.","""As long as I live, I'll protect my home and the people of Gallia.""","Vingolf ""Valkyria Chronicles""","800 / 800",""
"http://www.fowtcg.com/card/1132","Alicia's Lance","http://d12h0em1d7ppg.cloudfront.net/items/11/1132/image_en/1485240714.jpg","VIN002-032","Addition：J/Resonator","","SEGA","Vingolf ""Valkyria Chronicles""","Automatic
Whenever damage is dealt to added J/resonator ⇒ Draw a card.","","Vingolf ""Valkyria Chronicles""","","http://d12h0em1d7ppg.cloudfront.net/docs/icons/blue.png"
"http://www.fowtcg.com/card/1132","Alicia's Lance","http://d12h0em1d7ppg.cloudfront.net/items/11/1132/image_en/1485240714.jpg","VIN002-032","Addition：J/Resonator","","SEGA","Vingolf ""Valkyria Chronicles""","Automatic
Whenever damage is dealt to added J/resonator ⇒ Draw a card.","","Vingolf ""Valkyria Chronicles""","","http://d12h0em1d7ppg.cloudfront.net/docs/icons/blue.png"
"http://www.fowtcg.com/card/1132","Alicia's Lance","http://d12h0em1d7ppg.cloudfront.net/items/11/1132/image_en/1485240714.jpg","VIN002-032","Addition：J/Resonator","","SEGA","Vingolf ""Valkyria Chronicles""","Automatic
Whenever damage is dealt to added J/resonator ⇒ Draw a card.","","Vingolf ""Valkyria Chronicles""","","http://d12h0em1d7ppg.cloudfront.net/docs/icons/cost/01.png"
"http://www.fowtcg.com/card/1133","Brigitte ""Rosie"" Stark","http://d12h0em1d7ppg.cloudfront.net/items/11/1133/image_en/1485240716.jpg","VIN002-033","Resonator","Military/Squad 7","SEGA","Vingolf ""Valkyria Chronicles""","Automatic
Whenever this card blocks or is blocked ⇒ It gains [-300/-300] until end of turn.","""Why is a Darcsen in our group? You don't actually expect us to fight together, do you?""","Vingolf ""Valkyria Chronicles""","700 / 700","http://d12h0em1d7ppg.cloudfront.net/docs/icons/blue.png"
"http://www.fowtcg.com/card/1133","Brigitte ""Rosie"" Stark","http://d12h0em1d7ppg.cloudfront.net/items/11/1133/image_en/1485240716.jpg","VIN002-033","Resonator","Military/Squad 7","SEGA","Vingolf ""Valkyria Chronicles""","Automatic
Whenever this card blocks or is blocked ⇒ It gains [-300/-300] until end of turn.","""Why is a Darcsen in our group? You don't actually expect us to fight together, do you?""","Vingolf ""Valkyria Chronicles""","700 / 700","http://d12h0em1d7ppg.cloudfront.net/docs/icons/cost/01.png"
"http://www.fowtcg.com/card/1134","Cordelia Gi Randgriz","http://d12h0em1d7ppg.cloudfront.net/items/11/1134/image_en/1485240721.jpg","VIN002-034","Resonator","Archduchess","SEGA","Vingolf ""Valkyria Chronicles""","Activate
[U][U][1],[rest], discard a card: Return target resonator to its owner's hand.","""I am destined to preserve the lands of Gallia, and the Valkyrian bloodline... nothing more.""","Vingolf ""Valkyria Chronicles""","0 / 600","http://d12h0em1d7ppg.cloudfront.net/docs/icons/blue.png"
"http://www.fowtcg.com/card/1135","Eleanor Varrot","http://d12h0em1d7ppg.cloudfront.net/items/11/1135/image_en/1485240722.jpg","VIN002-035","Resonator","Military","SEGA","Vingolf ""Valkyria Chronicles""","Automatic
When this card enters your field ⇒ You may put a Squad 7 with total cost 3 or less from your hand into your field.","""I expect great things from you. That is all.""","Vingolf ""Valkyria Chronicles""","900 / 900","http://d12h0em1d7ppg.cloudfront.net/docs/icons/blue.png"
"http://www.fowtcg.com/card/1135","Eleanor Varrot","http://d12h0em1d7ppg.cloudfront.net/items/11/1135/image_en/1485240722.jpg","VIN002-035","Resonator","Military","SEGA","Vingolf ""Valkyria Chronicles""","Automatic
When this card enters your field ⇒ You may put a Squad 7 with total cost 3 or less from your hand into your field.","""I expect great things from you. That is all.""","Vingolf ""Valkyria Chronicles""","900 / 900","http://d12h0em1d7ppg.cloudfront.net/docs/icons/blue.png"
"http://www.fowtcg.com/card/1135","Eleanor Varrot","http://d12h0em1d7ppg.cloudfront.net/items/11/1135/image_en/1485240722.jpg","VIN002-035","Resonator","Military","SEGA","Vingolf ""Valkyria Chronicles""","Automatic
When this card enters your field ⇒ You may put a Squad 7 with total cost 3 or less from your hand into your field.","""I expect great things from you. That is all.""","Vingolf ""Valkyria Chronicles""","900 / 900","http://d12h0em1d7ppg.cloudfront.net/docs/icons/cost/03.png"
"http://www.fowtcg.com/card/1136","Faldio Landzaat","http://d12h0em1d7ppg.cloudfront.net/items/11/1136/image_en/1485240723.jpg","VIN002-036","Resonator","Military","SEGA","Vingolf ""Valkyria Chronicles""","Continuous
This card gains [+300/+300] as long as you control a regalia.","""It wasn't so long ago that we were just 'schoolmates'... and now we're going to be 'comrades'.""","Vingolf ""Valkyria Chronicles""","600 / 600","http://d12h0em1d7ppg.cloudfront.net/docs/icons/blue.png"
"http://www.fowtcg.com/card/1136","Faldio Landzaat","http://d12h0em1d7ppg.cloudfront.net/items/11/1136/image_en/1485240723.jpg","VIN002-036","Resonator","Military","SEGA","Vingolf ""Valkyria Chronicles""","Continuous
This card gains [+300/+300] as long as you control a regalia.","""It wasn't so long ago that we were just 'schoolmates'... and now we're going to be 'comrades'.""","Vingolf ""Valkyria Chronicles""","600 / 600","http://d12h0em1d7ppg.cloudfront.net/docs/icons/blue.png"
"http://www.fowtcg.com/card/1136","Faldio Landzaat","http://d12h0em1d7ppg.cloudfront.net/items/11/1136/image_en/1485240723.jpg","VIN002-036","Resonator","Military","SEGA","Vingolf ""Valkyria Chronicles""","Continuous
This card gains [+300/+300] as long as you control a regalia.","""It wasn't so long ago that we were just 'schoolmates'... and now we're going to be 'comrades'.""","Vingolf ""Valkyria Chronicles""","600 / 600","http://d12h0em1d7ppg.cloudfront.net/docs/icons/cost/01.png"
"http://www.fowtcg.com/card/1137","Isara Gunther","http://d12h0em1d7ppg.cloudfront.net/items/11/1137/image_en/1485240728.jpg","VIN002-037","Resonator","Military/Squad 7","SEGA","Vingolf ""Valkyria Chronicles""","Activate
Banish this card: Draw a card.","""You can't just do what you want here. Get out, now.""","Vingolf ""Valkyria Chronicles""","200 / 200","http://d12h0em1d7ppg.cloudfront.net/docs/icons/blue.png"
"http://www.fowtcg.com/card/1138","Kreis Czherny","http://d12h0em1d7ppg.cloudfront.net/items/11/1138/image_en/1485240730.jpg","VIN002-038","Resonator","Military/Squad 7","SEGA","Vingolf ""Valkyria Chronicles""","Automatic
When this card enters your field ⇒ Draw a card.","""I hope to be an engineer like Isara some day.""","Vingolf ""Valkyria Chronicles""","300 / 300","http://d12h0em1d7ppg.cloudfront.net/docs/icons/blue.png"
"http://www.fowtcg.com/card/1138","Kreis Czherny","http://d12h0em1d7ppg.cloudfront.net/items/11/1138/image_en/1485240730.jpg","VIN002-038","Resonator","Military/Squad 7","SEGA","Vingolf ""Valkyria Chronicles""","Automatic
When this card enters your field ⇒ Draw a card.","""I hope to be an engineer like Isara some day.""","Vingolf ""Valkyria Chronicles""","300 / 300","http://d12h0em1d7ppg.cloudfront.net/docs/icons/cost/01.png"
"http://www.fowtcg.com/card/1139","Largo Potter","http://d12h0em1d7ppg.cloudfront.net/items/11/1139/image_en/1485240732.jpg","VIN002-039","Resonator","Military/Squad 7","SEGA","Vingolf ""Valkyria Chronicles""","Automatic
Whenever this card attacks ⇒ It gains [+100/+100] for each Squad 7 resonator you control until end of turn.","""There's nothing worth teaching you that won't learn better on the battlefield.""","Vingolf ""Valkyria Chronicles""","600 / 600","http://d12h0em1d7ppg.cloudfront.net/docs/icons/blue.png"
"http://www.fowtcg.com/card/1139","Largo Potter","http://d12h0em1d7ppg.cloudfront.net/items/11/1139/image_en/1485240732.jpg","VIN002-039","Resonator","Military/Squad 7","SEGA","Vingolf ""Valkyria Chronicles""","Automatic
Whenever this card attacks ⇒ It gains [+100/+100] for each Squad 7 resonator you control until end of turn.","""There's nothing worth teaching you that won't learn better on the battlefield.""","Vingolf ""Valkyria Chronicles""","600 / 600","http://d12h0em1d7ppg.cloudfront.net/docs/icons/blue.png"
"http://www.fowtcg.com/card/1139","Largo Potter","http://d12h0em1d7ppg.cloudfront.net/items/11/1139/image_en/1485240732.jpg","VIN002-039","Resonator","Military/Squad 7","SEGA","Vingolf ""Valkyria Chronicles""","Automatic
Whenever this card attacks ⇒ It gains [+100/+100] for each Squad 7 resonator you control until end of turn.","""There's nothing worth teaching you that won't learn better on the battlefield.""","Vingolf ""Valkyria Chronicles""","600 / 600","http://d12h0em1d7ppg.cloudfront.net/docs/icons/cost/02.png"
"http://www.fowtcg.com/card/1140","Maurits von Borg","http://d12h0em1d7ppg.cloudfront.net/items/11/1140/image_en/1485240735.jpg","VIN002-040","Resonator","Prime Minister","SEGA","Vingolf ""Valkyria Chronicles""","Continuous
If damage would be dealt to a ""Cordelia Gi Randgriz"" you control, it's dealt to this card instead.","""It'll be bad publicity if they find out what we're doing. Gallia will be born again as a new glorious nation in my image! Hahahaha!""","Vingolf ""Valkyria Chronicles""","200 / 1000","http://d12h0em1d7ppg.cloudfront.net/docs/icons/blue.png"
"http://www.fowtcg.com/card/1140","Maurits von Borg","http://d12h0em1d7ppg.cloudfront.net/items/11/1140/image_en/1485240735.jpg","VIN002-040","Resonator","Prime Minister","SEGA","Vingolf ""Valkyria Chronicles""","Continuous
If damage would be dealt to a ""Cordelia Gi Randgriz"" you control, it's dealt to this card instead.","""It'll be bad publicity if they find out what we're doing. Gallia will be born again as a new glorious nation in my image! Hahahaha!""","Vingolf ""Valkyria Chronicles""","200 / 1000","http://d12h0em1d7ppg.cloudfront.net/docs/icons/cost/01.png"
"http://www.fowtcg.com/card/1141","Momentary Respite","http://d12h0em1d7ppg.cloudfront.net/items/11/1141/image_en/1485240736.jpg","VIN002-041","Chant","","SEGA","Vingolf ""Valkyria Chronicles""","","","Vingolf ""Valkyria Chronicles""","","http://d12h0em1d7ppg.cloudfront.net/docs/icons/blue.png"
"http://www.fowtcg.com/card/1141","Momentary Respite","http://d12h0em1d7ppg.cloudfront.net/items/11/1141/image_en/1485240736.jpg","VIN002-041","Chant","","SEGA","Vingolf ""Valkyria Chronicles""","","","Vingolf ""Valkyria Chronicles""","","http://d12h0em1d7ppg.cloudfront.net/docs/icons/cost/02.png"
"http://www.fowtcg.com/card/1142","Sniping from the Blind Spot","http://d12h0em1d7ppg.cloudfront.net/items/11/1142/image_en/1485240738.jpg","VIN002-042","Chant","","SEGA","Vingolf ""Valkyria Chronicles""","","","Vingolf ""Valkyria Chronicles""","","http://d12h0em1d7ppg.cloudfront.net/docs/icons/blue.png"
"http://www.fowtcg.com/card/1143","The Carefree Three","http://d12h0em1d7ppg.cloudfront.net/items/11/1143/image_en/1485240739.jpg","VIN002-043","Chant","","SEGA","Vingolf ""Valkyria Chronicles""","","","Vingolf ""Valkyria Chronicles""","","http://d12h0em1d7ppg.cloudfront.net/docs/icons/blue.png"
"http://www.fowtcg.com/card/1143","The Carefree Three","http://d12h0em1d7ppg.cloudfront.net/items/11/1143/image_en/1485240739.jpg","VIN002-043","Chant","","SEGA","Vingolf ""Valkyria Chronicles""","","","Vingolf ""Valkyria Chronicles""","","http://d12h0em1d7ppg.cloudfront.net/docs/icons/blue.png"
"http://www.fowtcg.com/card/1143","The Carefree Three","http://d12h0em1d7ppg.cloudfront.net/items/11/1143/image_en/1485240739.jpg","VIN002-043","Chant","","SEGA","Vingolf ""Valkyria Chronicles""","","","Vingolf ""Valkyria Chronicles""","","http://d12h0em1d7ppg.cloudfront.net/docs/icons/cost/02.png"
"http://www.fowtcg.com/card/1144","Welkin Gunther","http://d12h0em1d7ppg.cloudfront.net/items/11/1144/image_en/1485240741.jpg","VIN002-044","Resonator","Military/Squad 7","SEGA","Vingolf ""Valkyria Chronicles""","Automatic
When this card enters your field ⇒ Return target resonator to its owner's hand if you control less resonators than your opponent.","""I'll protect you. You, who are more precious to me than anything.""","Vingolf ""Valkyria Chronicles""","700 / 700","http://d12h0em1d7ppg.cloudfront.net/docs/icons/blue.png"
"http://www.fowtcg.com/card/1144","Welkin Gunther","http://d12h0em1d7ppg.cloudfront.net/items/11/1144/image_en/1485240741.jpg","VIN002-044","Resonator","Military/Squad 7","SEGA","Vingolf ""Valkyria Chronicles""","Automatic
When this card enters your field ⇒ Return target resonator to its owner's hand if you control less resonators than your opponent.","""I'll protect you. You, who are more precious to me than anything.""","Vingolf ""Valkyria Chronicles""","700 / 700","http://d12h0em1d7ppg.cloudfront.net/docs/icons/blue.png"
"http://www.fowtcg.com/card/1144","Welkin Gunther","http://d12h0em1d7ppg.cloudfront.net/items/11/1144/image_en/1485240741.jpg","VIN002-044","Resonator","Military/Squad 7","SEGA","Vingolf ""Valkyria Chronicles""","Automatic
When this card enters your field ⇒ Return target resonator to its owner's hand if you control less resonators than your opponent.","""I'll protect you. You, who are more precious to me than anything.""","Vingolf ""Valkyria Chronicles""","700 / 700","http://d12h0em1d7ppg.cloudfront.net/docs/icons/cost/01.png"
"http://www.fowtcg.com/card/1145","Zaka","http://d12h0em1d7ppg.cloudfront.net/items/11/1145/image_en/1485240742.jpg","VIN002-045","Resonator","Military/Squad 7","SEGA","Vingolf ""Valkyria Chronicles""","Automatic
When this card enters your field ⇒ Search your main deck for a card named ""Edelweiss"", reveal it and put it into your hand. Then shuffle your main deck.","""Name's Zaka. Looks like we'll be working together.""","Vingolf ""Valkyria Chronicles""","600 / 600","http://d12h0em1d7ppg.cloudfront.net/docs/icons/blue.png"
"http://www.fowtcg.com/card/1145","Zaka","http://d12h0em1d7ppg.cloudfront.net/items/11/1145/image_en/1485240742.jpg","VIN002-045","Resonator","Military/Squad 7","SEGA","Vingolf ""Valkyria Chronicles""","Automatic
When this card enters your field ⇒ Search your main deck for a card named ""Edelweiss"", reveal it and put it into your hand. Then shuffle your main deck.","""Name's Zaka. Looks like we'll be working together.""","Vingolf ""Valkyria Chronicles""","600 / 600","http://d12h0em1d7ppg.cloudfront.net/docs/icons/cost/02.png"
"http://www.fowtcg.com/card/1146","Alexis Hilden","http://d12h0em1d7ppg.cloudfront.net/items/11/1146/image_en/1485240744.jpg","VIN002-046","Resonator","Student","SEGA","Vingolf ""Valkyria Chronicles""","","""I am me! Nothing else!""","Vingolf ""Valkyria Chronicles""","600 / 600","http://d12h0em1d7ppg.cloudfront.net/docs/icons/green.png"
"http://www.fowtcg.com/card/1146","Alexis Hilden","http://d12h0em1d7ppg.cloudfront.net/items/11/1146/image_en/1485240744.jpg","VIN002-046","Resonator","Student","SEGA","Vingolf ""Valkyria Chronicles""","","""I am me! Nothing else!""","Vingolf ""Valkyria Chronicles""","600 / 600","http://d12h0em1d7ppg.cloudfront.net/docs/icons/green.png"
"http://www.fowtcg.com/card/1147","Aliasse","http://d12h0em1d7ppg.cloudfront.net/items/11/1147/image_en/1485240746.jpg","VIN002-047","Ruler","Student/Class G","SEGA","Vingolf ""Valkyria Chronicles""","Judgement
[5]","""All right, guys! Here we gooo!""","Vingolf ""Valkyria Chronicles""","",""
"http://www.fowtcg.com/card/1148","Aliasse(J)","http://d12h0em1d7ppg.cloudfront.net/items/11/1148/image_en/1485240748.jpg","VIN002-047J","J-Ruler","Valkyrur","SEGA","Vingolf ""Valkyria Chronicles""","Automatic
Whenever this card attacks ⇒ Recover all magic stones you control.","""I want to protect everyone in Class G.""","Vingolf ""Valkyria Chronicles""","800 / 1000",""
"http://www.fowtcg.com/card/1149","Aliasse's Lance","http://d12h0em1d7ppg.cloudfront.net/items/11/1149/image_en/1485240750.jpg","VIN002-048","Addition：J/Resonator","","SEGA","Vingolf ""Valkyria Chronicles""","Continuous
Added J/resonator gains [+100/+100] for each recovered magic stone you control.","","Vingolf ""Valkyria Chronicles""","","http://d12h0em1d7ppg.cloudfront.net/docs/icons/green.png"
"http://www.fowtcg.com/card/1150","Anisette Nelson","http://d12h0em1d7ppg.cloudfront.net/items/11/1150/image_en/1485240753.jpg","VIN002-049","Resonator","Student","SEGA","Vingolf ""Valkyria Chronicles""","Automatic
When this card enters your field ⇒ Draw a card.","""Don't get close to my sister!""","Vingolf ""Valkyria Chronicles""","800 / 800","http://d12h0em1d7ppg.cloudfront.net/docs/icons/green.png"
"http://www.fowtcg.com/card/1150","Anisette Nelson","http://d12h0em1d7ppg.cloudfront.net/items/11/1150/image_en/1485240753.jpg","VIN002-049","Resonator","Student","SEGA","Vingolf ""Valkyria Chronicles""","Automatic
When this card enters your field ⇒ Draw a card.","""Don't get close to my sister!""","Vingolf ""Valkyria Chronicles""","800 / 800","http://d12h0em1d7ppg.cloudfront.net/docs/icons/green.png"
"http://www.fowtcg.com/card/1150","Anisette Nelson","http://d12h0em1d7ppg.cloudfront.net/items/11/1150/image_en/1485240753.jpg","VIN002-049","Resonator","Student","SEGA","Vingolf ""Valkyria Chronicles""","Automatic
When this card enters your field ⇒ Draw a card.","""Don't get close to my sister!""","Vingolf ""Valkyria Chronicles""","800 / 800","http://d12h0em1d7ppg.cloudfront.net/docs/icons/cost/02.png"
"http://www.fowtcg.com/card/1151","Avan Hardins","http://d12h0em1d7ppg.cloudfront.net/items/11/1151/image_en/1485240755.jpg","VIN002-050","Resonator","Student/Class G","SEGA","Vingolf ""Valkyria Chronicles""","Continuous
You may pay [1] less to play this card for each Student resonator you control.","""I'm the class rep! I'll handle it!""","Vingolf ""Valkyria Chronicles""","1500 / 1500","http://d12h0em1d7ppg.cloudfront.net/docs/icons/green.png"
"http://www.fowtcg.com/card/1151","Avan Hardins","http://d12h0em1d7ppg.cloudfront.net/items/11/1151/image_en/1485240755.jpg","VIN002-050","Resonator","Student/Class G","SEGA","Vingolf ""Valkyria Chronicles""","Continuous
You may pay [1] less to play this card for each Student resonator you control.","""I'm the class rep! I'll handle it!""","Vingolf ""Valkyria Chronicles""","1500 / 1500","http://d12h0em1d7ppg.cloudfront.net/docs/icons/green.png"
"http://www.fowtcg.com/card/1151","Avan Hardins","http://d12h0em1d7ppg.cloudfront.net/items/11/1151/image_en/1485240755.jpg","VIN002-050","Resonator","Student/Class G","SEGA","Vingolf ""Valkyria Chronicles""","Continuous
You may pay [1] less to play this card for each Student resonator you control.","""I'm the class rep! I'll handle it!""","Vingolf ""Valkyria Chronicles""","1500 / 1500","http://d12h0em1d7ppg.cloudfront.net/docs/icons/green.png"
"http://www.fowtcg.com/card/1151","Avan Hardins","http://d12h0em1d7ppg.cloudfront.net/items/11/1151/image_en/1485240755.jpg","VIN002-050","Resonator","Student/Class G","SEGA","Vingolf ""Valkyria Chronicles""","Continuous
You may pay [1] less to play this card for each Student resonator you control.","""I'm the class rep! I'll handle it!""","Vingolf ""Valkyria Chronicles""","1500 / 1500","http://d12h0em1d7ppg.cloudfront.net/docs/icons/cost/05.png"
"http://www.fowtcg.com/card/1152","Bulletproof Barrier","http://d12h0em1d7ppg.cloudfront.net/items/11/1152/image_en/1485240756.jpg","VIN002-051","Chant","","SEGA","Vingolf ""Valkyria Chronicles""","","","Vingolf ""Valkyria Chronicles""","","http://d12h0em1d7ppg.cloudfront.net/docs/icons/green.png"
"http://www.fowtcg.com/card/1153","Cosette Coalhearth","http://d12h0em1d7ppg.cloudfront.net/items/11/1153/image_en/1485240757.jpg","VIN002-052","Resonator","Student/Class G","SEGA","Vingolf ""Valkyria Chronicles""","Continuous
Other resonators you control gain [+400/+400].","""Eh? Huh? What am I doing?""","Vingolf ""Valkyria Chronicles""","800 / 800","http://d12h0em1d7ppg.cloudfront.net/docs/icons/green.png"
"http://www.fowtcg.com/card/1153","Cosette Coalhearth","http://d12h0em1d7ppg.cloudfront.net/items/11/1153/image_en/1485240757.jpg","VIN002-052","Resonator","Student/Class G","SEGA","Vingolf ""Valkyria Chronicles""","Continuous
Other resonators you control gain [+400/+400].","""Eh? Huh? What am I doing?""","Vingolf ""Valkyria Chronicles""","800 / 800","http://d12h0em1d7ppg.cloudfront.net/docs/icons/green.png"
"http://www.fowtcg.com/card/1153","Cosette Coalhearth","http://d12h0em1d7ppg.cloudfront.net/items/11/1153/image_en/1485240757.jpg","VIN002-052","Resonator","Student/Class G","SEGA","Vingolf ""Valkyria Chronicles""","Continuous
Other resonators you control gain [+400/+400].","""Eh? Huh? What am I doing?""","Vingolf ""Valkyria Chronicles""","800 / 800","http://d12h0em1d7ppg.cloudfront.net/docs/icons/cost/03.png"
"http://www.fowtcg.com/card/1154","Destructive Assault","http://d12h0em1d7ppg.cloudfront.net/items/11/1154/image_en/1485240759.jpg","VIN002-053","Chant","","SEGA","Vingolf ""Valkyria Chronicles""","","","Vingolf ""Valkyria Chronicles""","","http://d12h0em1d7ppg.cloudfront.net/docs/icons/green.png"
"http://www.fowtcg.com/card/1155","Juliana Everhart","http://d12h0em1d7ppg.cloudfront.net/items/11/1155/image_en/1485240760.jpg","VIN002-054","Resonator","Student/Class Rep","SEGA","Vingolf ""Valkyria Chronicles""","Activate
[G]: This card gains [+200/+200] until end of turn.","""The fact I attend the same school as you humiliates me.""","Vingolf ""Valkyria Chronicles""","1000 / 1000","http://d12h0em1d7ppg.cloudfront.net/docs/icons/green.png"
"http://www.fowtcg.com/card/1155","Juliana Everhart","http://d12h0em1d7ppg.cloudfront.net/items/11/1155/image_en/1485240760.jpg","VIN002-054","Resonator","Student/Class Rep","SEGA","Vingolf ""Valkyria Chronicles""","Activate
[G]: This card gains [+200/+200] until end of turn.","""The fact I attend the same school as you humiliates me.""","Vingolf ""Valkyria Chronicles""","1000 / 1000","http://d12h0em1d7ppg.cloudfront.net/docs/icons/green.png"
"http://www.fowtcg.com/card/1155","Juliana Everhart","http://d12h0em1d7ppg.cloudfront.net/items/11/1155/image_en/1485240760.jpg","VIN002-054","Resonator","Student/Class Rep","SEGA","Vingolf ""Valkyria Chronicles""","Activate
[G]: This card gains [+200/+200] until end of turn.","""The fact I attend the same school as you humiliates me.""","Vingolf ""Valkyria Chronicles""","1000 / 1000","http://d12h0em1d7ppg.cloudfront.net/docs/icons/cost/03.png"
"http://www.fowtcg.com/card/1156","Lavinia Lane","http://d12h0em1d7ppg.cloudfront.net/items/11/1156/image_en/1485240763.jpg","VIN002-055","Resonator","Student/Class G","SEGA","Vingolf ""Valkyria Chronicles""","Activate
[rest]: Recover target regalia.","""You have to treat tanks with proper care. Remember it!""","Vingolf ""Valkyria Chronicles""","300 / 300","http://d12h0em1d7ppg.cloudfront.net/docs/icons/green.png"
"http://www.fowtcg.com/card/1157","Magari","http://d12h0em1d7ppg.cloudfront.net/items/11/1157/image_en/1485240764.jpg","VIN002-056","Resonator","Student","SEGA","Vingolf ""Valkyria Chronicles""","Activate
[rest]: Produce [G][G].","""...I didn't say anything...sorry...""","Vingolf ""Valkyria Chronicles""","200 / 400","http://d12h0em1d7ppg.cloudfront.net/docs/icons/green.png"
"http://www.fowtcg.com/card/1157","Magari","http://d12h0em1d7ppg.cloudfront.net/items/11/1157/image_en/1485240764.jpg","VIN002-056","Resonator","Student","SEGA","Vingolf ""Valkyria Chronicles""","Activate
[rest]: Produce [G][G].","""...I didn't say anything...sorry...""","Vingolf ""Valkyria Chronicles""","200 / 400","http://d12h0em1d7ppg.cloudfront.net/docs/icons/green.png"
"http://www.fowtcg.com/card/1157","Magari","http://d12h0em1d7ppg.cloudfront.net/items/11/1157/image_en/1485240764.jpg","VIN002-056","Resonator","Student","SEGA","Vingolf ""Valkyria Chronicles""","Activate
[rest]: Produce [G][G].","""...I didn't say anything...sorry...""","Vingolf ""Valkyria Chronicles""","200 / 400","http://d12h0em1d7ppg.cloudfront.net/docs/icons/cost/01.png"
"http://www.fowtcg.com/card/1158","Marion Siegbahn","http://d12h0em1d7ppg.cloudfront.net/items/11/1158/image_en/1485240767.jpg","VIN002-057","Resonator","Student","SEGA","Vingolf ""Valkyria Chronicles""","Automatic
When you play an addition ⇒ Draw a card.","""Good day to you, Avan.""","Vingolf ""Valkyria Chronicles""","200 / 400","http://d12h0em1d7ppg.cloudfront.net/docs/icons/green.png"
"http://www.fowtcg.com/card/1158","Marion Siegbahn","http://d12h0em1d7ppg.cloudfront.net/items/11/1158/image_en/1485240767.jpg","VIN002-057","Resonator","Student","SEGA","Vingolf ""Valkyria Chronicles""","Automatic
When you play an addition ⇒ Draw a card.","""Good day to you, Avan.""","Vingolf ""Valkyria Chronicles""","200 / 400","http://d12h0em1d7ppg.cloudfront.net/docs/icons/cost/01.png"
"http://www.fowtcg.com/card/1159","Power of Unity","http://d12h0em1d7ppg.cloudfront.net/items/11/1159/image_en/1485240768.jpg","VIN002-058","Chant","","SEGA","Vingolf ""Valkyria Chronicles""","","","Vingolf ""Valkyria Chronicles""","","http://d12h0em1d7ppg.cloudfront.net/docs/icons/green.png"
"http://www.fowtcg.com/card/1159","Power of Unity","http://d12h0em1d7ppg.cloudfront.net/items/11/1159/image_en/1485240768.jpg","VIN002-058","Chant","","SEGA","Vingolf ""Valkyria Chronicles""","","","Vingolf ""Valkyria Chronicles""","","http://d12h0em1d7ppg.cloudfront.net/docs/icons/cost/01.png"
"http://www.fowtcg.com/card/1160","Rene Randall","http://d12h0em1d7ppg.cloudfront.net/items/11/1160/image_en/1485240769.jpg","VIN002-059","Resonator","Student","SEGA","Vingolf ""Valkyria Chronicles""","Continuous
Cards named ""Magari"" you control cannot be targeted by spells or abilities your opponent controls.","""I won't forgive anyone who hurts Magari!""","Vingolf ""Valkyria Chronicles""","400 / 600","http://d12h0em1d7ppg.cloudfront.net/docs/icons/green.png"
"http://www.fowtcg.com/card/1160","Rene Randall","http://d12h0em1d7ppg.cloudfront.net/items/11/1160/image_en/1485240769.jpg","VIN002-059","Resonator","Student","SEGA","Vingolf ""Valkyria Chronicles""","Continuous
Cards named ""Magari"" you control cannot be targeted by spells or abilities your opponent controls.","""I won't forgive anyone who hurts Magari!""","Vingolf ""Valkyria Chronicles""","400 / 600","http://d12h0em1d7ppg.cloudfront.net/docs/icons/cost/01.png"
"http://www.fowtcg.com/card/1161","Zeri","http://d12h0em1d7ppg.cloudfront.net/items/11/1161/image_en/1485240770.jpg","VIN002-060","Resonator","Student/Class G","SEGA","Vingolf ""Valkyria Chronicles""","Automatic
When this card enters your field ⇒ Put the top card of your magic stone deck into your magic stone area if you control less magic stones than your opponent.","""I'm not praising you, I'm informing you of your inefficacy as a leader.""","Vingolf ""Valkyria Chronicles""","500 / 500","http://d12h0em1d7ppg.cloudfront.net/docs/icons/green.png"
"http://www.fowtcg.com/card/1161","Zeri","http://d12h0em1d7ppg.cloudfront.net/items/11/1161/image_en/1485240770.jpg","VIN002-060","Resonator","Student/Class G","SEGA","Vingolf ""Valkyria Chronicles""","Automatic
When this card enters your field ⇒ Put the top card of your magic stone deck into your magic stone area if you control less magic stones than your opponent.","""I'm not praising you, I'm informing you of your inefficacy as a leader.""","Vingolf ""Valkyria Chronicles""","500 / 500","http://d12h0em1d7ppg.cloudfront.net/docs/icons/green.png"
"http://www.fowtcg.com/card/1162","Audrey Gassenarl","http://d12h0em1d7ppg.cloudfront.net/items/11/1162/image_en/1485240772.jpg","VIN002-061","Resonator","Military/Gallian Army","SEGA","Vingolf ""Valkyria Chronicles""","Continuous
This card gains [+200/+200] as long as you control another Gallian Army.","""The impure of Gallia shall be purged...Fire!""","Vingolf ""Valkyria Chronicles""","400 / 400","http://d12h0em1d7ppg.cloudfront.net/docs/icons/dark.png"
"http://www.fowtcg.com/card/1162","Audrey Gassenarl","http://d12h0em1d7ppg.cloudfront.net/items/11/1162/image_en/1485240772.jpg","VIN002-061","Resonator","Military/Gallian Army","SEGA","Vingolf ""Valkyria Chronicles""","Continuous
This card gains [+200/+200] as long as you control another Gallian Army.","""The impure of Gallia shall be purged...Fire!""","Vingolf ""Valkyria Chronicles""","400 / 400","http://d12h0em1d7ppg.cloudfront.net/docs/icons/cost/01.png"
"http://www.fowtcg.com/card/1163","Baldren Gassenarl","http://d12h0em1d7ppg.cloudfront.net/items/11/1163/image_en/1485240773.jpg","VIN002-062","Resonator","Military/Gallian Army","SEGA","Vingolf ""Valkyria Chronicles""","Automatic
When this card is put into a graveyard from your field ⇒ Your opponent loses 400 life.","""We shall craft a pure and strong people!""","Vingolf ""Valkyria Chronicles""","700 / 700","http://d12h0em1d7ppg.cloudfront.net/docs/icons/dark.png"
"http://www.fowtcg.com/card/1163","Baldren Gassenarl","http://d12h0em1d7ppg.cloudfront.net/items/11/1163/image_en/1485240773.jpg","VIN002-062","Resonator","Military/Gallian Army","SEGA","Vingolf ""Valkyria Chronicles""","Automatic
When this card is put into a graveyard from your field ⇒ Your opponent loses 400 life.","""We shall craft a pure and strong people!""","Vingolf ""Valkyria Chronicles""","700 / 700","http://d12h0em1d7ppg.cloudfront.net/docs/icons/cost/02.png"
"http://www.fowtcg.com/card/1164","Berthold Gregor","http://d12h0em1d7ppg.cloudfront.net/items/11/1164/image_en/1485240776.jpg","VIN002-063","Resonator","Military/Drei Stern","SEGA","Vingolf ""Valkyria Chronicles""","Automatic
Whenever this card attacks ⇒ Target resonator gains [-400/-400] until end of turn.","""Our forces are comprised of fools. It's a disgrace to the Emperor.""","Vingolf ""Valkyria Chronicles""","300 / 500","http://d12h0em1d7ppg.cloudfront.net/docs/icons/dark.png"
"http://www.fowtcg.com/card/1164","Berthold Gregor","http://d12h0em1d7ppg.cloudfront.net/items/11/1164/image_en/1485240776.jpg","VIN002-063","Resonator","Military/Drei Stern","SEGA","Vingolf ""Valkyria Chronicles""","Automatic
Whenever this card attacks ⇒ Target resonator gains [-400/-400] until end of turn.","""Our forces are comprised of fools. It's a disgrace to the Emperor.""","Vingolf ""Valkyria Chronicles""","300 / 500","http://d12h0em1d7ppg.cloudfront.net/docs/icons/dark.png"
"http://www.fowtcg.com/card/1164","Berthold Gregor","http://d12h0em1d7ppg.cloudfront.net/items/11/1164/image_en/1485240776.jpg","VIN002-063","Resonator","Military/Drei Stern","SEGA","Vingolf ""Valkyria Chronicles""","Automatic
Whenever this card attacks ⇒ Target resonator gains [-400/-400] until end of turn.","""Our forces are comprised of fools. It's a disgrace to the Emperor.""","Vingolf ""Valkyria Chronicles""","300 / 500","http://d12h0em1d7ppg.cloudfront.net/docs/icons/cost/01.png"
"http://www.fowtcg.com/card/1165","Dahau","http://d12h0em1d7ppg.cloudfront.net/items/11/1165/image_en/1485240777.jpg","VIN002-064","Resonator","Military/Calamity Raven","SEGA","Vingolf ""Valkyria Chronicles""","Automatic
When this card enters your field ⇒ Put target resonator from your graveyard into your hand.","""If it helps to build a Darcsen nation that will last a thousand years, I will be satisfied!""","Vingolf ""Valkyria Chronicles""","1000 / 1000","http://d12h0em1d7ppg.cloudfront.net/docs/icons/dark.png"
"http://www.fowtcg.com/card/1165","Dahau","http://d12h0em1d7ppg.cloudfront.net/items/11/1165/image_en/1485240777.jpg","VIN002-064","Resonator","Military/Calamity Raven","SEGA","Vingolf ""Valkyria Chronicles""","Automatic
When this card enters your field ⇒ Put target resonator from your graveyard into your hand.","""If it helps to build a Darcsen nation that will last a thousand years, I will be satisfied!""","Vingolf ""Valkyria Chronicles""","1000 / 1000","http://d12h0em1d7ppg.cloudfront.net/docs/icons/dark.png"
"http://www.fowtcg.com/card/1165","Dahau","http://d12h0em1d7ppg.cloudfront.net/items/11/1165/image_en/1485240777.jpg","VIN002-064","Resonator","Military/Calamity Raven","SEGA","Vingolf ""Valkyria Chronicles""","Automatic
When this card enters your field ⇒ Put target resonator from your graveyard into your hand.","""If it helps to build a Darcsen nation that will last a thousand years, I will be satisfied!""","Vingolf ""Valkyria Chronicles""","1000 / 1000","http://d12h0em1d7ppg.cloudfront.net/docs/icons/cost/03.png"
"http://www.fowtcg.com/card/1166","Dirk Gassenarl","http://d12h0em1d7ppg.cloudfront.net/items/11/1166/image_en/1485240778.jpg","VIN002-065","Resonator","Military/Gallian Army","SEGA","Vingolf ""Valkyria Chronicles""","","""...Understood.""","Vingolf ""Valkyria Chronicles""","300 / 300","http://d12h0em1d7ppg.cloudfront.net/docs/icons/dark.png"
"http://www.fowtcg.com/card/1167","Gilbert Gassenarl","http://d12h0em1d7ppg.cloudfront.net/items/11/1167/image_en/1485240779.jpg","VIN002-066","Resonator","Military/Gallian Army","SEGA","Vingolf ""Valkyria Chronicles""","Continuous
Other Gallian Armies you control gain [+200/+200].","""I hold the power of Gallia in the palm of my hand!""","Vingolf ""Valkyria Chronicles""","800 / 800","http://d12h0em1d7ppg.cloudfront.net/docs/icons/dark.png"
"http://www.fowtcg.com/card/1167","Gilbert Gassenarl","http://d12h0em1d7ppg.cloudfront.net/items/11/1167/image_en/1485240779.jpg","VIN002-066","Resonator","Military/Gallian Army","SEGA","Vingolf ""Valkyria Chronicles""","Continuous
Other Gallian Armies you control gain [+200/+200].","""I hold the power of Gallia in the palm of my hand!""","Vingolf ""Valkyria Chronicles""","800 / 800","http://d12h0em1d7ppg.cloudfront.net/docs/icons/dark.png"
"http://www.fowtcg.com/card/1167","Gilbert Gassenarl","http://d12h0em1d7ppg.cloudfront.net/items/11/1167/image_en/1485240779.jpg","VIN002-066","Resonator","Military/Gallian Army","SEGA","Vingolf ""Valkyria Chronicles""","Continuous
Other Gallian Armies you control gain [+200/+200].","""I hold the power of Gallia in the palm of my hand!""","Vingolf ""Valkyria Chronicles""","800 / 800","http://d12h0em1d7ppg.cloudfront.net/docs/icons/cost/02.png"
"http://www.fowtcg.com/card/1168","Hammer of the Valkyrur","http://d12h0em1d7ppg.cloudfront.net/items/11/1168/image_en/1485240781.jpg","VIN002-067","Chant","","SEGA","Vingolf ""Valkyria Chronicles""","","","Vingolf ""Valkyria Chronicles""","","http://d12h0em1d7ppg.cloudfront.net/docs/icons/dark.png"
"http://www.fowtcg.com/card/1168","Hammer of the Valkyrur","http://d12h0em1d7ppg.cloudfront.net/items/11/1168/image_en/1485240781.jpg","VIN002-067","Chant","","SEGA","Vingolf ""Valkyria Chronicles""","","","Vingolf ""Valkyria Chronicles""","","http://d12h0em1d7ppg.cloudfront.net/docs/icons/dark.png"
"http://www.fowtcg.com/card/1168","Hammer of the Valkyrur","http://d12h0em1d7ppg.cloudfront.net/items/11/1168/image_en/1485240781.jpg","VIN002-067","Chant","","SEGA","Vingolf ""Valkyria Chronicles""","","","Vingolf ""Valkyria Chronicles""","","http://d12h0em1d7ppg.cloudfront.net/docs/icons/cost/02.png"
"http://www.fowtcg.com/card/1169","Lydia Agthe","http://d12h0em1d7ppg.cloudfront.net/items/11/1169/image_en/1485240783.jpg","VIN002-068","Resonator","Military/Calamity Raven","SEGA","Vingolf ""Valkyria Chronicles""","Automatic
When this card enters your field ⇒ Rest it if you don't control another Calamity Raven.","""I like you more now than I did before the gun showed up. You're still a lowlife, though.""","Vingolf ""Valkyria Chronicles""","400 / 400","http://d12h0em1d7ppg.cloudfront.net/docs/icons/dark.png"
"http://www.fowtcg.com/card/1170","Maximilian","http://d12h0em1d7ppg.cloudfront.net/items/11/1170/image_en/1485240787.jpg","VIN002-069","Resonator","Military/Imperial General","SEGA","Vingolf ""Valkyria Chronicles""","Automatic
Whenever a resonator is put into a graveyard from your opponent's field ⇒ You gain 400 life.","""Looks like we'll need a controlled purification of the area.""","Vingolf ""Valkyria Chronicles""","1000 / 1200","http://d12h0em1d7ppg.cloudfront.net/docs/icons/dark.png"
"http://www.fowtcg.com/card/1170","Maximilian","http://d12h0em1d7ppg.cloudfront.net/items/11/1170/image_en/1485240787.jpg","VIN002-069","Resonator","Military/Imperial General","SEGA","Vingolf ""Valkyria Chronicles""","Automatic
Whenever a resonator is put into a graveyard from your opponent's field ⇒ You gain 400 life.","""Looks like we'll need a controlled purification of the area.""","Vingolf ""Valkyria Chronicles""","1000 / 1200","http://d12h0em1d7ppg.cloudfront.net/docs/icons/dark.png"
"http://www.fowtcg.com/card/1170","Maximilian","http://d12h0em1d7ppg.cloudfront.net/items/11/1170/image_en/1485240787.jpg","VIN002-069","Resonator","Military/Imperial General","SEGA","Vingolf ""Valkyria Chronicles""","Automatic
Whenever a resonator is put into a graveyard from your opponent's field ⇒ You gain 400 life.","""Looks like we'll need a controlled purification of the area.""","Vingolf ""Valkyria Chronicles""","1000 / 1200","http://d12h0em1d7ppg.cloudfront.net/docs/icons/cost/04.png"
"http://www.fowtcg.com/card/1171","Radi Jaeger","http://d12h0em1d7ppg.cloudfront.net/items/11/1171/image_en/1485240788.jpg","VIN002-070","Resonator","Military/Drei Stern","SEGA","Vingolf ""Valkyria Chronicles""","Automatic
When this card enters your field ⇒ Target resonator your opponent controls gains [-200/-200] until end of turn.","""If it's for the sake of my country, I don't mind being a dog of Maximilian.""","Vingolf ""Valkyria Chronicles""","500 / 500","http://d12h0em1d7ppg.cloudfront.net/docs/icons/dark.png"
"http://www.fowtcg.com/card/1171","Radi Jaeger","http://d12h0em1d7ppg.cloudfront.net/items/11/1171/image_en/1485240788.jpg","VIN002-070","Resonator","Military/Drei Stern","SEGA","Vingolf ""Valkyria Chronicles""","Automatic
When this card enters your field ⇒ Target resonator your opponent controls gains [-200/-200] until end of turn.","""If it's for the sake of my country, I don't mind being a dog of Maximilian.""","Vingolf ""Valkyria Chronicles""","500 / 500","http://d12h0em1d7ppg.cloudfront.net/docs/icons/dark.png"
"http://www.fowtcg.com/card/1172","Ragnide Gas","http://d12h0em1d7ppg.cloudfront.net/items/11/1172/image_en/1485240789.jpg","VIN002-071","Chant","","SEGA","Vingolf ""Valkyria Chronicles""","","","Vingolf ""Valkyria Chronicles""","","http://d12h0em1d7ppg.cloudfront.net/docs/icons/dark.png"
"http://www.fowtcg.com/card/1172","Ragnide Gas","http://d12h0em1d7ppg.cloudfront.net/items/11/1172/image_en/1485240789.jpg","VIN002-071","Chant","","SEGA","Vingolf ""Valkyria Chronicles""","","","Vingolf ""Valkyria Chronicles""","","http://d12h0em1d7ppg.cloudfront.net/docs/icons/cost/01.png"
"http://www.fowtcg.com/card/1173","Schemes of the Empire","http://d12h0em1d7ppg.cloudfront.net/items/11/1173/image_en/1485240791.jpg","VIN002-072","Chant","","SEGA","Vingolf ""Valkyria Chronicles""","","","Vingolf ""Valkyria Chronicles""","","http://d12h0em1d7ppg.cloudfront.net/docs/icons/dark.png"
"http://www.fowtcg.com/card/1173","Schemes of the Empire","http://d12h0em1d7ppg.cloudfront.net/items/11/1173/image_en/1485240791.jpg","VIN002-072","Chant","","SEGA","Vingolf ""Valkyria Chronicles""","","","Vingolf ""Valkyria Chronicles""","","http://d12h0em1d7ppg.cloudfront.net/docs/icons/cost/01.png"
"http://www.fowtcg.com/card/1174","Selvaria Bles","http://d12h0em1d7ppg.cloudfront.net/items/11/1174/image_en/1485240792.jpg","VIN002-073","Ruler","Military/Drei Stern","SEGA","Vingolf ""Valkyria Chronicles""","Judgement
[Judgment][6]. You may pay [3] less to play this ability if you control ""Maximilian"".","""I will use my powers for the purposes of my lord!""","Vingolf ""Valkyria Chronicles""","",""
"http://www.fowtcg.com/card/1175","Selvaria Bles(J)","http://d12h0em1d7ppg.cloudfront.net/items/11/1175/image_en/1485240795.jpg","VIN002-073J","J-Ruler","Valkyrur/Drei Stern","SEGA","Vingolf ""Valkyria Chronicles""","Automatic
When this card enters your field ⇒ Up to two target resonators gain [-300/-300] for each Drei Stern you control.","""The power of the Valkyrur is within me too!""","Vingolf ""Valkyria Chronicles""","900 / 700",""
"http://www.fowtcg.com/card/1176","Selvaria's Lance","http://d12h0em1d7ppg.cloudfront.net/items/11/1176/image_en/1485240801.jpg","VIN002-074","Addition：J/Resonator","","SEGA","Vingolf ""Valkyria Chronicles""","Automatic
Added J/resonator gains [+400/+400] and ""Whenever this card deals damage ⇒ You gain that much life."".","","Vingolf ""Valkyria Chronicles""","","http://d12h0em1d7ppg.cloudfront.net/docs/icons/dark.png"
"http://www.fowtcg.com/card/1176","Selvaria's Lance","http://d12h0em1d7ppg.cloudfront.net/items/11/1176/image_en/1485240801.jpg","VIN002-074","Addition：J/Resonator","","SEGA","Vingolf ""Valkyria Chronicles""","Automatic
Added J/resonator gains [+400/+400] and ""Whenever this card deals damage ⇒ You gain that much life."".","","Vingolf ""Valkyria Chronicles""","","http://d12h0em1d7ppg.cloudfront.net/docs/icons/dark.png"
"http://www.fowtcg.com/card/1176","Selvaria's Lance","http://d12h0em1d7ppg.cloudfront.net/items/11/1176/image_en/1485240801.jpg","VIN002-074","Addition：J/Resonator","","SEGA","Vingolf ""Valkyria Chronicles""","Automatic
Added J/resonator gains [+400/+400] and ""Whenever this card deals damage ⇒ You gain that much life."".","","Vingolf ""Valkyria Chronicles""","","http://d12h0em1d7ppg.cloudfront.net/docs/icons/cost/02.png"
"http://www.fowtcg.com/card/1177","Zig","http://d12h0em1d7ppg.cloudfront.net/items/11/1177/image_en/1485240804.jpg","VIN002-075","Resonator","Military/Calamity Raven","SEGA","Vingolf ""Valkyria Chronicles""","Continuous
As long as you control ""Dahau"", this card gains [+400/0].","""I have a dream! I have an ideal that must be made reality: independence!""","Vingolf ""Valkyria Chronicles""","300 / 700","http://d12h0em1d7ppg.cloudfront.net/docs/icons/dark.png"
"http://www.fowtcg.com/card/1177","Zig","http://d12h0em1d7ppg.cloudfront.net/items/11/1177/image_en/1485240804.jpg","VIN002-075","Resonator","Military/Calamity Raven","SEGA","Vingolf ""Valkyria Chronicles""","Continuous
As long as you control ""Dahau"", this card gains [+400/0].","""I have a dream! I have an ideal that must be made reality: independence!""","Vingolf ""Valkyria Chronicles""","300 / 700","http://d12h0em1d7ppg.cloudfront.net/docs/icons/cost/01.png"
"http://www.fowtcg.com/card/1178","Class G's Tank","http://d12h0em1d7ppg.cloudfront.net/items/11/1178/image_en/1485240805.jpg","VIN002-076","Regalia","Tank","SEGA","Vingolf ""Valkyria Chronicles""","Activate
[4],[rest]: Rest target J/resonator.","","Vingolf ""Valkyria Chronicles""","","http://d12h0em1d7ppg.cloudfront.net/docs/icons/cost/02.png"
"http://www.fowtcg.com/card/1179","Edelweiss","http://d12h0em1d7ppg.cloudfront.net/items/11/1179/image_en/1485240806.jpg","VIN002-077","Regalia","Tank","SEGA","Vingolf ""Valkyria Chronicles""","Activate
Banish this card: Squad 7 you control gain [+400/+400] until end of turn. Play this ability only if you control a J-ruler.","","Vingolf ""Valkyria Chronicles""","","http://d12h0em1d7ppg.cloudfront.net/docs/icons/cost/03.png"
"http://www.fowtcg.com/card/1180","Imperial Tank","http://d12h0em1d7ppg.cloudfront.net/items/11/1180/image_en/1485240808.jpg","VIN002-078","Regalia","Tank","SEGA","Vingolf ""Valkyria Chronicles""","Activate
[rest], banish a resonator: Your J-ruler gains [+500/+500] until end of turn.","","Vingolf ""Valkyria Chronicles""","","http://d12h0em1d7ppg.cloudfront.net/docs/icons/cost/02.png"
"http://www.fowtcg.com/card/1181","Nameless Tank","http://d12h0em1d7ppg.cloudfront.net/items/11/1181/image_en/1485240809.jpg","VIN002-079","Regalia","Tank","SEGA","Vingolf ""Valkyria Chronicles""","Activate
[rest]: If your J-ruler would deal damage this turn, it deals that much +200 instead.","","Vingolf ""Valkyria Chronicles""","","http://d12h0em1d7ppg.cloudfront.net/docs/icons/cost/03.png"
"http://www.fowtcg.com/card/1182","Ragnite","http://d12h0em1d7ppg.cloudfront.net/items/11/1182/image_en/1485240812.jpg","VIN002-080","Regalia","","SEGA","Vingolf ""Valkyria Chronicles""","Activate
[W][W],[rest], banish this card: Recover your J-ruler.","Refined ragnite was found to contain powerful healing properties. It is distributed as medical gear called ragnaid.","Vingolf ""Valkyria Chronicles""","","http://d12h0em1d7ppg.cloudfront.net/docs/icons/cost/03.png"
"http://www.fowtcg.com/card/1183","Magic Stone of Black Silence","http://d12h0em1d7ppg.cloudfront.net/items/11/1183/image_en/1485240813.jpg","VIN002-081","Special Magic Stone","","影山キナ","Vingolf ""Valkyria Chronicles""","Activate
[rest]: Produce [G] or [B].","A darkness cast from the absence of light; A tranquility devoid of all sound.","Vingolf ""Valkyria Chronicles""","",""
"http://www.fowtcg.com/card/1184","Magic Stone of Blasting Waves","http://d12h0em1d7ppg.cloudfront.net/items/11/1184/image_en/1485240814.jpg","VIN002-082","Special Magic Stone","","サウマロ","Vingolf ""Valkyria Chronicles""","Activate
[rest]: Produce [G] or [R].","A wind that can blow through everything; A fire that can burn through all.","Vingolf ""Valkyria Chronicles""","",""
"http://www.fowtcg.com/card/1185","Magic Stone of Dark Depth","http://d12h0em1d7ppg.cloudfront.net/items/11/1185/image_en/1485240816.jpg","VIN002-083","Special Magic Stone","","夕子","Vingolf ""Valkyria Chronicles""","Activate
[rest]: Produce [B] or [U].","Movements within the dark and murky depths.","Vingolf ""Valkyria Chronicles""","",""
"http://www.fowtcg.com/card/1186","Magic Stone of Deep Wood","http://d12h0em1d7ppg.cloudfront.net/items/11/1186/image_en/1485240820.jpg","VIN002-084","Special Magic Stone","","影山キナ","Vingolf ""Valkyria Chronicles""","Activate
[rest]: Produce [G] or [U].","A divine blessing for nature's growth; An oasis to quench all thirsts.","Vingolf ""Valkyria Chronicles""","",""
"http://www.fowtcg.com/card/1187","Magic Stone of Gusting Skies","http://d12h0em1d7ppg.cloudfront.net/items/11/1187/image_en/1485240822.jpg","VIN002-085","Special Magic Stone","","アサヒナ","Vingolf ""Valkyria Chronicles""","Activate
[rest]: Produce [W] or [G].","A momentary shine that reflects in the sky.","Vingolf ""Valkyria Chronicles""","",""
"http://www.fowtcg.com/card/1188","Magic Stone of Hearth's Core","http://d12h0em1d7ppg.cloudfront.net/items/11/1188/image_en/1485240840.jpg","VIN002-086","Special Magic Stone","","影山キナ","Vingolf ""Valkyria Chronicles""","Activate
[rest]: Produce [R] or [U].","A passion like burning flames; A presence as cold as ice.","Vingolf ""Valkyria Chronicles""","",""
"http://www.fowtcg.com/card/1189","Magic Stone of Heat Ray","http://d12h0em1d7ppg.cloudfront.net/items/11/1189/image_en/1485240842.jpg","VIN002-087","Special Magic Stone","","影山キナ","Vingolf ""Valkyria Chronicles""","Activate
[rest]: Produce [W] or [R].","A piercing gleam of blinding light; An incandescent glow that cannot be touched.","Vingolf ""Valkyria Chronicles""","",""
"http://www.fowtcg.com/card/1190","Magic Stone of Heaven's Rift","http://d12h0em1d7ppg.cloudfront.net/items/11/1190/image_en/1485240843.jpg","VIN002-088","Special Magic Stone","","影山キナ","Vingolf ""Valkyria Chronicles""","Activate
[rest]: Produce [W] or [B].","A cursed darkness that covers all; A holy light that radiates freely.","Vingolf ""Valkyria Chronicles""","",""
"http://www.fowtcg.com/card/1191","Magic Stone of Light Vapors","http://d12h0em1d7ppg.cloudfront.net/items/11/1191/image_en/1485240844.jpg","VIN002-089","Special Magic Stone","","河北亜希","Vingolf ""Valkyria Chronicles""","Activate
[rest]: Produce [W] or [U].","The shining paths that branch from the crossroad.","Vingolf ""Valkyria Chronicles""","",""
"http://www.fowtcg.com/card/1192","Magic Stone of Scorched Bales","http://d12h0em1d7ppg.cloudfront.net/items/11/1192/image_en/1485240845.jpg","VIN002-090","Special Magic Stone","","tokiwa","Vingolf ""Valkyria Chronicles""","Activate
[rest]: Produce [B] or [R].","Hidden within the night, the burning spiral of seeds.","Vingolf ""Valkyria Chronicles""","",""
"http://www.fowtcg.com/card/1193","Darkness Magic Stone","http://d12h0em1d7ppg.cloudfront.net/items/11/1193/image_en/1485240847.jpg","VIN002-091","Basic Magic Stone","","FLEN","Vingolf ""Valkyria Chronicles""","Activate
[rest]: Produce [B].","","Vingolf ""Valkyria Chronicles""","",""
"http://www.fowtcg.com/card/1194","Fire Magic Stone","http://d12h0em1d7ppg.cloudfront.net/items/11/1194/image_en/1485240850.jpg","VIN002-092","Basic Magic Stone","","FLEN","Vingolf ""Valkyria Chronicles""","Activate
[rest]: Produce [R].","","Vingolf ""Valkyria Chronicles""","",""
"http://www.fowtcg.com/card/1195","Light Magic Stone","http://d12h0em1d7ppg.cloudfront.net/items/11/1195/image_en/1485240851.jpg","VIN002-093","Basic Magic Stone","","FLEN","Vingolf ""Valkyria Chronicles""","Activate
[rest]: Produce [W].","","Vingolf ""Valkyria Chronicles""","",""
"http://www.fowtcg.com/card/1196","Water Magic Stone","http://d12h0em1d7ppg.cloudfront.net/items/11/1196/image_en/1485240853.jpg","VIN002-094","Basic Magic Stone","","FLEN","Vingolf ""Valkyria Chronicles""","Activate
[rest]: Produce [U].","","Vingolf ""Valkyria Chronicles""","",""
"http://www.fowtcg.com/card/1197","Wind Magic Stone","http://d12h0em1d7ppg.cloudfront.net/items/11/1197/image_en/1485240854.jpg","VIN002-095","Basic Magic Stone","","FLEN","Vingolf ""Valkyria Chronicles""","Activate
[rest]: Produce [G].","","Vingolf ""Valkyria Chronicles""","",""