"card_url","card_name","card_image","card_number","card_rarity","card_cost_attribute","card_att_def","card_type","card_race","card_artist","card_expansion","card_text","card_flavor_text","card_all_sets"
"http://www.fowtcg.com/card/1421","""I"", the Pilot","http://d12h0em1d7ppg.cloudfront.net/items/14/1421/image_en/1485245108.jpg","MPR-001","R","http://d12h0em1d7ppg.cloudfront.net/docs/icons/white.png","800 / 800","Resonator","Fairy Tale/Prince","城戸春一","The Moon Priestess Returns","Automatic
When ""The Little Prince"" is put into a graveyard from your field ⇒ You gain 1000 life.","I met him in there.","The Moon Priestess Returns"
"http://www.fowtcg.com/card/1421","""I"", the Pilot","http://d12h0em1d7ppg.cloudfront.net/items/14/1421/image_en/1485245108.jpg","MPR-001","R","http://d12h0em1d7ppg.cloudfront.net/docs/icons/white.png","800 / 800","Resonator","Fairy Tale/Prince","城戸春一","The Moon Priestess Returns","Automatic
When ""The Little Prince"" is put into a graveyard from your field ⇒ You gain 1000 life.","I met him in there.","The Moon Priestess Returns"
"http://www.fowtcg.com/card/1421","""I"", the Pilot","http://d12h0em1d7ppg.cloudfront.net/items/14/1421/image_en/1485245108.jpg","MPR-001","R","http://d12h0em1d7ppg.cloudfront.net/docs/icons/cost/01.png","800 / 800","Resonator","Fairy Tale/Prince","城戸春一","The Moon Priestess Returns","Automatic
When ""The Little Prince"" is put into a graveyard from your field ⇒ You gain 1000 life.","I met him in there.","The Moon Priestess Returns"
"http://www.fowtcg.com/card/1422","Abel, the Avenger of Gods","http://d12h0em1d7ppg.cloudfront.net/items/14/1422/image_en/1485245110.jpg","MPR-002","SR","http://d12h0em1d7ppg.cloudfront.net/docs/icons/white.png","700 / 700","Resonator","Human","るみえ","The Moon Priestess Returns","","""Your sin that destroyed the world. Punishment to all his kinsmen.""","The Moon Priestess Returns"
"http://www.fowtcg.com/card/1422","Abel, the Avenger of Gods","http://d12h0em1d7ppg.cloudfront.net/items/14/1422/image_en/1485245110.jpg","MPR-002","SR","http://d12h0em1d7ppg.cloudfront.net/docs/icons/white.png","700 / 700","Resonator","Human","るみえ","The Moon Priestess Returns","","""Your sin that destroyed the world. Punishment to all his kinsmen.""","The Moon Priestess Returns"
"http://www.fowtcg.com/card/1422","Abel, the Avenger of Gods","http://d12h0em1d7ppg.cloudfront.net/items/14/1422/image_en/1485245110.jpg","MPR-002","SR","http://d12h0em1d7ppg.cloudfront.net/docs/icons/cost/01.png","700 / 700","Resonator","Human","るみえ","The Moon Priestess Returns","","""Your sin that destroyed the world. Punishment to all his kinsmen.""","The Moon Priestess Returns"
"http://www.fowtcg.com/card/1423","Accede the Light","http://d12h0em1d7ppg.cloudfront.net/items/14/1423/image_en/1485245111.jpg","MPR-003","C","http://d12h0em1d7ppg.cloudfront.net/docs/icons/white.png","","Chant","","Cola","The Moon Priestess Returns","","Power with the people, hope to be inherited.","The Moon Priestess Returns"
"http://www.fowtcg.com/card/1423","Accede the Light","http://d12h0em1d7ppg.cloudfront.net/items/14/1423/image_en/1485245111.jpg","MPR-003","C","http://d12h0em1d7ppg.cloudfront.net/docs/icons/cost/01.png","","Chant","","Cola","The Moon Priestess Returns","","Power with the people, hope to be inherited.","The Moon Priestess Returns"
"http://www.fowtcg.com/card/1424","Apostle of Paradise","http://d12h0em1d7ppg.cloudfront.net/items/14/1424/image_en/1485245116.jpg","MPR-004","C","http://d12h0em1d7ppg.cloudfront.net/docs/icons/white.png","400 / 400","Resonator","Fantasy","gekko","The Moon Priestess Returns","Continuous
This card cannot be destroyed as long as you control ""Abel, the Avenger of Gods"".","The Illusion which Abel created. As long as his strong will is not eliminated, it will not disappear.","The Moon Priestess Returns"
"http://www.fowtcg.com/card/1424","Apostle of Paradise","http://d12h0em1d7ppg.cloudfront.net/items/14/1424/image_en/1485245116.jpg","MPR-004","C","http://d12h0em1d7ppg.cloudfront.net/docs/icons/white.png","400 / 400","Resonator","Fantasy","gekko","The Moon Priestess Returns","Continuous
This card cannot be destroyed as long as you control ""Abel, the Avenger of Gods"".","The Illusion which Abel created. As long as his strong will is not eliminated, it will not disappear.","The Moon Priestess Returns"
"http://www.fowtcg.com/card/1425","Book of Genesis","http://d12h0em1d7ppg.cloudfront.net/items/14/1425/image_en/1485245117.jpg","MPR-005","U","http://d12h0em1d7ppg.cloudfront.net/docs/icons/white.png","","Addition: Field","Relic","松原","The Moon Priestess Returns","Automatic
At the beginning of your main phase ⇒ Put a creation counter on this card. Then, if this card has six or less creation counters on it, search your deck for a resonator with total cost equal to the number of creation counters on this card and put it into your field. Then shuffle your deck.","Principle of Genesis has been written, the oldest book.","The Moon Priestess Returns"
"http://www.fowtcg.com/card/1425","Book of Genesis","http://d12h0em1d7ppg.cloudfront.net/items/14/1425/image_en/1485245117.jpg","MPR-005","U","http://d12h0em1d7ppg.cloudfront.net/docs/icons/white.png","","Addition: Field","Relic","松原","The Moon Priestess Returns","Automatic
At the beginning of your main phase ⇒ Put a creation counter on this card. Then, if this card has six or less creation counters on it, search your deck for a resonator with total cost equal to the number of creation counters on this card and put it into your field. Then shuffle your deck.","Principle of Genesis has been written, the oldest book.","The Moon Priestess Returns"
"http://www.fowtcg.com/card/1425","Book of Genesis","http://d12h0em1d7ppg.cloudfront.net/items/14/1425/image_en/1485245117.jpg","MPR-005","U","http://d12h0em1d7ppg.cloudfront.net/docs/icons/cost/02.png","","Addition: Field","Relic","松原","The Moon Priestess Returns","Automatic
At the beginning of your main phase ⇒ Put a creation counter on this card. Then, if this card has six or less creation counters on it, search your deck for a resonator with total cost equal to the number of creation counters on this card and put it into your field. Then shuffle your deck.","Principle of Genesis has been written, the oldest book.","The Moon Priestess Returns"
"http://www.fowtcg.com/card/1426","Genesis Creation","http://d12h0em1d7ppg.cloudfront.net/items/14/1426/image_en/1485245119.jpg","MPR-006","R","http://d12h0em1d7ppg.cloudfront.net/docs/icons/white.png","","Chant","","kakotomirai","The Moon Priestess Returns","","God said: ""Let there be light!"" Thus, there was light. - the Old Testament Book of Genesis","The Moon Priestess Returns"
"http://www.fowtcg.com/card/1426","Genesis Creation","http://d12h0em1d7ppg.cloudfront.net/items/14/1426/image_en/1485245119.jpg","MPR-006","R","http://d12h0em1d7ppg.cloudfront.net/docs/icons/white.png","","Chant","","kakotomirai","The Moon Priestess Returns","","God said: ""Let there be light!"" Thus, there was light. - the Old Testament Book of Genesis","The Moon Priestess Returns"
"http://www.fowtcg.com/card/1426","Genesis Creation","http://d12h0em1d7ppg.cloudfront.net/items/14/1426/image_en/1485245119.jpg","MPR-006","R","http://d12h0em1d7ppg.cloudfront.net/docs/icons/cost/02.png","","Chant","","kakotomirai","The Moon Priestess Returns","","God said: ""Let there be light!"" Thus, there was light. - the Old Testament Book of Genesis","The Moon Priestess Returns"
"http://www.fowtcg.com/card/1427","Holy Warrior of Hope","http://d12h0em1d7ppg.cloudfront.net/items/14/1427/image_en/1485245122.jpg","MPR-007","C","http://d12h0em1d7ppg.cloudfront.net/docs/icons/white.png","400 / 400","Resonator","Human","七海ルシア","The Moon Priestess Returns","","Hope that Grimm and Lumia left to the last, it was the only hope even for them.","The Moon Priestess Returns"
"http://www.fowtcg.com/card/1428","Jekyll, the Order","http://d12h0em1d7ppg.cloudfront.net/items/14/1428/image_en/1485245124.jpg","MPR-008","U","http://d12h0em1d7ppg.cloudfront.net/docs/icons/white.png","500 / 500","Resonator","Human","みえ","The Moon Priestess Returns","Activate
[B], banish this card: Search your deck for a card named ""Hyde, the Chaos"" and put it into your field. This triggers its [Enter] ability. Then shuffle your deck.","""Stay out of my life. That guy...That guy would come out.""","The Moon Priestess Returns"
"http://www.fowtcg.com/card/1428","Jekyll, the Order","http://d12h0em1d7ppg.cloudfront.net/items/14/1428/image_en/1485245124.jpg","MPR-008","U","http://d12h0em1d7ppg.cloudfront.net/docs/icons/white.png","500 / 500","Resonator","Human","みえ","The Moon Priestess Returns","Activate
[B], banish this card: Search your deck for a card named ""Hyde, the Chaos"" and put it into your field. This triggers its [Enter] ability. Then shuffle your deck.","""Stay out of my life. That guy...That guy would come out.""","The Moon Priestess Returns"
"http://www.fowtcg.com/card/1429","Mind Reading Fox","http://d12h0em1d7ppg.cloudfront.net/items/14/1429/image_en/1485245126.jpg","MPR-009","U","http://d12h0em1d7ppg.cloudfront.net/docs/icons/white.png","800 / 800","Resonator","Fox","バンビ","The Moon Priestess Returns","Continuous
This card cannot be targeted by spells or abilities your opponent controls.","What is essential is invisible to the eye.","The Moon Priestess Returns"
"http://www.fowtcg.com/card/1429","Mind Reading Fox","http://d12h0em1d7ppg.cloudfront.net/items/14/1429/image_en/1485245126.jpg","MPR-009","U","http://d12h0em1d7ppg.cloudfront.net/docs/icons/white.png","800 / 800","Resonator","Fox","バンビ","The Moon Priestess Returns","Continuous
This card cannot be targeted by spells or abilities your opponent controls.","What is essential is invisible to the eye.","The Moon Priestess Returns"
"http://www.fowtcg.com/card/1429","Mind Reading Fox","http://d12h0em1d7ppg.cloudfront.net/items/14/1429/image_en/1485245126.jpg","MPR-009","U","http://d12h0em1d7ppg.cloudfront.net/docs/icons/cost/02.png","800 / 800","Resonator","Fox","バンビ","The Moon Priestess Returns","Continuous
This card cannot be targeted by spells or abilities your opponent controls.","What is essential is invisible to the eye.","The Moon Priestess Returns"
"http://www.fowtcg.com/card/1430","Pandora, the Weaver of Myth","http://d12h0em1d7ppg.cloudfront.net/items/14/1430/image_en/1485245127.jpg","MPR-010","R","","","Ruler","Princess","碧風羽","The Moon Priestess Returns","Judgement
[W][W][W][W][W]. If your life is 3000 or less, pay [W][W][W][W] instead. If your life is 2000 or less, pay [W][W] instead. If your life is 1000 or less, pay [0] instead.","Here, hope and future.","The Moon Priestess Returns"
"http://www.fowtcg.com/card/1431","Grimmia, the Savior of Myth","http://d12h0em1d7ppg.cloudfront.net/items/14/1431/image_en/1485245129.jpg","MPR-010J","JR","","1000 / 1000","J-Ruler","Avatar","碧風羽","The Moon Priestess Returns","Activate
[W][W], banish an addition added to this card: Rest up to two target J/resonators.","The future is nothing else but the result of one's endeavor to win hope by utilizing all possibilities as a weapon.","The Moon Priestess Returns"
"http://www.fowtcg.com/card/1432","Ragnarok, the Divine Sword of Savior","http://d12h0em1d7ppg.cloudfront.net/items/14/1432/image_en/1485245130.jpg","MPR-011","R","http://d12h0em1d7ppg.cloudfront.net/docs/icons/white.png","","Addition: J/Resonator","Weapon","七海ルシア","The Moon Priestess Returns","Continuous
If a resonator dealt damage by added J/resonator would be put into a graveyard this turn, remove that resonator from the game and you gain life equal to its DEF instead.","This sword can slice through everything: it will save all.","The Moon Priestess Returns"
"http://www.fowtcg.com/card/1432","Ragnarok, the Divine Sword of Savior","http://d12h0em1d7ppg.cloudfront.net/items/14/1432/image_en/1485245130.jpg","MPR-011","R","http://d12h0em1d7ppg.cloudfront.net/docs/icons/white.png","","Addition: J/Resonator","Weapon","七海ルシア","The Moon Priestess Returns","Continuous
If a resonator dealt damage by added J/resonator would be put into a graveyard this turn, remove that resonator from the game and you gain life equal to its DEF instead.","This sword can slice through everything: it will save all.","The Moon Priestess Returns"
"http://www.fowtcg.com/card/1432","Ragnarok, the Divine Sword of Savior","http://d12h0em1d7ppg.cloudfront.net/items/14/1432/image_en/1485245130.jpg","MPR-011","R","http://d12h0em1d7ppg.cloudfront.net/docs/icons/cost/01.png","","Addition: J/Resonator","Weapon","七海ルシア","The Moon Priestess Returns","Continuous
If a resonator dealt damage by added J/resonator would be put into a graveyard this turn, remove that resonator from the game and you gain life equal to its DEF instead.","This sword can slice through everything: it will save all.","The Moon Priestess Returns"
"http://www.fowtcg.com/card/1433","Savior of Splendor","http://d12h0em1d7ppg.cloudfront.net/items/14/1433/image_en/1485245134.jpg","MPR-012","U","http://d12h0em1d7ppg.cloudfront.net/docs/icons/white.png","","Chant","","猫囃子","The Moon Priestess Returns","","The advent of Messiah pulled back the flow of battle.","The Moon Priestess Returns"
"http://www.fowtcg.com/card/1434","Seal of Grimmia","http://d12h0em1d7ppg.cloudfront.net/items/14/1434/image_en/1485245135.jpg","MPR-013","C","http://d12h0em1d7ppg.cloudfront.net/docs/icons/white.png","","Addition: Resonator","Seal","kawaryu","The Moon Priestess Returns","Continuous
Added resonator cannot attack.","The power restrains the will to fight.","The Moon Priestess Returns"
"http://www.fowtcg.com/card/1435","Sign to the Future","http://d12h0em1d7ppg.cloudfront.net/items/14/1435/image_en/1485245136.jpg","MPR-014","C","http://d12h0em1d7ppg.cloudfront.net/docs/icons/white.png","","Chant","","kawaryu","The Moon Priestess Returns","","""Hope does not wait. It is what spins you ."" - Pandora, the Weaver of Myth","The Moon Priestess Returns"
"http://www.fowtcg.com/card/1435","Sign to the Future","http://d12h0em1d7ppg.cloudfront.net/items/14/1435/image_en/1485245136.jpg","MPR-014","C","http://d12h0em1d7ppg.cloudfront.net/docs/icons/cost/01.png","","Chant","","kawaryu","The Moon Priestess Returns","","""Hope does not wait. It is what spins you ."" - Pandora, the Weaver of Myth","The Moon Priestess Returns"
"http://www.fowtcg.com/card/1436","Speaker of Creation","http://d12h0em1d7ppg.cloudfront.net/items/14/1436/image_en/1485245137.jpg","MPR-015","C","http://d12h0em1d7ppg.cloudfront.net/docs/icons/white.png","0 / 400","Resonator","Ancient","上木乃アロエ","The Moon Priestess Returns","Activate
[W], banish this card: Destroy target [Addition: Field].","She began to speak, an end of the story that lasts from eternity.","The Moon Priestess Returns"
"http://www.fowtcg.com/card/1436","Speaker of Creation","http://d12h0em1d7ppg.cloudfront.net/items/14/1436/image_en/1485245137.jpg","MPR-015","C","http://d12h0em1d7ppg.cloudfront.net/docs/icons/cost/01.png","0 / 400","Resonator","Ancient","上木乃アロエ","The Moon Priestess Returns","Activate
[W], banish this card: Destroy target [Addition: Field].","She began to speak, an end of the story that lasts from eternity.","The Moon Priestess Returns"
"http://www.fowtcg.com/card/1437","Sweet Rose","http://d12h0em1d7ppg.cloudfront.net/items/14/1437/image_en/1485245139.jpg","MPR-016","C","http://d12h0em1d7ppg.cloudfront.net/docs/icons/white.png","","Addition: Resonator","Flower","バンビ","The Moon Priestess Returns","Continuous
Added resonator gains [+300/+300]. If it's a Prince, it gains [+600/+600] and [Precision] instead.","That nondescript rose looked more beautiful than any other rose.","The Moon Priestess Returns"
"http://www.fowtcg.com/card/1438","The Little Prince","http://d12h0em1d7ppg.cloudfront.net/items/14/1438/image_en/1485245140.jpg","MPR-017","SR","http://d12h0em1d7ppg.cloudfront.net/docs/icons/white.png","200 / 200","Resonator","Fairy Tale/Prince","今野隼史","The Moon Priestess Returns","Automatic
[Enter] You gain 1000 life if your life is 1000 or less.","Every time he sees the world, his heart is filled with tears and joy.","The Moon Priestess Returns"
"http://www.fowtcg.com/card/1438","The Little Prince","http://d12h0em1d7ppg.cloudfront.net/items/14/1438/image_en/1485245140.jpg","MPR-017","SR","http://d12h0em1d7ppg.cloudfront.net/docs/icons/cost/01.png","200 / 200","Resonator","Fairy Tale/Prince","今野隼史","The Moon Priestess Returns","Automatic
[Enter] You gain 1000 life if your life is 1000 or less.","Every time he sees the world, his heart is filled with tears and joy.","The Moon Priestess Returns"
"http://www.fowtcg.com/card/1439","White Spirit","http://d12h0em1d7ppg.cloudfront.net/items/14/1439/image_en/1485245142.jpg","MPR-018","C","http://d12h0em1d7ppg.cloudfront.net/docs/icons/white.png","500 / 500","Resonator","Spirit","ネム","The Moon Priestess Returns","Automatic
[Enter] You gain 500 life.","Its healing power and appearance: they work very well in mind and body.","The Moon Priestess Returns"
"http://www.fowtcg.com/card/1439","White Spirit","http://d12h0em1d7ppg.cloudfront.net/items/14/1439/image_en/1485245142.jpg","MPR-018","C","http://d12h0em1d7ppg.cloudfront.net/docs/icons/white.png","500 / 500","Resonator","Spirit","ネム","The Moon Priestess Returns","Automatic
[Enter] You gain 500 life.","Its healing power and appearance: they work very well in mind and body.","The Moon Priestess Returns"
"http://www.fowtcg.com/card/1440","Akashic Records of Eternal Flame","http://d12h0em1d7ppg.cloudfront.net/items/14/1440/image_en/1485245143.jpg","MPR-019","R","http://d12h0em1d7ppg.cloudfront.net/docs/icons/red.png","","Addition: Field","Relic","下江クリス","The Moon Priestess Returns","Continuous
You may pay [2] less to play a card if a card with the same name is in your graveyard.","All memories are accumulated here.","The Moon Priestess Returns"
"http://www.fowtcg.com/card/1440","Akashic Records of Eternal Flame","http://d12h0em1d7ppg.cloudfront.net/items/14/1440/image_en/1485245143.jpg","MPR-019","R","http://d12h0em1d7ppg.cloudfront.net/docs/icons/cost/01.png","","Addition: Field","Relic","下江クリス","The Moon Priestess Returns","Continuous
You may pay [2] less to play a card if a card with the same name is in your graveyard.","All memories are accumulated here.","The Moon Priestess Returns"
"http://www.fowtcg.com/card/1441","Apostle of Cain","http://d12h0em1d7ppg.cloudfront.net/items/14/1441/image_en/1485245145.jpg","MPR-020","C","http://d12h0em1d7ppg.cloudfront.net/docs/icons/red.png","500 / 100","Resonator","Human/Cognate","白野椋","The Moon Priestess Returns","Automatic
[Enter] If your J-ruler attacked this turn, this card gains [Swiftness] until end of turn.","Flame-like Invaders.","The Moon Priestess Returns"
"http://www.fowtcg.com/card/1442","Apostle of Creation","http://d12h0em1d7ppg.cloudfront.net/items/14/1442/image_en/1485245146.jpg","MPR-021","R","","","Ruler","Prophet","草薙蝶炎","The Moon Priestess Returns","Judgement
[R].","""My brothers. Where are you now?""","The Moon Priestess Returns"
"http://www.fowtcg.com/card/1443","Cain, the Traitor of Gods","http://d12h0em1d7ppg.cloudfront.net/items/14/1443/image_en/1485245147.jpg","MPR-021J","JR","","700 / 700","J-Ruler","Wizard","草薙蝶炎","The Moon Priestess Returns","Activate
[R]: This card deals 200 damage to target resonator.","""Why in this world does praying resolve everything? To destroy is most important in creating the history of beginnings.""","The Moon Priestess Returns"
"http://www.fowtcg.com/card/1444","Black Goat","http://d12h0em1d7ppg.cloudfront.net/items/14/1444/image_en/1485245149.jpg","MPR-022","C","http://d12h0em1d7ppg.cloudfront.net/docs/icons/red.png","200 / 200","Resonator","Cthulhu/Minion","douzen","The Moon Priestess Returns","Activate
[R], remove this card in your graveyard from the game: This card deals 200 damage to target player or resonator.","""Be careful! It is still burning."" - Kaguya, the Immortal Princess","The Moon Priestess Returns"
"http://www.fowtcg.com/card/1445","Blazer, the Eater of Dimensions","http://d12h0em1d7ppg.cloudfront.net/items/14/1445/image_en/1485245151.jpg","MPR-023","SR","http://d12h0em1d7ppg.cloudfront.net/docs/icons/red.png","1100 / 1100","Resonator","Wanderer/Dragon","ケルビン","The Moon Priestess Returns","Continuous
If a card would be put into a graveyard from anywhere, remove it from the game instead.","""Kaguya, you go on ahead: I'll hold them off!"" - Alice, the Guardian of Dimensions","The Moon Priestess Returns"
"http://www.fowtcg.com/card/1445","Blazer, the Eater of Dimensions","http://d12h0em1d7ppg.cloudfront.net/items/14/1445/image_en/1485245151.jpg","MPR-023","SR","http://d12h0em1d7ppg.cloudfront.net/docs/icons/red.png","1100 / 1100","Resonator","Wanderer/Dragon","ケルビン","The Moon Priestess Returns","Continuous
If a card would be put into a graveyard from anywhere, remove it from the game instead.","""Kaguya, you go on ahead: I'll hold them off!"" - Alice, the Guardian of Dimensions","The Moon Priestess Returns"
"http://www.fowtcg.com/card/1445","Blazer, the Eater of Dimensions","http://d12h0em1d7ppg.cloudfront.net/items/14/1445/image_en/1485245151.jpg","MPR-023","SR","http://d12h0em1d7ppg.cloudfront.net/docs/icons/red.png","1100 / 1100","Resonator","Wanderer/Dragon","ケルビン","The Moon Priestess Returns","Continuous
If a card would be put into a graveyard from anywhere, remove it from the game instead.","""Kaguya, you go on ahead: I'll hold them off!"" - Alice, the Guardian of Dimensions","The Moon Priestess Returns"
"http://www.fowtcg.com/card/1445","Blazer, the Eater of Dimensions","http://d12h0em1d7ppg.cloudfront.net/items/14/1445/image_en/1485245151.jpg","MPR-023","SR","http://d12h0em1d7ppg.cloudfront.net/docs/icons/cost/02.png","1100 / 1100","Resonator","Wanderer/Dragon","ケルビン","The Moon Priestess Returns","Continuous
If a card would be put into a graveyard from anywhere, remove it from the game instead.","""Kaguya, you go on ahead: I'll hold them off!"" - Alice, the Guardian of Dimensions","The Moon Priestess Returns"
"http://www.fowtcg.com/card/1446","Bullet of Envy","http://d12h0em1d7ppg.cloudfront.net/items/14/1446/image_en/1485245152.jpg","MPR-024","C","http://d12h0em1d7ppg.cloudfront.net/docs/icons/red.png","","Addition: J/Resonator","Weapon","touge369","The Moon Priestess Returns","Continuous
Added J/resonator gains [+800/+800] as long as your life is less than your opponent's life.","Fear into gunpowder, rage into bullets.","The Moon Priestess Returns"
"http://www.fowtcg.com/card/1447","Cain Complex","http://d12h0em1d7ppg.cloudfront.net/items/14/1447/image_en/1485245153.jpg","MPR-025","U","http://d12h0em1d7ppg.cloudfront.net/docs/icons/red.png","","Chant","","松原","The Moon Priestess Returns","","""We need not be first, but some guys say you're second: does that not feel nice?"" - Apostle of Creation","The Moon Priestess Returns"
"http://www.fowtcg.com/card/1447","Cain Complex","http://d12h0em1d7ppg.cloudfront.net/items/14/1447/image_en/1485245153.jpg","MPR-025","U","http://d12h0em1d7ppg.cloudfront.net/docs/icons/cost/02.png","","Chant","","松原","The Moon Priestess Returns","","""We need not be first, but some guys say you're second: does that not feel nice?"" - Apostle of Creation","The Moon Priestess Returns"
"http://www.fowtcg.com/card/1448","Crime and Punishment","http://d12h0em1d7ppg.cloudfront.net/items/14/1448/image_en/1485245154.jpg","MPR-026","C","http://d12h0em1d7ppg.cloudfront.net/docs/icons/red.png","","Chant","","fzwrAym","The Moon Priestess Returns","","Even if blood is washed from the hands, sins will not be washed away.","The Moon Priestess Returns"
"http://www.fowtcg.com/card/1449","Eden, the Crimson Garden","http://d12h0em1d7ppg.cloudfront.net/items/14/1449/image_en/1485245156.jpg","MPR-027","U","http://d12h0em1d7ppg.cloudfront.net/docs/icons/red.png","","Addition: Field","","森野ヒロ","The Moon Priestess Returns","Automatic
At the end of turn ⇒ This card deals 200 damage to each player.","The mind eroded by envy has created the world of fantasy.","The Moon Priestess Returns"
"http://www.fowtcg.com/card/1449","Eden, the Crimson Garden","http://d12h0em1d7ppg.cloudfront.net/items/14/1449/image_en/1485245156.jpg","MPR-027","U","http://d12h0em1d7ppg.cloudfront.net/docs/icons/cost/02.png","","Addition: Field","","森野ヒロ","The Moon Priestess Returns","Automatic
At the end of turn ⇒ This card deals 200 damage to each player.","The mind eroded by envy has created the world of fantasy.","The Moon Priestess Returns"
"http://www.fowtcg.com/card/1450","Forty Thieves","http://d12h0em1d7ppg.cloudfront.net/items/14/1450/image_en/1485245158.jpg","MPR-028","C","http://d12h0em1d7ppg.cloudfront.net/docs/icons/red.png","400 / 400","Resonator","Story/Human","サウマロ","The Moon Priestess Returns","Automatic
[Enter] Draw two cards, then discard two cards.","Forty Thieves always acted together. They even followed each other to the grave.","The Moon Priestess Returns"
"http://www.fowtcg.com/card/1450","Forty Thieves","http://d12h0em1d7ppg.cloudfront.net/items/14/1450/image_en/1485245158.jpg","MPR-028","C","http://d12h0em1d7ppg.cloudfront.net/docs/icons/cost/01.png","400 / 400","Resonator","Story/Human","サウマロ","The Moon Priestess Returns","Automatic
[Enter] Draw two cards, then discard two cards.","Forty Thieves always acted together. They even followed each other to the grave.","The Moon Priestess Returns"
"http://www.fowtcg.com/card/1451","Glyph of Unkill","http://d12h0em1d7ppg.cloudfront.net/items/14/1451/image_en/1485245161.jpg","MPR-029","C","http://d12h0em1d7ppg.cloudfront.net/docs/icons/red.png","","Addition: Resonator","","おつまみ","The Moon Priestess Returns","Automatic
At the end of added resonator's controller's turn ⇒ Destroy it.","""People die sooner or later: that's why they are interesting."" - Cain, the Traitor of Gods","The Moon Priestess Returns"
"http://www.fowtcg.com/card/1452","Jabal, the Grandsire of Nomads","http://d12h0em1d7ppg.cloudfront.net/items/14/1452/image_en/1485245162.jpg","MPR-030","C","http://d12h0em1d7ppg.cloudfront.net/docs/icons/red.png","600 / 500","Resonator","Human/Cognate","塗夢","The Moon Priestess Returns","Automatic
When this card attacks ⇒ If your J-ruler attacked this turn, target resonator cannot block this turn.","The dance performance coloring battlefield.","The Moon Priestess Returns"
"http://www.fowtcg.com/card/1452","Jabal, the Grandsire of Nomads","http://d12h0em1d7ppg.cloudfront.net/items/14/1452/image_en/1485245162.jpg","MPR-030","C","http://d12h0em1d7ppg.cloudfront.net/docs/icons/red.png","600 / 500","Resonator","Human/Cognate","塗夢","The Moon Priestess Returns","Automatic
When this card attacks ⇒ If your J-ruler attacked this turn, target resonator cannot block this turn.","The dance performance coloring battlefield.","The Moon Priestess Returns"
"http://www.fowtcg.com/card/1453","Jubal, the Grandsire of Musicians","http://d12h0em1d7ppg.cloudfront.net/items/14/1453/image_en/1485245163.jpg","MPR-031","U","http://d12h0em1d7ppg.cloudfront.net/docs/icons/red.png","500 / 600","Resonator","Human/Cognate","下江クリス","The Moon Priestess Returns","Automatic
When this card attacks ⇒ If your J-ruler attacked this turn, this card deals 500 damage to target resonator.","The requiem echoing the scene of battle.","The Moon Priestess Returns"
"http://www.fowtcg.com/card/1453","Jubal, the Grandsire of Musicians","http://d12h0em1d7ppg.cloudfront.net/items/14/1453/image_en/1485245163.jpg","MPR-031","U","http://d12h0em1d7ppg.cloudfront.net/docs/icons/red.png","500 / 600","Resonator","Human/Cognate","下江クリス","The Moon Priestess Returns","Automatic
When this card attacks ⇒ If your J-ruler attacked this turn, this card deals 500 damage to target resonator.","The requiem echoing the scene of battle.","The Moon Priestess Returns"
"http://www.fowtcg.com/card/1454","Shub-Niggurath, the Goddess of Fertility","http://d12h0em1d7ppg.cloudfront.net/items/14/1454/image_en/1485245164.jpg","MPR-032","SR","http://d12h0em1d7ppg.cloudfront.net/docs/icons/red.png","600 / 600","Resonator","Cthulhu","gozz","The Moon Priestess Returns","Activate
[rest], banish two other Cthulhu resonators: Put target Cthulhu non-spell card from your graveyard into your field.","""What has been resurrected is truly troublesome."" - Kaguya, the Immortal Princess","The Moon Priestess Returns"
"http://www.fowtcg.com/card/1454","Shub-Niggurath, the Goddess of Fertility","http://d12h0em1d7ppg.cloudfront.net/items/14/1454/image_en/1485245164.jpg","MPR-032","SR","http://d12h0em1d7ppg.cloudfront.net/docs/icons/red.png","600 / 600","Resonator","Cthulhu","gozz","The Moon Priestess Returns","Activate
[rest], banish two other Cthulhu resonators: Put target Cthulhu non-spell card from your graveyard into your field.","""What has been resurrected is truly troublesome."" - Kaguya, the Immortal Princess","The Moon Priestess Returns"
"http://www.fowtcg.com/card/1454","Shub-Niggurath, the Goddess of Fertility","http://d12h0em1d7ppg.cloudfront.net/items/14/1454/image_en/1485245164.jpg","MPR-032","SR","http://d12h0em1d7ppg.cloudfront.net/docs/icons/cost/02.png","600 / 600","Resonator","Cthulhu","gozz","The Moon Priestess Returns","Activate
[rest], banish two other Cthulhu resonators: Put target Cthulhu non-spell card from your graveyard into your field.","""What has been resurrected is truly troublesome."" - Kaguya, the Immortal Princess","The Moon Priestess Returns"
"http://www.fowtcg.com/card/1455","Spawn of Blazer","http://d12h0em1d7ppg.cloudfront.net/items/14/1455/image_en/1485245166.jpg","MPR-033","C","http://d12h0em1d7ppg.cloudfront.net/docs/icons/red.png","400 / 400","Resonator","Dragon","佐久間さのすけ","The Moon Priestess Returns","Activate
Banish this card: Produce two wills in any combination of attributes. Spend that will only to play Dragons.","Omen of Storms.","The Moon Priestess Returns"
"http://www.fowtcg.com/card/1455","Spawn of Blazer","http://d12h0em1d7ppg.cloudfront.net/items/14/1455/image_en/1485245166.jpg","MPR-033","C","http://d12h0em1d7ppg.cloudfront.net/docs/icons/red.png","400 / 400","Resonator","Dragon","佐久間さのすけ","The Moon Priestess Returns","Activate
Banish this card: Produce two wills in any combination of attributes. Spend that will only to play Dragons.","Omen of Storms.","The Moon Priestess Returns"
"http://www.fowtcg.com/card/1456","Split Heaven and Earth","http://d12h0em1d7ppg.cloudfront.net/items/14/1456/image_en/1485245167.jpg","MPR-034","R","http://d12h0em1d7ppg.cloudfront.net/docs/icons/red.png","","Chant","","Fushikaden K.K.","The Moon Priestess Returns","","""I'll burn away all that are seeded with greed."" - Cain, the Traitor of Gods","The Moon Priestess Returns"
"http://www.fowtcg.com/card/1456","Split Heaven and Earth","http://d12h0em1d7ppg.cloudfront.net/items/14/1456/image_en/1485245167.jpg","MPR-034","R","http://d12h0em1d7ppg.cloudfront.net/docs/icons/red.png","","Chant","","Fushikaden K.K.","The Moon Priestess Returns","","""I'll burn away all that are seeded with greed."" - Cain, the Traitor of Gods","The Moon Priestess Returns"
"http://www.fowtcg.com/card/1457","The First Lie","http://d12h0em1d7ppg.cloudfront.net/items/14/1457/image_en/1485245169.jpg","MPR-035","U","http://d12h0em1d7ppg.cloudfront.net/docs/icons/red.png","","Chant","","fzwrAym","The Moon Priestess Returns","","""It is an incredible story, isn't it?"" - Fiend of Dark Pyre","The Moon Priestess Returns"
"http://www.fowtcg.com/card/1457","The First Lie","http://d12h0em1d7ppg.cloudfront.net/items/14/1457/image_en/1485245169.jpg","MPR-035","U","http://d12h0em1d7ppg.cloudfront.net/docs/icons/cost/01.png","","Chant","","fzwrAym","The Moon Priestess Returns","","""It is an incredible story, isn't it?"" - Fiend of Dark Pyre","The Moon Priestess Returns"
"http://www.fowtcg.com/card/1458","The Hound of Tindalos","http://d12h0em1d7ppg.cloudfront.net/items/14/1458/image_en/1485245170.jpg","MPR-036","R","http://d12h0em1d7ppg.cloudfront.net/docs/icons/red.png","200 / 200","Resonator","Cthulhu","Wednesday","The Moon Priestess Returns","Automatic
When this card is put into a graveyard from your field ⇒ You may pay [R]. If you do, search your deck for a card named ""The Hound of Tindalos"" and put it into your field rested. Then shuffle your deck.","Once cursed, one suffers from the barking until death.","The Moon Priestess Returns"
"http://www.fowtcg.com/card/1458","The Hound of Tindalos","http://d12h0em1d7ppg.cloudfront.net/items/14/1458/image_en/1485245170.jpg","MPR-036","R","http://d12h0em1d7ppg.cloudfront.net/docs/icons/cost/01.png","200 / 200","Resonator","Cthulhu","Wednesday","The Moon Priestess Returns","Automatic
When this card is put into a graveyard from your field ⇒ You may pay [R]. If you do, search your deck for a card named ""The Hound of Tindalos"" and put it into your field rested. Then shuffle your deck.","Once cursed, one suffers from the barking until death.","The Moon Priestess Returns"
"http://www.fowtcg.com/card/1459","Apollosphere, the Moon Lance","http://d12h0em1d7ppg.cloudfront.net/items/14/1459/image_en/1485245171.jpg","MPR-037","R","http://d12h0em1d7ppg.cloudfront.net/docs/icons/blue.png","","Addition: J/Resonator","Treasury Item","長崎祐子","The Moon Priestess Returns","Continuous
You may banish this card rather than pay the cost of a water chant with [Quickcast].","One of the best treasures Kaguya possesses.","The Moon Priestess Returns"
"http://www.fowtcg.com/card/1459","Apollosphere, the Moon Lance","http://d12h0em1d7ppg.cloudfront.net/items/14/1459/image_en/1485245171.jpg","MPR-037","R","http://d12h0em1d7ppg.cloudfront.net/docs/icons/blue.png","","Addition: J/Resonator","Treasury Item","長崎祐子","The Moon Priestess Returns","Continuous
You may banish this card rather than pay the cost of a water chant with [Quickcast].","One of the best treasures Kaguya possesses.","The Moon Priestess Returns"
"http://www.fowtcg.com/card/1459","Apollosphere, the Moon Lance","http://d12h0em1d7ppg.cloudfront.net/items/14/1459/image_en/1485245171.jpg","MPR-037","R","http://d12h0em1d7ppg.cloudfront.net/docs/icons/cost/01.png","","Addition: J/Resonator","Treasury Item","長崎祐子","The Moon Priestess Returns","Continuous
You may banish this card rather than pay the cost of a water chant with [Quickcast].","One of the best treasures Kaguya possesses.","The Moon Priestess Returns"
"http://www.fowtcg.com/card/1460","Campanella, the Milky Way Moon","http://d12h0em1d7ppg.cloudfront.net/items/14/1460/image_en/1485245173.jpg","MPR-038","SR","http://d12h0em1d7ppg.cloudfront.net/docs/icons/blue.png","200 / 200","Resonator","Fairy Tale/Fantasy","トリダモノ","The Moon Priestess Returns","Automatic
When a resonator is put into a graveyard from your field ⇒ You may banish this card. If you do, put that resonator from its owner's graveyard into his or her hand.","She is looking for the true happiness of everyone.","The Moon Priestess Returns"
"http://www.fowtcg.com/card/1460","Campanella, the Milky Way Moon","http://d12h0em1d7ppg.cloudfront.net/items/14/1460/image_en/1485245173.jpg","MPR-038","SR","http://d12h0em1d7ppg.cloudfront.net/docs/icons/cost/01.png","200 / 200","Resonator","Fairy Tale/Fantasy","トリダモノ","The Moon Priestess Returns","Automatic
When a resonator is put into a graveyard from your field ⇒ You may banish this card. If you do, put that resonator from its owner's graveyard into his or her hand.","She is looking for the true happiness of everyone.","The Moon Priestess Returns"
"http://www.fowtcg.com/card/1461","Dark Shining Swordsman","http://d12h0em1d7ppg.cloudfront.net/items/14/1461/image_en/1485245175.jpg","MPR-039","C","http://d12h0em1d7ppg.cloudfront.net/docs/icons/blue.png","600 / 600","Resonator","Wererabbit","城戸春一","The Moon Priestess Returns","Activate
[M][M]: Target resonator's printed ATK becomes 0 until end of turn.","""Ah, wait a minute. This, like that, that's the way. Yes, here we go!""","The Moon Priestess Returns"
"http://www.fowtcg.com/card/1461","Dark Shining Swordsman","http://d12h0em1d7ppg.cloudfront.net/items/14/1461/image_en/1485245175.jpg","MPR-039","C","http://d12h0em1d7ppg.cloudfront.net/docs/icons/cost/02.png","600 / 600","Resonator","Wererabbit","城戸春一","The Moon Priestess Returns","Activate
[M][M]: Target resonator's printed ATK becomes 0 until end of turn.","""Ah, wait a minute. This, like that, that's the way. Yes, here we go!""","The Moon Priestess Returns"
"http://www.fowtcg.com/card/1462","Elixir of Immortality","http://d12h0em1d7ppg.cloudfront.net/items/14/1462/image_en/1485245177.jpg","MPR-040","C","http://d12h0em1d7ppg.cloudfront.net/docs/icons/blue.png","","Addition: Resonator","","河北亜希","The Moon Priestess Returns","Continuous
Prevent all battle damage that would be dealt to or dealt by added resonator.","Immortality's incurable disease. And, medicine can't cure it.","The Moon Priestess Returns"
"http://www.fowtcg.com/card/1463","Etna, the Snow Queen","http://d12h0em1d7ppg.cloudfront.net/items/14/1463/image_en/1485245181.jpg","MPR-041","SR","http://d12h0em1d7ppg.cloudfront.net/docs/icons/blue.png","700 / 700","Resonator","Fairy Tale/Queen","ネム","The Moon Priestess Returns","Automatic
Whenever this card deals damage to your opponent, he or she discards a card.","""I want to preserve the beauty of this world"" so thought the Queen, ""perhaps if all were to be frozen"", she thought.","The Moon Priestess Returns"
"http://www.fowtcg.com/card/1463","Etna, the Snow Queen","http://d12h0em1d7ppg.cloudfront.net/items/14/1463/image_en/1485245181.jpg","MPR-041","SR","http://d12h0em1d7ppg.cloudfront.net/docs/icons/blue.png","700 / 700","Resonator","Fairy Tale/Queen","ネム","The Moon Priestess Returns","Automatic
Whenever this card deals damage to your opponent, he or she discards a card.","""I want to preserve the beauty of this world"" so thought the Queen, ""perhaps if all were to be frozen"", she thought.","The Moon Priestess Returns"
"http://www.fowtcg.com/card/1463","Etna, the Snow Queen","http://d12h0em1d7ppg.cloudfront.net/items/14/1463/image_en/1485245181.jpg","MPR-041","SR","http://d12h0em1d7ppg.cloudfront.net/docs/icons/cost/01.png","700 / 700","Resonator","Fairy Tale/Queen","ネム","The Moon Priestess Returns","Automatic
Whenever this card deals damage to your opponent, he or she discards a card.","""I want to preserve the beauty of this world"" so thought the Queen, ""perhaps if all were to be frozen"", she thought.","The Moon Priestess Returns"
"http://www.fowtcg.com/card/1464","Fallen Comet","http://d12h0em1d7ppg.cloudfront.net/items/14/1464/image_en/1485245182.jpg","MPR-042","R","http://d12h0em1d7ppg.cloudfront.net/docs/icons/blue.png","","Chant","","Fushikaden K.K.","The Moon Priestess Returns","","It was the battle of the overture, and the scale was a bit too large.","The Moon Priestess Returns"
"http://www.fowtcg.com/card/1464","Fallen Comet","http://d12h0em1d7ppg.cloudfront.net/items/14/1464/image_en/1485245182.jpg","MPR-042","R","http://d12h0em1d7ppg.cloudfront.net/docs/icons/blue.png","","Chant","","Fushikaden K.K.","The Moon Priestess Returns","","It was the battle of the overture, and the scale was a bit too large.","The Moon Priestess Returns"
"http://www.fowtcg.com/card/1464","Fallen Comet","http://d12h0em1d7ppg.cloudfront.net/items/14/1464/image_en/1485245182.jpg","MPR-042","R","http://d12h0em1d7ppg.cloudfront.net/docs/icons/cost/02.png","","Chant","","Fushikaden K.K.","The Moon Priestess Returns","","It was the battle of the overture, and the scale was a bit too large.","The Moon Priestess Returns"
"http://www.fowtcg.com/card/1465","Glimpse of Kaguya","http://d12h0em1d7ppg.cloudfront.net/items/14/1465/image_en/1485245184.jpg","MPR-043","R","http://d12h0em1d7ppg.cloudfront.net/docs/icons/blue.png","","Chant","","ハタリス","The Moon Priestess Returns","","""There!"" - Kaguya, the Immortal Princess","The Moon Priestess Returns"
"http://www.fowtcg.com/card/1465","Glimpse of Kaguya","http://d12h0em1d7ppg.cloudfront.net/items/14/1465/image_en/1485245184.jpg","MPR-043","R","http://d12h0em1d7ppg.cloudfront.net/docs/icons/cost/01.png","","Chant","","ハタリス","The Moon Priestess Returns","","""There!"" - Kaguya, the Immortal Princess","The Moon Priestess Returns"
"http://www.fowtcg.com/card/1466","Joyful Bird-Catcher","http://d12h0em1d7ppg.cloudfront.net/items/14/1466/image_en/1485245185.jpg","MPR-044","C","http://d12h0em1d7ppg.cloudfront.net/docs/icons/blue.png","200 / 200","Resonator","Human","松本エイト","The Moon Priestess Returns","Activate
[U], [rest]: Search your deck for a Bird resonator, reveal it and put it into your hand. Then shuffle your deck.","""Come on, come take plenty!""","The Moon Priestess Returns"
"http://www.fowtcg.com/card/1467","Kai, the Frozen Heart","http://d12h0em1d7ppg.cloudfront.net/items/14/1467/image_en/1485245186.jpg","MPR-045","U","http://d12h0em1d7ppg.cloudfront.net/docs/icons/blue.png","1200 / 1200","Resonator","Fairy Tale/Human","石商","The Moon Priestess Returns","Automatic
Whenever a resonator is put into a graveyard from your field, remove a frozen counter from this card.","""He might never return the same..."" they thought.","The Moon Priestess Returns"
"http://www.fowtcg.com/card/1467","Kai, the Frozen Heart","http://d12h0em1d7ppg.cloudfront.net/items/14/1467/image_en/1485245186.jpg","MPR-045","U","http://d12h0em1d7ppg.cloudfront.net/docs/icons/blue.png","1200 / 1200","Resonator","Fairy Tale/Human","石商","The Moon Priestess Returns","Automatic
Whenever a resonator is put into a graveyard from your field, remove a frozen counter from this card.","""He might never return the same..."" they thought.","The Moon Priestess Returns"
"http://www.fowtcg.com/card/1467","Kai, the Frozen Heart","http://d12h0em1d7ppg.cloudfront.net/items/14/1467/image_en/1485245186.jpg","MPR-045","U","http://d12h0em1d7ppg.cloudfront.net/docs/icons/cost/01.png","1200 / 1200","Resonator","Fairy Tale/Human","石商","The Moon Priestess Returns","Automatic
Whenever a resonator is put into a graveyard from your field, remove a frozen counter from this card.","""He might never return the same..."" they thought.","The Moon Priestess Returns"
"http://www.fowtcg.com/card/1468","Moon Princess of Stellar Wars","http://d12h0em1d7ppg.cloudfront.net/items/14/1468/image_en/1485245187.jpg","MPR-046","R","","","Ruler","Human","桂福蔵","The Moon Priestess Returns","Judgement
[2][x]. Spend only [M] will on X.","""From now on my battles impose the challenge.""","The Moon Priestess Returns"
"http://www.fowtcg.com/card/1469","Kaguya, the Immortal Princess","http://d12h0em1d7ppg.cloudfront.net/items/14/1469/image_en/1485245190.jpg","MPR-046J","JR","","400 / 1000","J-Ruler","Wanderer/Little Girl","桂福蔵","The Moon Priestess Returns","Activate
Banish three Treasury Items: Gain control of target resonator.","Kaguya doesn’t have the pleasure of life or the throes of death. Her only duty is to keep this world peaceful forever.","The Moon Priestess Returns"
"http://www.fowtcg.com/card/1470","Moonglow Bird","http://d12h0em1d7ppg.cloudfront.net/items/14/1470/image_en/1485245191.jpg","MPR-047","C","http://d12h0em1d7ppg.cloudfront.net/docs/icons/blue.png","300 / 300","Resonator","Bird","長崎祐子","The Moon Priestess Returns","Continuous
This card gains [+400/+400] as long as you control a Moon.","For those who live on the moon, there is no feeling of sky. However, recognizing the flying birds, it is the same as Earth.","The Moon Priestess Returns"
"http://www.fowtcg.com/card/1470","Moonglow Bird","http://d12h0em1d7ppg.cloudfront.net/items/14/1470/image_en/1485245191.jpg","MPR-047","C","http://d12h0em1d7ppg.cloudfront.net/docs/icons/cost/01.png","300 / 300","Resonator","Bird","長崎祐子","The Moon Priestess Returns","Continuous
This card gains [+400/+400] as long as you control a Moon.","For those who live on the moon, there is no feeling of sky. However, recognizing the flying birds, it is the same as Earth.","The Moon Priestess Returns"
"http://www.fowtcg.com/card/1471","Pilot of Universe","http://d12h0em1d7ppg.cloudfront.net/items/14/1471/image_en/1485245193.jpg","MPR-048","C","http://d12h0em1d7ppg.cloudfront.net/docs/icons/blue.png","300 / 300","Resonator","Wererabbit","小泉哲哉","The Moon Priestess Returns","Activate
[M]: This card gains [Flying] until end of turn.","""Well then, I will go to the Earth""","The Moon Priestess Returns"
"http://www.fowtcg.com/card/1472","Shooting Star","http://d12h0em1d7ppg.cloudfront.net/items/14/1472/image_en/1485245194.jpg","MPR-049","U","http://d12h0em1d7ppg.cloudfront.net/docs/icons/blue.png","","Chant","","Nagiにゃん","The Moon Priestess Returns","","The universe has the power to turn an event.","The Moon Priestess Returns"
"http://www.fowtcg.com/card/1472","Shooting Star","http://d12h0em1d7ppg.cloudfront.net/items/14/1472/image_en/1485245194.jpg","MPR-049","U","http://d12h0em1d7ppg.cloudfront.net/docs/icons/blue.png","","Chant","","Nagiにゃん","The Moon Priestess Returns","","The universe has the power to turn an event.","The Moon Priestess Returns"
"http://www.fowtcg.com/card/1473","The Milky Way","http://d12h0em1d7ppg.cloudfront.net/items/14/1473/image_en/1485245197.jpg","MPR-050","C","http://d12h0em1d7ppg.cloudfront.net/docs/icons/blue.png","","Addition: Field","","河北亜希","The Moon Priestess Returns","Continuous
Resonators your opponent controls cannot be targeted by spells or abilities.","A territory where mind does not cross.","The Moon Priestess Returns"
"http://www.fowtcg.com/card/1474","Total Eclipse","http://d12h0em1d7ppg.cloudfront.net/items/14/1474/image_en/1485245200.jpg","MPR-051","C","http://d12h0em1d7ppg.cloudfront.net/docs/icons/blue.png","","Chant","","河北亜希","The Moon Priestess Returns","","When the sun is back, magic of the moon is culminating.","The Moon Priestess Returns"
"http://www.fowtcg.com/card/1474","Total Eclipse","http://d12h0em1d7ppg.cloudfront.net/items/14/1474/image_en/1485245200.jpg","MPR-051","C","http://d12h0em1d7ppg.cloudfront.net/docs/icons/cost/01.png","","Chant","","河北亜希","The Moon Priestess Returns","","When the sun is back, magic of the moon is culminating.","The Moon Priestess Returns"
"http://www.fowtcg.com/card/1475","Tsukuyomi, the Moon City","http://d12h0em1d7ppg.cloudfront.net/items/14/1475/image_en/1485245202.jpg","MPR-052","U","http://d12h0em1d7ppg.cloudfront.net/docs/icons/blue.png","","Addition: Field","Moon/City","gozz","The Moon Priestess Returns","Activate
[1], put this card on the bottom of your deck: Target resonator you control gains [Flying] until end of turn. Draw a card.","Kaguya prepared to return to the capital of the moon while remembering the days of distant wars.","The Moon Priestess Returns"
"http://www.fowtcg.com/card/1475","Tsukuyomi, the Moon City","http://d12h0em1d7ppg.cloudfront.net/items/14/1475/image_en/1485245202.jpg","MPR-052","U","http://d12h0em1d7ppg.cloudfront.net/docs/icons/cost/01.png","","Addition: Field","Moon/City","gozz","The Moon Priestess Returns","Activate
[1], put this card on the bottom of your deck: Target resonator you control gains [Flying] until end of turn. Draw a card.","Kaguya prepared to return to the capital of the moon while remembering the days of distant wars.","The Moon Priestess Returns"
"http://www.fowtcg.com/card/1476","Yang Mage of Decrescent","http://d12h0em1d7ppg.cloudfront.net/items/14/1476/image_en/1485245203.jpg","MPR-053","U","http://d12h0em1d7ppg.cloudfront.net/docs/icons/blue.png","400 / 400","Resonator","Wererabbit","祀花よう子","The Moon Priestess Returns","Activate
[M]: This card gains [+400/+0] until end of turn. Play this ability only once per turn.","The moon for us.","The Moon Priestess Returns"
"http://www.fowtcg.com/card/1476","Yang Mage of Decrescent","http://d12h0em1d7ppg.cloudfront.net/items/14/1476/image_en/1485245203.jpg","MPR-053","U","http://d12h0em1d7ppg.cloudfront.net/docs/icons/blue.png","400 / 400","Resonator","Wererabbit","祀花よう子","The Moon Priestess Returns","Activate
[M]: This card gains [+400/+0] until end of turn. Play this ability only once per turn.","The moon for us.","The Moon Priestess Returns"
"http://www.fowtcg.com/card/1477","Yin Mage of Increscent","http://d12h0em1d7ppg.cloudfront.net/items/14/1477/image_en/1485245205.jpg","MPR-054","C","http://d12h0em1d7ppg.cloudfront.net/docs/icons/blue.png","400 / 400","Resonator","Wererabbit","祀花よう子","The Moon Priestess Returns","Activate
[M]: This card gains [+0/+400] until end of turn. Play this ability only once per turn.","The Sacrifice to the moon.","The Moon Priestess Returns"
"http://www.fowtcg.com/card/1477","Yin Mage of Increscent","http://d12h0em1d7ppg.cloudfront.net/items/14/1477/image_en/1485245205.jpg","MPR-054","C","http://d12h0em1d7ppg.cloudfront.net/docs/icons/blue.png","400 / 400","Resonator","Wererabbit","祀花よう子","The Moon Priestess Returns","Activate
[M]: This card gains [+0/+400] until end of turn. Play this ability only once per turn.","The Sacrifice to the moon.","The Moon Priestess Returns"
"http://www.fowtcg.com/card/1478","Aladdin's Lamp","http://d12h0em1d7ppg.cloudfront.net/items/14/1478/image_en/1485245206.jpg","MPR-055","R","http://d12h0em1d7ppg.cloudfront.net/docs/icons/green.png","","Addition: Field","Treasury Item","松本エイト","The Moon Priestess Returns","Automatic
At the beginning of your main phase ⇒ You may reveal your hand. If you have no Spirit resonators in your hand, search your deck for a Spirit resonator, reveal it and put it into your hand. Then shuffle your deck.","To be called upon.","The Moon Priestess Returns"
"http://www.fowtcg.com/card/1478","Aladdin's Lamp","http://d12h0em1d7ppg.cloudfront.net/items/14/1478/image_en/1485245206.jpg","MPR-055","R","http://d12h0em1d7ppg.cloudfront.net/docs/icons/cost/01.png","","Addition: Field","Treasury Item","松本エイト","The Moon Priestess Returns","Automatic
At the beginning of your main phase ⇒ You may reveal your hand. If you have no Spirit resonators in your hand, search your deck for a Spirit resonator, reveal it and put it into your hand. Then shuffle your deck.","To be called upon.","The Moon Priestess Returns"
"http://www.fowtcg.com/card/1479","Ali Baba, The Earnest Worker","http://d12h0em1d7ppg.cloudfront.net/items/14/1479/image_en/1485245207.jpg","MPR-056","C","http://d12h0em1d7ppg.cloudfront.net/docs/icons/green.png","700 / 700","Resonator","Story/Human","夕子","The Moon Priestess Returns","Activate
[rest]: Draw a card if you have no cards in your hand.","If you take your work seriously, good and bad things may happen, but there is also a chance for money.","The Moon Priestess Returns"
"http://www.fowtcg.com/card/1479","Ali Baba, The Earnest Worker","http://d12h0em1d7ppg.cloudfront.net/items/14/1479/image_en/1485245207.jpg","MPR-056","C","http://d12h0em1d7ppg.cloudfront.net/docs/icons/cost/02.png","700 / 700","Resonator","Story/Human","夕子","The Moon Priestess Returns","Activate
[rest]: Draw a card if you have no cards in your hand.","If you take your work seriously, good and bad things may happen, but there is also a chance for money.","The Moon Priestess Returns"
"http://www.fowtcg.com/card/1480","Art of Sinbad","http://d12h0em1d7ppg.cloudfront.net/items/14/1480/image_en/1485245209.jpg","MPR-057","C","http://d12h0em1d7ppg.cloudfront.net/docs/icons/green.png","","Chant","","touge369","The Moon Priestess Returns","","""Hey you, wait up!"" - Sinbad, the Windrider Merchant","The Moon Priestess Returns"
"http://www.fowtcg.com/card/1481","Barrier Field","http://d12h0em1d7ppg.cloudfront.net/items/14/1481/image_en/1485245213.jpg","MPR-058","U","http://d12h0em1d7ppg.cloudfront.net/docs/icons/green.png","","Addition: Field","","河北亜希","The Moon Priestess Returns","Continuous
If damage would be dealt to you by a normal spell, prevent 200 of it.","""This disgusting wind must be... her."" - Zero, the Magus of Null","The Moon Priestess Returns"
"http://www.fowtcg.com/card/1481","Barrier Field","http://d12h0em1d7ppg.cloudfront.net/items/14/1481/image_en/1485245213.jpg","MPR-058","U","http://d12h0em1d7ppg.cloudfront.net/docs/icons/cost/01.png","","Addition: Field","","河北亜希","The Moon Priestess Returns","Continuous
If damage would be dealt to you by a normal spell, prevent 200 of it.","""This disgusting wind must be... her."" - Zero, the Magus of Null","The Moon Priestess Returns"
"http://www.fowtcg.com/card/1482","Djinn, the Spirit of Lamp","http://d12h0em1d7ppg.cloudfront.net/items/14/1482/image_en/1485245214.jpg","MPR-059","R","http://d12h0em1d7ppg.cloudfront.net/docs/icons/green.png","1000 / 1000","Resonator","Spirit","gekko","The Moon Priestess Returns","Automatic
[Enter] Remove up to three target resonators you control from the game. At the end of turn ⇒ Put all resonators removed this way into their owners' field.","Spirit of the lamp, there was no less popular. He selfishly grants three wishes.","The Moon Priestess Returns"
"http://www.fowtcg.com/card/1482","Djinn, the Spirit of Lamp","http://d12h0em1d7ppg.cloudfront.net/items/14/1482/image_en/1485245214.jpg","MPR-059","R","http://d12h0em1d7ppg.cloudfront.net/docs/icons/green.png","1000 / 1000","Resonator","Spirit","gekko","The Moon Priestess Returns","Automatic
[Enter] Remove up to three target resonators you control from the game. At the end of turn ⇒ Put all resonators removed this way into their owners' field.","Spirit of the lamp, there was no less popular. He selfishly grants three wishes.","The Moon Priestess Returns"
"http://www.fowtcg.com/card/1482","Djinn, the Spirit of Lamp","http://d12h0em1d7ppg.cloudfront.net/items/14/1482/image_en/1485245214.jpg","MPR-059","R","http://d12h0em1d7ppg.cloudfront.net/docs/icons/cost/02.png","1000 / 1000","Resonator","Spirit","gekko","The Moon Priestess Returns","Automatic
[Enter] Remove up to three target resonators you control from the game. At the end of turn ⇒ Put all resonators removed this way into their owners' field.","Spirit of the lamp, there was no less popular. He selfishly grants three wishes.","The Moon Priestess Returns"
"http://www.fowtcg.com/card/1483","Exceed, the Ancient Magic","http://d12h0em1d7ppg.cloudfront.net/items/14/1483/image_en/1485245215.jpg","MPR-060","U","http://d12h0em1d7ppg.cloudfront.net/docs/icons/green.png","","Chant","","狛蜜ザキ","The Moon Priestess Returns","","""That's my win!"" - Fiethsing, the Magus of Holy Wind","The Moon Priestess Returns"
"http://www.fowtcg.com/card/1483","Exceed, the Ancient Magic","http://d12h0em1d7ppg.cloudfront.net/items/14/1483/image_en/1485245215.jpg","MPR-060","U","http://d12h0em1d7ppg.cloudfront.net/docs/icons/green.png","","Chant","","狛蜜ザキ","The Moon Priestess Returns","","""That's my win!"" - Fiethsing, the Magus of Holy Wind","The Moon Priestess Returns"
"http://www.fowtcg.com/card/1483","Exceed, the Ancient Magic","http://d12h0em1d7ppg.cloudfront.net/items/14/1483/image_en/1485245215.jpg","MPR-060","U","http://d12h0em1d7ppg.cloudfront.net/docs/icons/cost/01.png","","Chant","","狛蜜ザキ","The Moon Priestess Returns","","""That's my win!"" - Fiethsing, the Magus of Holy Wind","The Moon Priestess Returns"
"http://www.fowtcg.com/card/1484","Familiar of Holy Wind","http://d12h0em1d7ppg.cloudfront.net/items/14/1484/image_en/1485245216.jpg","MPR-061","C","http://d12h0em1d7ppg.cloudfront.net/docs/icons/green.png","200 / 200","Resonator","Familiar/Cat","佐久間さのすけ","The Moon Priestess Returns","Activate
[G], banish this card: This card deals 300 damage to target resonator.","When Familiar of Holy Wind was called upon, Fiethsing sent him to Kaguya.","The Moon Priestess Returns"
"http://www.fowtcg.com/card/1485","Fiethsing, the Magus of Holy Wind","http://d12h0em1d7ppg.cloudfront.net/items/14/1485/image_en/1485245218.jpg","MPR-062","SR","http://d12h0em1d7ppg.cloudfront.net/docs/icons/green.png","500 / 700","Resonator","Elf/Six Sages","狛蜜ザキ","The Moon Priestess Returns","Activate
[rest]: Produce one will of any attribute.","Wind is freedom, no matter where.","The Moon Priestess Returns"
"http://www.fowtcg.com/card/1485","Fiethsing, the Magus of Holy Wind","http://d12h0em1d7ppg.cloudfront.net/items/14/1485/image_en/1485245218.jpg","MPR-062","SR","http://d12h0em1d7ppg.cloudfront.net/docs/icons/green.png","500 / 700","Resonator","Elf/Six Sages","狛蜜ザキ","The Moon Priestess Returns","Activate
[rest]: Produce one will of any attribute.","Wind is freedom, no matter where.","The Moon Priestess Returns"
"http://www.fowtcg.com/card/1485","Fiethsing, the Magus of Holy Wind","http://d12h0em1d7ppg.cloudfront.net/items/14/1485/image_en/1485245218.jpg","MPR-062","SR","http://d12h0em1d7ppg.cloudfront.net/docs/icons/cost/01.png","500 / 700","Resonator","Elf/Six Sages","狛蜜ザキ","The Moon Priestess Returns","Activate
[rest]: Produce one will of any attribute.","Wind is freedom, no matter where.","The Moon Priestess Returns"
"http://www.fowtcg.com/card/1486","Flying Carpet","http://d12h0em1d7ppg.cloudfront.net/items/14/1486/image_en/1485245219.jpg","MPR-063","C","http://d12h0em1d7ppg.cloudfront.net/docs/icons/green.png","","Addition: Resonator","Arcane Item","上木乃アロエ","The Moon Priestess Returns","Continuous
Added resonator gains [Flying].","People who bought this rejoiced greatly. At least till after they rode it once, realizing it would have never touched the ground again.","The Moon Priestess Returns"
"http://www.fowtcg.com/card/1487","Liberator of Wind","http://d12h0em1d7ppg.cloudfront.net/items/14/1487/image_en/1485245221.jpg","MPR-064","R","","","Ruler","Human","乃希","The Moon Priestess Returns","Judgement
[1][G][G].","The talk passes swiftly through the night.","The Moon Priestess Returns"
"http://www.fowtcg.com/card/1488","Scheherazade, the Teller of 1001 Stories","http://d12h0em1d7ppg.cloudfront.net/items/14/1488/image_en/1485245223.jpg","MPR-064J","JR","","700 / 800","J-Ruler","Wanderer","乃希","The Moon Priestess Returns","Activate
[rest]: Draw two cards if you have no cards in your hand.","""If?the story?is?shaped by?one in this current time, who?would?say?this?world?that?we live?is not a?story?that was already?written?""","The Moon Priestess Returns"
"http://www.fowtcg.com/card/1489","Morgiana, the Wise Servant","http://d12h0em1d7ppg.cloudfront.net/items/14/1489/image_en/1485245224.jpg","MPR-065","U","http://d12h0em1d7ppg.cloudfront.net/docs/icons/green.png","300 / 300","Resonator","Story/Human","j-peg","The Moon Priestess Returns","Continuous
If you would draw a card in a phase other than draw phase, you may look at the top three cards of your deck, put one of them into your hand and the rest on the bottom of your deck in any order instead.","""Bettering that which is before you is as important as changing the world.""","The Moon Priestess Returns"
"http://www.fowtcg.com/card/1490","Open Sesame","http://d12h0em1d7ppg.cloudfront.net/items/14/1490/image_en/1485245226.jpg","MPR-066","C","http://d12h0em1d7ppg.cloudfront.net/docs/icons/green.png","","Chant","","白野椋","The Moon Priestess Returns","","When you open the door of the rock, there had been sleeping treasure of countless numbers.","The Moon Priestess Returns"
"http://www.fowtcg.com/card/1490","Open Sesame","http://d12h0em1d7ppg.cloudfront.net/items/14/1490/image_en/1485245226.jpg","MPR-066","C","http://d12h0em1d7ppg.cloudfront.net/docs/icons/green.png","","Chant","","白野椋","The Moon Priestess Returns","","When you open the door of the rock, there had been sleeping treasure of countless numbers.","The Moon Priestess Returns"
"http://www.fowtcg.com/card/1491","Rukh","http://d12h0em1d7ppg.cloudfront.net/items/14/1491/image_en/1485245233.jpg","MPR-067","C","http://d12h0em1d7ppg.cloudfront.net/docs/icons/green.png","300 / 300","Resonator","Bird","Nagiにゃん","The Moon Priestess Returns","","In either world, birds can do nothing but fly.","The Moon Priestess Returns"
"http://www.fowtcg.com/card/1492","Sinbad, the Windrider Merchant","http://d12h0em1d7ppg.cloudfront.net/items/14/1492/image_en/1485245235.jpg","MPR-068","SR","http://d12h0em1d7ppg.cloudfront.net/docs/icons/green.png","600 / 600","Resonator","Story/Human","touge369","The Moon Priestess Returns","Continuous
If you would draw a card in a phase other than draw phase, you may skip drawing it instead.
When you skip drawing a card this way ⇒ Choose one -
this card deals 300 damage to target resonator;
target resonator gains [+400/+400] until end of turn;
or destroy target addition.","Business is to have many choices. This is his theory.","The Moon Priestess Returns"
"http://www.fowtcg.com/card/1492","Sinbad, the Windrider Merchant","http://d12h0em1d7ppg.cloudfront.net/items/14/1492/image_en/1485245235.jpg","MPR-068","SR","http://d12h0em1d7ppg.cloudfront.net/docs/icons/green.png","600 / 600","Resonator","Story/Human","touge369","The Moon Priestess Returns","Continuous
If you would draw a card in a phase other than draw phase, you may skip drawing it instead.
When you skip drawing a card this way ⇒ Choose one -
this card deals 300 damage to target resonator;
target resonator gains [+400/+400] until end of turn;
or destroy target addition.","Business is to have many choices. This is his theory.","The Moon Priestess Returns"
"http://www.fowtcg.com/card/1493","Stories Told in 1001 Nights","http://d12h0em1d7ppg.cloudfront.net/items/14/1493/image_en/1485245237.jpg","MPR-069","R","http://d12h0em1d7ppg.cloudfront.net/docs/icons/green.png","","Chant","","猫囃子","The Moon Priestess Returns","","Those that hear of these stories will be captivated for countless nights on end.","The Moon Priestess Returns"
"http://www.fowtcg.com/card/1493","Stories Told in 1001 Nights","http://d12h0em1d7ppg.cloudfront.net/items/14/1493/image_en/1485245237.jpg","MPR-069","R","http://d12h0em1d7ppg.cloudfront.net/docs/icons/green.png","","Chant","","猫囃子","The Moon Priestess Returns","","Those that hear of these stories will be captivated for countless nights on end.","The Moon Priestess Returns"
"http://www.fowtcg.com/card/1493","Stories Told in 1001 Nights","http://d12h0em1d7ppg.cloudfront.net/items/14/1493/image_en/1485245237.jpg","MPR-069","R","http://d12h0em1d7ppg.cloudfront.net/docs/icons/green.png","","Chant","","猫囃子","The Moon Priestess Returns","","Those that hear of these stories will be captivated for countless nights on end.","The Moon Priestess Returns"
"http://www.fowtcg.com/card/1494","Survivor of Heaven Castle","http://d12h0em1d7ppg.cloudfront.net/items/14/1494/image_en/1485245238.jpg","MPR-070","C","http://d12h0em1d7ppg.cloudfront.net/docs/icons/green.png","400 / 400","Resonator","Ancient","見田","The Moon Priestess Returns","Automatic
Whenever this card blocks or is blocked ⇒ It gains [+300/+300] until end of turn.","The end of future moved from the battle in the sky toward the battle in the space.","The Moon Priestess Returns"
"http://www.fowtcg.com/card/1494","Survivor of Heaven Castle","http://d12h0em1d7ppg.cloudfront.net/items/14/1494/image_en/1485245238.jpg","MPR-070","C","http://d12h0em1d7ppg.cloudfront.net/docs/icons/green.png","400 / 400","Resonator","Ancient","見田","The Moon Priestess Returns","Automatic
Whenever this card blocks or is blocked ⇒ It gains [+300/+300] until end of turn.","The end of future moved from the battle in the sky toward the battle in the space.","The Moon Priestess Returns"
"http://www.fowtcg.com/card/1495","Wind Dagger","http://d12h0em1d7ppg.cloudfront.net/items/14/1495/image_en/1485245239.jpg","MPR-071","C","http://d12h0em1d7ppg.cloudfront.net/docs/icons/green.png","","Addition ：Resonator","Weapon","Cola","The Moon Priestess Returns","Activate
[G], banish this card: This card deals 300 damage to target resonator.","""Hey, I will give you that. It would be a waste if you died from now on!"" - Sinbad, the Windrider Merchant","The Moon Priestess Returns"
"http://www.fowtcg.com/card/1496","Wiseman of Winds","http://d12h0em1d7ppg.cloudfront.net/items/14/1496/image_en/1485245241.jpg","MPR-072","U","http://d12h0em1d7ppg.cloudfront.net/docs/icons/green.png","800 / 600","Resonator","Elf","もぐも","The Moon Priestess Returns","Automatic
[Enter] Banish this card if you don't control another Elf.","After the sky castle fell to the ground, elves who lived there gathered around Fiethsing, waiting for the time of the battle.","The Moon Priestess Returns"
"http://www.fowtcg.com/card/1496","Wiseman of Winds","http://d12h0em1d7ppg.cloudfront.net/items/14/1496/image_en/1485245241.jpg","MPR-072","U","http://d12h0em1d7ppg.cloudfront.net/docs/icons/cost/01.png","800 / 600","Resonator","Elf","もぐも","The Moon Priestess Returns","Automatic
[Enter] Banish this card if you don't control another Elf.","After the sky castle fell to the ground, elves who lived there gathered around Fiethsing, waiting for the time of the battle.","The Moon Priestess Returns"
"http://www.fowtcg.com/card/1497","Acolyte of Darkness","http://d12h0em1d7ppg.cloudfront.net/items/14/1497/image_en/1485245242.jpg","MPR-073","C","http://d12h0em1d7ppg.cloudfront.net/docs/icons/dark.png","400 / 400","Resonator","Human","tokiwa","The Moon Priestess Returns","Automatic
When this card is banished by [Incarnation] ⇒ You may pay 400 life. If you do, draw a card.","Prayer is essential. Offerings are up to God.","The Moon Priestess Returns"
"http://www.fowtcg.com/card/1497","Acolyte of Darkness","http://d12h0em1d7ppg.cloudfront.net/items/14/1497/image_en/1485245242.jpg","MPR-073","C","http://d12h0em1d7ppg.cloudfront.net/docs/icons/cost/01.png","400 / 400","Resonator","Human","tokiwa","The Moon Priestess Returns","Automatic
When this card is banished by [Incarnation] ⇒ You may pay 400 life. If you do, draw a card.","Prayer is essential. Offerings are up to God.","The Moon Priestess Returns"
"http://www.fowtcg.com/card/1498","Awakening at the End","http://d12h0em1d7ppg.cloudfront.net/items/14/1498/image_en/1485245246.jpg","MPR-074","R","http://d12h0em1d7ppg.cloudfront.net/docs/icons/dark.png","","Chant","","おつまみ","The Moon Priestess Returns","","When Cthulhu manifested, the force of wind, that is soft wind to him, extinguished many villages from this world.","The Moon Priestess Returns"
"http://www.fowtcg.com/card/1498","Awakening at the End","http://d12h0em1d7ppg.cloudfront.net/items/14/1498/image_en/1485245246.jpg","MPR-074","R","http://d12h0em1d7ppg.cloudfront.net/docs/icons/dark.png","","Chant","","おつまみ","The Moon Priestess Returns","","When Cthulhu manifested, the force of wind, that is soft wind to him, extinguished many villages from this world.","The Moon Priestess Returns"
"http://www.fowtcg.com/card/1498","Awakening at the End","http://d12h0em1d7ppg.cloudfront.net/items/14/1498/image_en/1485245246.jpg","MPR-074","R","http://d12h0em1d7ppg.cloudfront.net/docs/icons/cost/02.png","","Chant","","おつまみ","The Moon Priestess Returns","","When Cthulhu manifested, the force of wind, that is soft wind to him, extinguished many villages from this world.","The Moon Priestess Returns"
"http://www.fowtcg.com/card/1499","Bind of Gravity","http://d12h0em1d7ppg.cloudfront.net/items/14/1499/image_en/1485245247.jpg","MPR-075","C","http://d12h0em1d7ppg.cloudfront.net/docs/icons/dark.png","","Addition: Resonator","","おつまみ","The Moon Priestess Returns","Activate
[3]: Recover added resonator.","""Shut up, kids!"" - Zero, the Magus of Null","The Moon Priestess Returns"
"http://www.fowtcg.com/card/1500","Black Miasma","http://d12h0em1d7ppg.cloudfront.net/items/15/1500/image_en/1485245249.jpg","MPR-076","C","http://d12h0em1d7ppg.cloudfront.net/docs/icons/dark.png","","Chant","","kawaryu","The Moon Priestess Returns","","Though toxic to some, it is food to others.","The Moon Priestess Returns"
"http://www.fowtcg.com/card/1501","Black Moon","http://d12h0em1d7ppg.cloudfront.net/items/15/1501/image_en/1485245250.jpg","MPR-077","U","http://d12h0em1d7ppg.cloudfront.net/docs/icons/dark.png","","Addition: Field","Moon","松本エイト","The Moon Priestess Returns","Automatic
When this card is put into a graveyard from your field ⇒ You lose 1000 life.","From the Black Moon, dark life is born.","The Moon Priestess Returns"
"http://www.fowtcg.com/card/1501","Black Moon","http://d12h0em1d7ppg.cloudfront.net/items/15/1501/image_en/1485245250.jpg","MPR-077","U","http://d12h0em1d7ppg.cloudfront.net/docs/icons/dark.png","","Addition: Field","Moon","松本エイト","The Moon Priestess Returns","Automatic
When this card is put into a graveyard from your field ⇒ You lose 1000 life.","From the Black Moon, dark life is born.","The Moon Priestess Returns"
"http://www.fowtcg.com/card/1501","Black Moon","http://d12h0em1d7ppg.cloudfront.net/items/15/1501/image_en/1485245250.jpg","MPR-077","U","http://d12h0em1d7ppg.cloudfront.net/docs/icons/cost/02.png","","Addition: Field","Moon","松本エイト","The Moon Priestess Returns","Automatic
When this card is put into a graveyard from your field ⇒ You lose 1000 life.","From the Black Moon, dark life is born.","The Moon Priestess Returns"
"http://www.fowtcg.com/card/1502","Byakhee, the Winged Lady","http://d12h0em1d7ppg.cloudfront.net/items/15/1502/image_en/1485245251.jpg","MPR-078","R","http://d12h0em1d7ppg.cloudfront.net/docs/icons/dark.png","900 / 900","Resonator","Cthulhu","kakotomirai","The Moon Priestess Returns","Activate
[rest]: Target resonator gains [+900/+900] and [Flying] until end of turn. When that resonator is destroyed this turn ⇒ Banish this card.","""If I get concious, I was riding on this. It was too fast."" - Sinbad, the Windrider Merchant","The Moon Priestess Returns"
"http://www.fowtcg.com/card/1502","Byakhee, the Winged Lady","http://d12h0em1d7ppg.cloudfront.net/items/15/1502/image_en/1485245251.jpg","MPR-078","R","http://d12h0em1d7ppg.cloudfront.net/docs/icons/dark.png","900 / 900","Resonator","Cthulhu","kakotomirai","The Moon Priestess Returns","Activate
[rest]: Target resonator gains [+900/+900] and [Flying] until end of turn. When that resonator is destroyed this turn ⇒ Banish this card.","""If I get concious, I was riding on this. It was too fast."" - Sinbad, the Windrider Merchant","The Moon Priestess Returns"
"http://www.fowtcg.com/card/1502","Byakhee, the Winged Lady","http://d12h0em1d7ppg.cloudfront.net/items/15/1502/image_en/1485245251.jpg","MPR-078","R","http://d12h0em1d7ppg.cloudfront.net/docs/icons/cost/03.png","900 / 900","Resonator","Cthulhu","kakotomirai","The Moon Priestess Returns","Activate
[rest]: Target resonator gains [+900/+900] and [Flying] until end of turn. When that resonator is destroyed this turn ⇒ Banish this card.","""If I get concious, I was riding on this. It was too fast."" - Sinbad, the Windrider Merchant","The Moon Priestess Returns"
"http://www.fowtcg.com/card/1503","Call of Cthulhu","http://d12h0em1d7ppg.cloudfront.net/items/15/1503/image_en/1485245252.jpg","MPR-079","C","http://d12h0em1d7ppg.cloudfront.net/docs/icons/dark.png","","Chant","","スギカワタクミ","The Moon Priestess Returns","","The more we defeat them, the larger their voice becomes.","The Moon Priestess Returns"
"http://www.fowtcg.com/card/1503","Call of Cthulhu","http://d12h0em1d7ppg.cloudfront.net/items/15/1503/image_en/1485245252.jpg","MPR-079","C","http://d12h0em1d7ppg.cloudfront.net/docs/icons/cost/01.png","","Chant","","スギカワタクミ","The Moon Priestess Returns","","The more we defeat them, the larger their voice becomes.","The Moon Priestess Returns"
"http://www.fowtcg.com/card/1504","Fiend of Dark Pyre","http://d12h0em1d7ppg.cloudfront.net/items/15/1504/image_en/1485245254.jpg","MPR-080","R","","","Ruler","Fiend","Mad","The Moon Priestess Returns","Judgement
[0]. Play this ability only if you put a Cthulhu into a field this turn.","""Hehe...lie is end.""","The Moon Priestess Returns"
"http://www.fowtcg.com/card/1505","Nyarlathotep, the Faceless God","http://d12h0em1d7ppg.cloudfront.net/items/15/1505/image_en/1485245261.jpg","MPR-080J","JR","","/ 1200","J-Ruler","Cthulhu","Mad","The Moon Priestess Returns","Continuous
This card's ATK is equal to total ATK of Cthulhu resonators you control.","The being without self. What you perceive may transform into a nightmare.","The Moon Priestess Returns"
"http://www.fowtcg.com/card/1506","Hyde, the Chaos","http://d12h0em1d7ppg.cloudfront.net/items/15/1506/image_en/1485245262.jpg","MPR-081","U","http://d12h0em1d7ppg.cloudfront.net/docs/icons/dark.png","500 / 500","Resonator","Human","みえ","The Moon Priestess Returns","Activate
[W], banish this card: Search your deck for a card named ""Jekyll, the Order"" and put it into your field. This triggers its [Enter] ability. Then shuffle your deck.","""The liberation from oppression! Awesome!""","The Moon Priestess Returns"
"http://www.fowtcg.com/card/1506","Hyde, the Chaos","http://d12h0em1d7ppg.cloudfront.net/items/15/1506/image_en/1485245262.jpg","MPR-081","U","http://d12h0em1d7ppg.cloudfront.net/docs/icons/dark.png","500 / 500","Resonator","Human","みえ","The Moon Priestess Returns","Activate
[W], banish this card: Search your deck for a card named ""Jekyll, the Order"" and put it into your field. This triggers its [Enter] ability. Then shuffle your deck.","""The liberation from oppression! Awesome!""","The Moon Priestess Returns"
"http://www.fowtcg.com/card/1507","King in Yellow","http://d12h0em1d7ppg.cloudfront.net/items/15/1507/image_en/1485245263.jpg","MPR-082","C","http://d12h0em1d7ppg.cloudfront.net/docs/icons/dark.png","400 / 400","Resonator","Cthulhu/Avatar","Moopic","The Moon Priestess Returns","Automatic
When this card is put into a graveyard from your field ⇒ Search your deck for a card named ""King in Yellow"", reveal it and put it into your hand. Then shuffle your deck.","After the birth of the Black Moon, just the sound of rustling leaves was enough to scare most people.","The Moon Priestess Returns"
"http://www.fowtcg.com/card/1507","King in Yellow","http://d12h0em1d7ppg.cloudfront.net/items/15/1507/image_en/1485245263.jpg","MPR-082","C","http://d12h0em1d7ppg.cloudfront.net/docs/icons/cost/01.png","400 / 400","Resonator","Cthulhu/Avatar","Moopic","The Moon Priestess Returns","Automatic
When this card is put into a graveyard from your field ⇒ Search your deck for a card named ""King in Yellow"", reveal it and put it into your hand. Then shuffle your deck.","After the birth of the Black Moon, just the sound of rustling leaves was enough to scare most people.","The Moon Priestess Returns"
"http://www.fowtcg.com/card/1508","Phantasm of Void","http://d12h0em1d7ppg.cloudfront.net/items/15/1508/image_en/1485245264.jpg","MPR-083","C","http://d12h0em1d7ppg.cloudfront.net/docs/icons/dark.png","300 / 300","Resonator","Fantasy","Cola","The Moon Priestess Returns","Continuous
If you control ""Zero, the Magus of Null"", you may pay [B] less to play this card.","""And there is no end ...... It never ends!"" - Fiethsing, the Magus of Holy Wind","The Moon Priestess Returns"
"http://www.fowtcg.com/card/1509","Shantak","http://d12h0em1d7ppg.cloudfront.net/items/15/1509/image_en/1485245266.jpg","MPR-084","C","http://d12h0em1d7ppg.cloudfront.net/docs/icons/dark.png","200 / 200","Resonator","Cthulhu","森野ヒロ","The Moon Priestess Returns","Automatic
When this card is put into a graveyard from your field ⇒ You may discard a card. If you do, put this card from your graveyard into your hand.","The people of the ground did not have the concept that there are birds that fly in space with no wind.","The Moon Priestess Returns"
"http://www.fowtcg.com/card/1510","Sheharyar, the Distrust King","http://d12h0em1d7ppg.cloudfront.net/items/15/1510/image_en/1485245267.jpg","MPR-085","U","http://d12h0em1d7ppg.cloudfront.net/docs/icons/dark.png","900 / 700","Resonator","Nightmare/Human","Mz.縞","The Moon Priestess Returns","Automatic
At the end of your turn ⇒ If no resonator you control attacked this turn, banish another resonator.","""Doubt will be punished"" he says. And he doubts everything in this world.","The Moon Priestess Returns"
"http://www.fowtcg.com/card/1510","Sheharyar, the Distrust King","http://d12h0em1d7ppg.cloudfront.net/items/15/1510/image_en/1485245267.jpg","MPR-085","U","http://d12h0em1d7ppg.cloudfront.net/docs/icons/cost/02.png","900 / 700","Resonator","Nightmare/Human","Mz.縞","The Moon Priestess Returns","Automatic
At the end of your turn ⇒ If no resonator you control attacked this turn, banish another resonator.","""Doubt will be punished"" he says. And he doubts everything in this world.","The Moon Priestess Returns"
"http://www.fowtcg.com/card/1511","Shining Trapezohedron","http://d12h0em1d7ppg.cloudfront.net/items/15/1511/image_en/1485245269.jpg","MPR-086","R","http://d12h0em1d7ppg.cloudfront.net/docs/icons/dark.png","","Addition: Field","Relic","tokiwa","The Moon Priestess Returns","Activate
[B], banish this card: Put the top five cards of your deck into your graveyard.","Beaming with such a brilliant light.","The Moon Priestess Returns"
"http://www.fowtcg.com/card/1511","Shining Trapezohedron","http://d12h0em1d7ppg.cloudfront.net/items/15/1511/image_en/1485245269.jpg","MPR-086","R","http://d12h0em1d7ppg.cloudfront.net/docs/icons/cost/01.png","","Addition: Field","Relic","tokiwa","The Moon Priestess Returns","Activate
[B], banish this card: Put the top five cards of your deck into your graveyard.","Beaming with such a brilliant light.","The Moon Priestess Returns"
"http://www.fowtcg.com/card/1512","Void Blast","http://d12h0em1d7ppg.cloudfront.net/items/15/1512/image_en/1485245272.jpg","MPR-087","U","http://d12h0em1d7ppg.cloudfront.net/docs/icons/dark.png","","Chant","","おつまみ","The Moon Priestess Returns","","""Do you have any regrets? Relax,?I'll?erase?all?the?thoughts.""?-?Zero, the Magus of Null","The Moon Priestess Returns"
"http://www.fowtcg.com/card/1512","Void Blast","http://d12h0em1d7ppg.cloudfront.net/items/15/1512/image_en/1485245272.jpg","MPR-087","U","http://d12h0em1d7ppg.cloudfront.net/docs/icons/dark.png","","Chant","","おつまみ","The Moon Priestess Returns","","""Do you have any regrets? Relax,?I'll?erase?all?the?thoughts.""?-?Zero, the Magus of Null","The Moon Priestess Returns"
"http://www.fowtcg.com/card/1512","Void Blast","http://d12h0em1d7ppg.cloudfront.net/items/15/1512/image_en/1485245272.jpg","MPR-087","U","http://d12h0em1d7ppg.cloudfront.net/docs/icons/cost/01.png","","Chant","","おつまみ","The Moon Priestess Returns","","""Do you have any regrets? Relax,?I'll?erase?all?the?thoughts.""?-?Zero, the Magus of Null","The Moon Priestess Returns"
"http://www.fowtcg.com/card/1513","Yellow Sign","http://d12h0em1d7ppg.cloudfront.net/items/15/1513/image_en/1485245273.jpg","MPR-088","C","http://d12h0em1d7ppg.cloudfront.net/docs/icons/dark.png","","Addition: Resonator","","Moopic","The Moon Priestess Returns","Automatic
At the end of turn ⇒ This card deals 300 damage to added resonator's controller.","The sign: soul under a spell.","The Moon Priestess Returns"
"http://www.fowtcg.com/card/1513","Yellow Sign","http://d12h0em1d7ppg.cloudfront.net/items/15/1513/image_en/1485245273.jpg","MPR-088","C","http://d12h0em1d7ppg.cloudfront.net/docs/icons/cost/01.png","","Addition: Resonator","","Moopic","The Moon Priestess Returns","Automatic
At the end of turn ⇒ This card deals 300 damage to added resonator's controller.","The sign: soul under a spell.","The Moon Priestess Returns"
"http://www.fowtcg.com/card/1514","Yog-Sothoth, the Dark Myth","http://d12h0em1d7ppg.cloudfront.net/items/15/1514/image_en/1485245275.jpg","MPR-089","SR","http://d12h0em1d7ppg.cloudfront.net/docs/icons/dark.png","1500 / 1500","Resonator","Cthulhu","douzen","The Moon Priestess Returns","Automatic
[Enter] Destroy all resonators with total cost 2 or less.","Those that are weak cannot see what is taking shape.","The Moon Priestess Returns"
"http://www.fowtcg.com/card/1514","Yog-Sothoth, the Dark Myth","http://d12h0em1d7ppg.cloudfront.net/items/15/1514/image_en/1485245275.jpg","MPR-089","SR","http://d12h0em1d7ppg.cloudfront.net/docs/icons/dark.png","1500 / 1500","Resonator","Cthulhu","douzen","The Moon Priestess Returns","Automatic
[Enter] Destroy all resonators with total cost 2 or less.","Those that are weak cannot see what is taking shape.","The Moon Priestess Returns"
"http://www.fowtcg.com/card/1514","Yog-Sothoth, the Dark Myth","http://d12h0em1d7ppg.cloudfront.net/items/15/1514/image_en/1485245275.jpg","MPR-089","SR","http://d12h0em1d7ppg.cloudfront.net/docs/icons/dark.png","1500 / 1500","Resonator","Cthulhu","douzen","The Moon Priestess Returns","Automatic
[Enter] Destroy all resonators with total cost 2 or less.","Those that are weak cannot see what is taking shape.","The Moon Priestess Returns"
"http://www.fowtcg.com/card/1514","Yog-Sothoth, the Dark Myth","http://d12h0em1d7ppg.cloudfront.net/items/15/1514/image_en/1485245275.jpg","MPR-089","SR","http://d12h0em1d7ppg.cloudfront.net/docs/icons/cost/05.png","1500 / 1500","Resonator","Cthulhu","douzen","The Moon Priestess Returns","Automatic
[Enter] Destroy all resonators with total cost 2 or less.","Those that are weak cannot see what is taking shape.","The Moon Priestess Returns"
"http://www.fowtcg.com/card/1515","Zero, the Magus of Null","http://d12h0em1d7ppg.cloudfront.net/items/15/1515/image_en/1485245276.jpg","MPR-090","SR","http://d12h0em1d7ppg.cloudfront.net/docs/icons/dark.png","700 / 500","Resonator","Human/Six Sages","lack","The Moon Priestess Returns","Automatic
[Enter] Resonators your opponent controls gain [-200/-200] and lose [Flying] until end of turn.","""Zero, at the very least, I'll kill you..."" - Fiethsing, the Magus of Holy Wind","The Moon Priestess Returns"
"http://www.fowtcg.com/card/1515","Zero, the Magus of Null","http://d12h0em1d7ppg.cloudfront.net/items/15/1515/image_en/1485245276.jpg","MPR-090","SR","http://d12h0em1d7ppg.cloudfront.net/docs/icons/dark.png","700 / 500","Resonator","Human/Six Sages","lack","The Moon Priestess Returns","Automatic
[Enter] Resonators your opponent controls gain [-200/-200] and lose [Flying] until end of turn.","""Zero, at the very least, I'll kill you..."" - Fiethsing, the Magus of Holy Wind","The Moon Priestess Returns"
"http://www.fowtcg.com/card/1515","Zero, the Magus of Null","http://d12h0em1d7ppg.cloudfront.net/items/15/1515/image_en/1485245276.jpg","MPR-090","SR","http://d12h0em1d7ppg.cloudfront.net/docs/icons/cost/01.png","700 / 500","Resonator","Human/Six Sages","lack","The Moon Priestess Returns","Automatic
[Enter] Resonators your opponent controls gain [-200/-200] and lose [Flying] until end of turn.","""Zero, at the very least, I'll kill you..."" - Fiethsing, the Magus of Holy Wind","The Moon Priestess Returns"
"http://www.fowtcg.com/card/1516","Alice, the Guardian of Dimensions","http://d12h0em1d7ppg.cloudfront.net/items/15/1516/image_en/1485245278.jpg","MPR-091","R","http://d12h0em1d7ppg.cloudfront.net/docs/icons/white.png","700 / 700","Resonator","Wanderer/Human","Wednesday","The Moon Priestess Returns","Activate
[W], [rest]: Remove this card and target resonator from the game.","""The apparence of Blazer means his return. You there... I defend this dimension. I won't let him mess around.""","The Moon Priestess Returns"
"http://www.fowtcg.com/card/1516","Alice, the Guardian of Dimensions","http://d12h0em1d7ppg.cloudfront.net/items/15/1516/image_en/1485245278.jpg","MPR-091","R","http://d12h0em1d7ppg.cloudfront.net/docs/icons/blue.png","700 / 700","Resonator","Wanderer/Human","Wednesday","The Moon Priestess Returns","Activate
[W], [rest]: Remove this card and target resonator from the game.","""The apparence of Blazer means his return. You there... I defend this dimension. I won't let him mess around.""","The Moon Priestess Returns"
"http://www.fowtcg.com/card/1516","Alice, the Guardian of Dimensions","http://d12h0em1d7ppg.cloudfront.net/items/15/1516/image_en/1485245278.jpg","MPR-091","R","http://d12h0em1d7ppg.cloudfront.net/docs/icons/cost/01.png","700 / 700","Resonator","Wanderer/Human","Wednesday","The Moon Priestess Returns","Activate
[W], [rest]: Remove this card and target resonator from the game.","""The apparence of Blazer means his return. You there... I defend this dimension. I won't let him mess around.""","The Moon Priestess Returns"
"http://www.fowtcg.com/card/1517","Apollobreak, the Moon Blast","http://d12h0em1d7ppg.cloudfront.net/items/15/1517/image_en/1485245280.jpg","MPR-092","R","http://d12h0em1d7ppg.cloudfront.net/docs/icons/white.png","","Chant","","長崎祐子","The Moon Priestess Returns","","""This is... the end."" - Kaguya, the Immortal Princess","The Moon Priestess Returns"
"http://www.fowtcg.com/card/1517","Apollobreak, the Moon Blast","http://d12h0em1d7ppg.cloudfront.net/items/15/1517/image_en/1485245280.jpg","MPR-092","R","http://d12h0em1d7ppg.cloudfront.net/docs/icons/blue.png","","Chant","","長崎祐子","The Moon Priestess Returns","","""This is... the end."" - Kaguya, the Immortal Princess","The Moon Priestess Returns"
"http://www.fowtcg.com/card/1518","Flame of Outer World","http://d12h0em1d7ppg.cloudfront.net/items/15/1518/image_en/1485245282.jpg","MPR-093","R","http://d12h0em1d7ppg.cloudfront.net/docs/icons/red.png","","Chant","","小泉哲哉","The Moon Priestess Returns","","Flame of Outer World lost the sight of anyone eyes.","The Moon Priestess Returns"
"http://www.fowtcg.com/card/1518","Flame of Outer World","http://d12h0em1d7ppg.cloudfront.net/items/15/1518/image_en/1485245282.jpg","MPR-093","R","http://d12h0em1d7ppg.cloudfront.net/docs/icons/dark.png","","Chant","","小泉哲哉","The Moon Priestess Returns","","Flame of Outer World lost the sight of anyone eyes.","The Moon Priestess Returns"
"http://www.fowtcg.com/card/1519","Gherta, the Tear of Passion","http://d12h0em1d7ppg.cloudfront.net/items/15/1519/image_en/1485245283.jpg","MPR-094","R","http://d12h0em1d7ppg.cloudfront.net/docs/icons/red.png","600 / 600","Resonator","Fairy Tale/Human","石商","The Moon Priestess Returns","Activate
Remove a counter from a card you control: This card gains [Swiftness], [Flying] or [Precision] until end of turn.","The tears thawed the frozen heart in an instant.","The Moon Priestess Returns"
"http://www.fowtcg.com/card/1519","Gherta, the Tear of Passion","http://d12h0em1d7ppg.cloudfront.net/items/15/1519/image_en/1485245283.jpg","MPR-094","R","http://d12h0em1d7ppg.cloudfront.net/docs/icons/blue.png","600 / 600","Resonator","Fairy Tale/Human","石商","The Moon Priestess Returns","Activate
Remove a counter from a card you control: This card gains [Swiftness], [Flying] or [Precision] until end of turn.","The tears thawed the frozen heart in an instant.","The Moon Priestess Returns"
"http://www.fowtcg.com/card/1520","Giovanni, the Lonely Child","http://d12h0em1d7ppg.cloudfront.net/items/15/1520/image_en/1485245284.jpg","MPR-095","R","http://d12h0em1d7ppg.cloudfront.net/docs/icons/blue.png","600 / 600","Resonator","Human","ひがし","The Moon Priestess Returns","Automatic
[Enter] If you don't control other resonators, search your deck for a card named ""Campanella, the Milky Way Moon"", reveal it and put it into your hand. Then shuffle your deck.","The boy on top of the hill had been thinking to the starry sky.","The Moon Priestess Returns"
"http://www.fowtcg.com/card/1520","Giovanni, the Lonely Child","http://d12h0em1d7ppg.cloudfront.net/items/15/1520/image_en/1485245284.jpg","MPR-095","R","http://d12h0em1d7ppg.cloudfront.net/docs/icons/green.png","600 / 600","Resonator","Human","ひがし","The Moon Priestess Returns","Automatic
[Enter] If you don't control other resonators, search your deck for a card named ""Campanella, the Milky Way Moon"", reveal it and put it into your hand. Then shuffle your deck.","The boy on top of the hill had been thinking to the starry sky.","The Moon Priestess Returns"
"http://www.fowtcg.com/card/1521","Hastur, the Unspeakable","http://d12h0em1d7ppg.cloudfront.net/items/15/1521/image_en/1485245286.jpg","MPR-096","R","http://d12h0em1d7ppg.cloudfront.net/docs/icons/red.png","700 / 500","Resonator","Cthulhu","白倉敬造","The Moon Priestess Returns","Automatic
[Enter] Destroy target resonator with no addition.","Wind, corrupted by darkenss and fire, will erase humankind.","The Moon Priestess Returns"
"http://www.fowtcg.com/card/1521","Hastur, the Unspeakable","http://d12h0em1d7ppg.cloudfront.net/items/15/1521/image_en/1485245286.jpg","MPR-096","R","http://d12h0em1d7ppg.cloudfront.net/docs/icons/dark.png","700 / 500","Resonator","Cthulhu","白倉敬造","The Moon Priestess Returns","Automatic
[Enter] Destroy target resonator with no addition.","Wind, corrupted by darkenss and fire, will erase humankind.","The Moon Priestess Returns"
"http://www.fowtcg.com/card/1521","Hastur, the Unspeakable","http://d12h0em1d7ppg.cloudfront.net/items/15/1521/image_en/1485245286.jpg","MPR-096","R","http://d12h0em1d7ppg.cloudfront.net/docs/icons/cost/02.png","700 / 500","Resonator","Cthulhu","白倉敬造","The Moon Priestess Returns","Automatic
[Enter] Destroy target resonator with no addition.","Wind, corrupted by darkenss and fire, will erase humankind.","The Moon Priestess Returns"
"http://www.fowtcg.com/card/1522","Seth, the Arbiter","http://d12h0em1d7ppg.cloudfront.net/items/15/1522/image_en/1485245287.jpg","MPR-097","R","http://d12h0em1d7ppg.cloudfront.net/docs/icons/white.png","600 / 600","Resonator","Human","ケルビン","The Moon Priestess Returns","Automatic
Whenever a resonator is put into a graveyard from your opponent's field ⇒ Put target resonator from your graveyard into your hand.","He was always sad and glad.","The Moon Priestess Returns"
"http://www.fowtcg.com/card/1522","Seth, the Arbiter","http://d12h0em1d7ppg.cloudfront.net/items/15/1522/image_en/1485245287.jpg","MPR-097","R","http://d12h0em1d7ppg.cloudfront.net/docs/icons/dark.png","600 / 600","Resonator","Human","ケルビン","The Moon Priestess Returns","Automatic
Whenever a resonator is put into a graveyard from your opponent's field ⇒ Put target resonator from your graveyard into your hand.","He was always sad and glad.","The Moon Priestess Returns"
"http://www.fowtcg.com/card/1522","Seth, the Arbiter","http://d12h0em1d7ppg.cloudfront.net/items/15/1522/image_en/1485245287.jpg","MPR-097","R","http://d12h0em1d7ppg.cloudfront.net/docs/icons/cost/01.png","600 / 600","Resonator","Human","ケルビン","The Moon Priestess Returns","Automatic
Whenever a resonator is put into a graveyard from your opponent's field ⇒ Put target resonator from your graveyard into your hand.","He was always sad and glad.","The Moon Priestess Returns"
"http://www.fowtcg.com/card/1523","Little Red, the Pure Stone","http://d12h0em1d7ppg.cloudfront.net/items/15/1523/image_en/1485245289.jpg","MPR-098","SR","","","Special Magic Stone/True Magic Stone","","今野隼史","The Moon Priestess Returns","Automatic
When you control two or more true magic stones with the same name, banish all but one of them.","""You revived me, thank you. Later on, leave it to me and sleep softly."" - Fiethsing, the Magus of Holy Wind","The Moon Priestess Returns"
"http://www.fowtcg.com/card/1524","Magic Stone of Moon Light","http://d12h0em1d7ppg.cloudfront.net/items/15/1524/image_en/1485245290.jpg","MPR-099","R","","","Special Magic Stone","","ひがし","The Moon Priestess Returns","Activate
[rest]: Produce one will of any attribute that a magic stone you control could produce.","Placed on the front of the moon, this magic stone reflects the light of the sun.","The Moon Priestess Returns"
"http://www.fowtcg.com/card/1525","Magic Stone of Moon Shade","http://d12h0em1d7ppg.cloudfront.net/items/15/1525/image_en/1485245292.jpg","MPR-100","R","","","Special Magic Stone","","塗夢","The Moon Priestess Returns","Activate
[rest], pay 200 life: Produce [W], [R], [U], [G] or [B].","Placed on the back of the moon, this magic stone amplifies compensation.","The Moon Priestess Returns"
"http://www.fowtcg.com/card/1526","Darkness Magic Stone","http://d12h0em1d7ppg.cloudfront.net/items/15/1526/image_en/1485245295.jpg","MPR-101","R","","","Basic Magic Stone","","Shrek","The Moon Priestess Returns","Activate
[rest]: Produce [B].","","The Moon Priestess Returns"
"http://www.fowtcg.com/card/1527","Fire Magic Stone","http://d12h0em1d7ppg.cloudfront.net/items/15/1527/image_en/1485245297.jpg","MPR-102","R","","","Basic Magic Stone","","見田","The Moon Priestess Returns","Activate
[rest]: Produce [R].","","The Moon Priestess Returns"
"http://www.fowtcg.com/card/1528","Light Magic Stone","http://d12h0em1d7ppg.cloudfront.net/items/15/1528/image_en/1485245298.jpg","MPR-103","R","","","Basic Magic Stone","","おつまみ","The Moon Priestess Returns","Activate
[rest]: Produce [W].","","The Moon Priestess Returns"
"http://www.fowtcg.com/card/1529","Water Magic Stone","http://d12h0em1d7ppg.cloudfront.net/items/15/1529/image_en/1485245300.jpg","MPR-104","R","","","Basic Magic Stone","","みえ","The Moon Priestess Returns","Activate
[rest]: Produce [U].","","The Moon Priestess Returns"
"http://www.fowtcg.com/card/1530","Wind Magic Stone","http://d12h0em1d7ppg.cloudfront.net/items/15/1530/image_en/1485245302.jpg","MPR-105","R","","","Basic Magic Stone","","河北亜希","The Moon Priestess Returns","Activate
[rest]: Produce [G].","","The Moon Priestess Returns"