"card_url","card_name","card_image","card_number","card_cost_attribute","card_att_def","card_type","card_race","card_artist","card_expansion","card_text","card_flavor_text","card_all_sets"
"http://www.fowtcg.com/card/1581","Abe no Seimei","http://d12h0em1d7ppg.cloudfront.net/items/15/1581/image_en/1485246840.jpg","VIN001-001","http://d12h0em1d7ppg.cloudfront.net/docs/icons/white.png","200 / 200","Resonator","Yin-Yang Master","Riv","Vingolf ""Engage Knights""","Automatic
When this card enters your field, you may rest target resonator.","""Seimei-chan, the magical diviner, takes the center stage!""","Vingolf ""Engage Knights"""
"http://www.fowtcg.com/card/1582","Achilles","http://d12h0em1d7ppg.cloudfront.net/items/15/1582/image_en/1485246841.jpg","VIN001-002","http://d12h0em1d7ppg.cloudfront.net/docs/icons/white.png","200 / 400","Resonator","Hero","T-TRACK","Vingolf ""Engage Knights""","Activate
Banish this card: Target resonator cannot be targeted by spells or abilities your opponent controls until end of turn.","""My... My legs are my only strong point, but… I-I'll try as hard as I can!""","Vingolf ""Engage Knights"""
"http://www.fowtcg.com/card/1583","Breath of the God","http://d12h0em1d7ppg.cloudfront.net/items/15/1583/image_en/1485246843.jpg","VIN001-003","http://d12h0em1d7ppg.cloudfront.net/docs/icons/white.png","","Chant","","douzen","Vingolf ""Engage Knights""","","""Dear Lord, do you think I am on the correct path this time?"" 〜Jeanne d'Arc, the Awakened Purifier","Vingolf ""Engage Knights"""
"http://www.fowtcg.com/card/1583","Breath of the God","http://d12h0em1d7ppg.cloudfront.net/items/15/1583/image_en/1485246843.jpg","VIN001-003","http://d12h0em1d7ppg.cloudfront.net/docs/icons/cost/01.png","","Chant","","douzen","Vingolf ""Engage Knights""","","""Dear Lord, do you think I am on the correct path this time?"" 〜Jeanne d'Arc, the Awakened Purifier","Vingolf ""Engage Knights"""
"http://www.fowtcg.com/card/1584","Duet of Light","http://d12h0em1d7ppg.cloudfront.net/items/15/1584/image_en/1485246844.jpg","VIN001-004","http://d12h0em1d7ppg.cloudfront.net/docs/icons/white.png","","Chant","","おつまみ","Vingolf ""Engage Knights""","","“Zero, now that I blocked the enemy, finish it!” “Okay, leave it to me!” -Almerius, the Magus of Light and Zero, the Flashing Mage-Warrior","Vingolf ""Engage Knights"""
"http://www.fowtcg.com/card/1585","Emperor Guangwu of Han","http://d12h0em1d7ppg.cloudfront.net/items/15/1585/image_en/1485246845.jpg","VIN001-005","http://d12h0em1d7ppg.cloudfront.net/docs/icons/white.png","500 / 500","Resonator","Emperor","ぽしー","Vingolf ""Engage Knights""","Activate
[W][rest]: Target resonator gains [+200/+200] until end of turn.","""Having said that, I'm busy guarding the house.""","Vingolf ""Engage Knights"""
"http://www.fowtcg.com/card/1585","Emperor Guangwu of Han","http://d12h0em1d7ppg.cloudfront.net/items/15/1585/image_en/1485246845.jpg","VIN001-005","http://d12h0em1d7ppg.cloudfront.net/docs/icons/cost/01.png","500 / 500","Resonator","Emperor","ぽしー","Vingolf ""Engage Knights""","Activate
[W][rest]: Target resonator gains [+200/+200] until end of turn.","""Having said that, I'm busy guarding the house.""","Vingolf ""Engage Knights"""
"http://www.fowtcg.com/card/1586","Hammurabi","http://d12h0em1d7ppg.cloudfront.net/items/15/1586/image_en/1485246846.jpg","VIN001-006","http://d12h0em1d7ppg.cloudfront.net/docs/icons/white.png","400 / 400","Resonator","King","ファルまろ","Vingolf ""Engage Knights""","Automatic
Whenever a resonator deals damage to this card, this card deals that much damage to that resonator.","""Even if you get defeated, get up again! Fight twice as hard!""","Vingolf ""Engage Knights"""
"http://www.fowtcg.com/card/1586","Hammurabi","http://d12h0em1d7ppg.cloudfront.net/items/15/1586/image_en/1485246846.jpg","VIN001-006","http://d12h0em1d7ppg.cloudfront.net/docs/icons/cost/01.png","400 / 400","Resonator","King","ファルまろ","Vingolf ""Engage Knights""","Automatic
Whenever a resonator deals damage to this card, this card deals that much damage to that resonator.","""Even if you get defeated, get up again! Fight twice as hard!""","Vingolf ""Engage Knights"""
"http://www.fowtcg.com/card/1587","Hannibal Barca","http://d12h0em1d7ppg.cloudfront.net/items/15/1587/image_en/1485246848.jpg","VIN001-007","","","Ruler","General","ukyo_rst","Vingolf ""Engage Knights""","Activate
[2]: Target resonator gains [+0/+200] until end of turn.","""Sweet, it went as I expected. Hehe, no one can escape my perfect strategies!""","Vingolf ""Engage Knights"""
"http://www.fowtcg.com/card/1588","Hannibal Barca(J)","http://d12h0em1d7ppg.cloudfront.net/items/15/1588/image_en/1485246849.jpg","VIN001-007J","","800 / 800","J-ruler","General","ukyo_rst","Vingolf ""Engage Knights""","Automatic
Whenever this card attacks, you gain 200 life.","","Vingolf ""Engage Knights"""
"http://www.fowtcg.com/card/1589","Jeanne d'Arc","http://d12h0em1d7ppg.cloudfront.net/items/15/1589/image_en/1485246851.jpg","VIN001-008","http://d12h0em1d7ppg.cloudfront.net/docs/icons/white.png","200 / 200","Resonator","Saint","藤真拓哉","Vingolf ""Engage Knights""","Automatic
When this card is put into a graveyard from your field, you gain life equal to its DEF.","""Come on, victory is ours already! Hip hip hurray!""","Vingolf ""Engage Knights"""
"http://www.fowtcg.com/card/1590","Louis XIV","http://d12h0em1d7ppg.cloudfront.net/items/15/1590/image_en/1485246852.jpg","VIN001-009","http://d12h0em1d7ppg.cloudfront.net/docs/icons/white.png","800 / 800","Resonator","Emperor","鍋島テツヒロ","Vingolf ""Engage Knights""","Continuous
Other light resonators you control gain [+200/+200].","""So you say I'm beautiful? Well, it's inevitable, really. It's a law of nature, just like the sun shining!""","Vingolf ""Engage Knights"""
"http://www.fowtcg.com/card/1590","Louis XIV","http://d12h0em1d7ppg.cloudfront.net/items/15/1590/image_en/1485246852.jpg","VIN001-009","http://d12h0em1d7ppg.cloudfront.net/docs/icons/white.png","800 / 800","Resonator","Emperor","鍋島テツヒロ","Vingolf ""Engage Knights""","Continuous
Other light resonators you control gain [+200/+200].","""So you say I'm beautiful? Well, it's inevitable, really. It's a law of nature, just like the sun shining!""","Vingolf ""Engage Knights"""
"http://www.fowtcg.com/card/1590","Louis XIV","http://d12h0em1d7ppg.cloudfront.net/items/15/1590/image_en/1485246852.jpg","VIN001-009","http://d12h0em1d7ppg.cloudfront.net/docs/icons/cost/03.png","800 / 800","Resonator","Emperor","鍋島テツヒロ","Vingolf ""Engage Knights""","Continuous
Other light resonators you control gain [+200/+200].","""So you say I'm beautiful? Well, it's inevitable, really. It's a law of nature, just like the sun shining!""","Vingolf ""Engage Knights"""
"http://www.fowtcg.com/card/1591","March of Saints","http://d12h0em1d7ppg.cloudfront.net/items/15/1591/image_en/1485246853.jpg","VIN001-010","http://d12h0em1d7ppg.cloudfront.net/docs/icons/white.png","","Chant","","ひがし","Vingolf ""Engage Knights""","","A Commander's job is not to make plans or to fight. Their job is to motivate soldiers.","Vingolf ""Engage Knights"""
"http://www.fowtcg.com/card/1591","March of Saints","http://d12h0em1d7ppg.cloudfront.net/items/15/1591/image_en/1485246853.jpg","VIN001-010","http://d12h0em1d7ppg.cloudfront.net/docs/icons/cost/01.png","","Chant","","ひがし","Vingolf ""Engage Knights""","","A Commander's job is not to make plans or to fight. Their job is to motivate soldiers.","Vingolf ""Engage Knights"""
"http://www.fowtcg.com/card/1592","Pride of Knights","http://d12h0em1d7ppg.cloudfront.net/items/15/1592/image_en/1485246855.jpg","VIN001-011","http://d12h0em1d7ppg.cloudfront.net/docs/icons/white.png","","Chant","","gozz","Vingolf ""Engage Knights""","","""I won't surrender!"" —Faria, the Sacred Queen","Vingolf ""Engage Knights"""
"http://www.fowtcg.com/card/1593","Siegfried","http://d12h0em1d7ppg.cloudfront.net/items/15/1593/image_en/1485246859.jpg","VIN001-012","http://d12h0em1d7ppg.cloudfront.net/docs/icons/white.png","800 / 800","Resonator","Hero","T-TRACK","Vingolf ""Engage Knights""","","""The percentage of victory is 50%. Master, overconfidence is unadvisable and will lead to death.""","Vingolf ""Engage Knights"""
"http://www.fowtcg.com/card/1593","Siegfried","http://d12h0em1d7ppg.cloudfront.net/items/15/1593/image_en/1485246859.jpg","VIN001-012","http://d12h0em1d7ppg.cloudfront.net/docs/icons/white.png","800 / 800","Resonator","Hero","T-TRACK","Vingolf ""Engage Knights""","","""The percentage of victory is 50%. Master, overconfidence is unadvisable and will lead to death.""","Vingolf ""Engage Knights"""
"http://www.fowtcg.com/card/1593","Siegfried","http://d12h0em1d7ppg.cloudfront.net/items/15/1593/image_en/1485246859.jpg","VIN001-012","http://d12h0em1d7ppg.cloudfront.net/docs/icons/cost/02.png","800 / 800","Resonator","Hero","T-TRACK","Vingolf ""Engage Knights""","","""The percentage of victory is 50%. Master, overconfidence is unadvisable and will lead to death.""","Vingolf ""Engage Knights"""
"http://www.fowtcg.com/card/1594","Silver Stake","http://d12h0em1d7ppg.cloudfront.net/items/15/1594/image_en/1485246860.jpg","VIN001-013","http://d12h0em1d7ppg.cloudfront.net/docs/icons/white.png","","Addition: Resonator","(Weapon)","Mがんぢー","Vingolf ""Engage Knights""","Activate
[W]: Return this card to its owner's hand.","A human tool that will return the mortal agony once felt back unto vampires.","Vingolf ""Engage Knights"""
"http://www.fowtcg.com/card/1595","Tutankhamun","http://d12h0em1d7ppg.cloudfront.net/items/15/1595/image_en/1485246862.jpg","VIN001-014","http://d12h0em1d7ppg.cloudfront.net/docs/icons/white.png","500 / 700","Resonator","Pharaoh","たかとうすずのすけ","Vingolf ""Engage Knights""","Automatic
When this card is put into a graveyard from your field, draw a card.","""Anf, anf… I t-told you, I excel at brainwork! Fighting is out of my league! You idiot!""","Vingolf ""Engage Knights"""
"http://www.fowtcg.com/card/1595","Tutankhamun","http://d12h0em1d7ppg.cloudfront.net/items/15/1595/image_en/1485246862.jpg","VIN001-014","http://d12h0em1d7ppg.cloudfront.net/docs/icons/cost/02.png","500 / 700","Resonator","Pharaoh","たかとうすずのすけ","Vingolf ""Engage Knights""","Automatic
When this card is put into a graveyard from your field, draw a card.","""Anf, anf… I t-told you, I excel at brainwork! Fighting is out of my league! You idiot!""","Vingolf ""Engage Knights"""
"http://www.fowtcg.com/card/1596","Xuanzang Sanzang","http://d12h0em1d7ppg.cloudfront.net/items/15/1596/image_en/1485246863.jpg","VIN001-015","http://d12h0em1d7ppg.cloudfront.net/docs/icons/white.png","400 / 700","Resonator","Priest","ぱんつもりこ","Vingolf ""Engage Knights""","","""I don't wanna! I don't wanna! I can't fight for good… Nnngh... What has become of my peaceful life?","Vingolf ""Engage Knights"""
"http://www.fowtcg.com/card/1596","Xuanzang Sanzang","http://d12h0em1d7ppg.cloudfront.net/items/15/1596/image_en/1485246863.jpg","VIN001-015","http://d12h0em1d7ppg.cloudfront.net/docs/icons/cost/01.png","400 / 700","Resonator","Priest","ぱんつもりこ","Vingolf ""Engage Knights""","","""I don't wanna! I don't wanna! I can't fight for good… Nnngh... What has become of my peaceful life?","Vingolf ""Engage Knights"""
"http://www.fowtcg.com/card/1597","Alexander","http://d12h0em1d7ppg.cloudfront.net/items/15/1597/image_en/1485246864.jpg","VIN001-016","","","Ruler","King","藤真拓哉","Vingolf ""Engage Knights""","Activate
[2]: This card deals 200 damage to target resonator.","""Listen, a king must be someone who is both smart and brave. Basically, someone like me!""","Vingolf ""Engage Knights"""
"http://www.fowtcg.com/card/1598","Alexander(J)","http://d12h0em1d7ppg.cloudfront.net/items/15/1598/image_en/1485246867.jpg","VIN001-016J","","1000 / 700","J-ruler","King","藤真拓哉","Vingolf ""Engage Knights""","Automatic
Whenever this card attacks, target fire resonator you control gains [First Strike] and [Swiftness] until end of turn.","","Vingolf ""Engage Knights"""
"http://www.fowtcg.com/card/1599","Banzai Attack","http://d12h0em1d7ppg.cloudfront.net/items/15/1599/image_en/1485246868.jpg","VIN001-017","http://d12h0em1d7ppg.cloudfront.net/docs/icons/red.png","","Chant","","羊箱","Vingolf ""Engage Knights""","","","Vingolf ""Engage Knights"""
"http://www.fowtcg.com/card/1599","Banzai Attack","http://d12h0em1d7ppg.cloudfront.net/items/15/1599/image_en/1485246868.jpg","VIN001-017","http://d12h0em1d7ppg.cloudfront.net/docs/icons/red.png","","Chant","","羊箱","Vingolf ""Engage Knights""","","","Vingolf ""Engage Knights"""
"http://www.fowtcg.com/card/1599","Banzai Attack","http://d12h0em1d7ppg.cloudfront.net/items/15/1599/image_en/1485246868.jpg","VIN001-017","http://d12h0em1d7ppg.cloudfront.net/docs/icons/cost/02.png","","Chant","","羊箱","Vingolf ""Engage Knights""","","","Vingolf ""Engage Knights"""
"http://www.fowtcg.com/card/1600","Calamity Jane","http://d12h0em1d7ppg.cloudfront.net/items/16/1600/image_en/1485246869.jpg","VIN001-018","http://d12h0em1d7ppg.cloudfront.net/docs/icons/red.png","500 / 500","Resonator","Musketeer","ぱんつもりこ","Vingolf ""Engage Knights""","Activate
[rest]: This card deals 200 damage to target player or resonator.","""These trifling details are of no interest to me, so just get shot already...""","Vingolf ""Engage Knights"""
"http://www.fowtcg.com/card/1600","Calamity Jane","http://d12h0em1d7ppg.cloudfront.net/items/16/1600/image_en/1485246869.jpg","VIN001-018","http://d12h0em1d7ppg.cloudfront.net/docs/icons/cost/02.png","500 / 500","Resonator","Musketeer","ぱんつもりこ","Vingolf ""Engage Knights""","Activate
[rest]: This card deals 200 damage to target player or resonator.","""These trifling details are of no interest to me, so just get shot already...""","Vingolf ""Engage Knights"""
"http://www.fowtcg.com/card/1601","Crime and Punishment","http://d12h0em1d7ppg.cloudfront.net/items/16/1601/image_en/1485246871.jpg","VIN001-019","http://d12h0em1d7ppg.cloudfront.net/docs/icons/red.png","","Chant","","fzwrAym","Vingolf ""Engage Knights""","","Even if blood is washed from the hands, sins will not be washed away.","Vingolf ""Engage Knights"""
"http://www.fowtcg.com/card/1602","King Ashoka","http://d12h0em1d7ppg.cloudfront.net/items/16/1602/image_en/1485246873.jpg","VIN001-020","http://d12h0em1d7ppg.cloudfront.net/docs/icons/red.png","400 / 400","Resonator","King","鍋島テツヒロ","Vingolf ""Engage Knights""","","""I don't understand that much, but can I punch it in the meantime?""","Vingolf ""Engage Knights"""
"http://www.fowtcg.com/card/1602","King Ashoka","http://d12h0em1d7ppg.cloudfront.net/items/16/1602/image_en/1485246873.jpg","VIN001-020","http://d12h0em1d7ppg.cloudfront.net/docs/icons/cost/01.png","400 / 400","Resonator","King","鍋島テツヒロ","Vingolf ""Engage Knights""","","""I don't understand that much, but can I punch it in the meantime?""","Vingolf ""Engage Knights"""
"http://www.fowtcg.com/card/1603","Kleitos","http://d12h0em1d7ppg.cloudfront.net/items/16/1603/image_en/1485246874.jpg","VIN001-021","http://d12h0em1d7ppg.cloudfront.net/docs/icons/red.png","800 / 800","Resonator","Warlord","ビスケ","Vingolf ""Engage Knights""","Automatic
When this card enters your field, it deals 400 damage to target resonator.","""Hey, everyone, sorry it took me so long!
Now come on, let's climax from the start!""","Vingolf ""Engage Knights"""
"http://www.fowtcg.com/card/1603","Kleitos","http://d12h0em1d7ppg.cloudfront.net/items/16/1603/image_en/1485246874.jpg","VIN001-021","http://d12h0em1d7ppg.cloudfront.net/docs/icons/cost/03.png","800 / 800","Resonator","Warlord","ビスケ","Vingolf ""Engage Knights""","Automatic
When this card enters your field, it deals 400 damage to target resonator.","""Hey, everyone, sorry it took me so long!
Now come on, let's climax from the start!""","Vingolf ""Engage Knights"""
"http://www.fowtcg.com/card/1604","Kusanagi Sword","http://d12h0em1d7ppg.cloudfront.net/items/16/1604/image_en/1485246875.jpg","VIN001-022","http://d12h0em1d7ppg.cloudfront.net/docs/icons/red.png","","Addition: Resonator","","gozz","Vingolf ""Engage Knights""","Continuous
If added resonator would deal damage, it deals that much + 200 instead.","The ninth disaster, or a hope to stop all others?","Vingolf ""Engage Knights"""
"http://www.fowtcg.com/card/1604","Kusanagi Sword","http://d12h0em1d7ppg.cloudfront.net/items/16/1604/image_en/1485246875.jpg","VIN001-022","http://d12h0em1d7ppg.cloudfront.net/docs/icons/red.png","","Addition: Resonator","","gozz","Vingolf ""Engage Knights""","Continuous
If added resonator would deal damage, it deals that much + 200 instead.","The ninth disaster, or a hope to stop all others?","Vingolf ""Engage Knights"""
"http://www.fowtcg.com/card/1605","Lu Bu","http://d12h0em1d7ppg.cloudfront.net/items/16/1605/image_en/1485246878.jpg","VIN001-023","http://d12h0em1d7ppg.cloudfront.net/docs/icons/red.png","1000 / 1000","Resonator","Warlord","まめでんきゅう","Vingolf ""Engage Knights""","Continuous
As long as you don't control other resonators, this card gains [+500/+500].","""Huh, that's boring, so I'll pass. It's not like I really bother about that.""","Vingolf ""Engage Knights"""
"http://www.fowtcg.com/card/1605","Lu Bu","http://d12h0em1d7ppg.cloudfront.net/items/16/1605/image_en/1485246878.jpg","VIN001-023","http://d12h0em1d7ppg.cloudfront.net/docs/icons/red.png","1000 / 1000","Resonator","Warlord","まめでんきゅう","Vingolf ""Engage Knights""","Continuous
As long as you don't control other resonators, this card gains [+500/+500].","""Huh, that's boring, so I'll pass. It's not like I really bother about that.""","Vingolf ""Engage Knights"""
"http://www.fowtcg.com/card/1605","Lu Bu","http://d12h0em1d7ppg.cloudfront.net/items/16/1605/image_en/1485246878.jpg","VIN001-023","http://d12h0em1d7ppg.cloudfront.net/docs/icons/cost/04.png","1000 / 1000","Resonator","Warlord","まめでんきゅう","Vingolf ""Engage Knights""","Continuous
As long as you don't control other resonators, this card gains [+500/+500].","""Huh, that's boring, so I'll pass. It's not like I really bother about that.""","Vingolf ""Engage Knights"""
"http://www.fowtcg.com/card/1606","Musashi Miyamoto","http://d12h0em1d7ppg.cloudfront.net/items/16/1606/image_en/1485246879.jpg","VIN001-024","http://d12h0em1d7ppg.cloudfront.net/docs/icons/red.png","1000 / 600","Resonator","Swordsman","Yae","Vingolf ""Engage Knights""","","""What are you saying? Of course fighting with two swords is better than just using one!""","Vingolf ""Engage Knights"""
"http://www.fowtcg.com/card/1606","Musashi Miyamoto","http://d12h0em1d7ppg.cloudfront.net/items/16/1606/image_en/1485246879.jpg","VIN001-024","http://d12h0em1d7ppg.cloudfront.net/docs/icons/red.png","1000 / 600","Resonator","Swordsman","Yae","Vingolf ""Engage Knights""","","""What are you saying? Of course fighting with two swords is better than just using one!""","Vingolf ""Engage Knights"""
"http://www.fowtcg.com/card/1606","Musashi Miyamoto","http://d12h0em1d7ppg.cloudfront.net/items/16/1606/image_en/1485246879.jpg","VIN001-024","http://d12h0em1d7ppg.cloudfront.net/docs/icons/cost/02.png","1000 / 600","Resonator","Swordsman","Yae","Vingolf ""Engage Knights""","","""What are you saying? Of course fighting with two swords is better than just using one!""","Vingolf ""Engage Knights"""
"http://www.fowtcg.com/card/1607","Pachacuti","http://d12h0em1d7ppg.cloudfront.net/items/16/1607/image_en/1485246880.jpg","VIN001-025","http://d12h0em1d7ppg.cloudfront.net/docs/icons/red.png","400 / 200","Resonator","Emperor","結城リカ","Vingolf ""Engage Knights""","","""H-hey, don't pet my head! Pachacu is a respectable adult! An a-d-u-l-t, okay?!""","Vingolf ""Engage Knights"""
"http://www.fowtcg.com/card/1608","Rapid Decay","http://d12h0em1d7ppg.cloudfront.net/items/16/1608/image_en/1485246881.jpg","VIN001-026","http://d12h0em1d7ppg.cloudfront.net/docs/icons/red.png","","Chant","","佐々木光之介","Vingolf ""Engage Knights""","","""Sudden evolution can be the same as degradation. Oh well- evolve until you die!"" 〜Little Dread, the Fake Red Moon","Vingolf ""Engage Knights"""
"http://www.fowtcg.com/card/1609","Saladin","http://d12h0em1d7ppg.cloudfront.net/items/16/1609/image_en/1485246884.jpg","VIN001-027","http://d12h0em1d7ppg.cloudfront.net/docs/icons/red.png","300 / 400","Resonator","General","Nidy","Vingolf ""Engage Knights""","Automatic
Whenever this card attacks, it gains [+300/+0] until end of turn.","""Yeah, I'll make you a promise. I'll lead you to victory at all costs.""","Vingolf ""Engage Knights"""
"http://www.fowtcg.com/card/1609","Saladin","http://d12h0em1d7ppg.cloudfront.net/items/16/1609/image_en/1485246884.jpg","VIN001-027","http://d12h0em1d7ppg.cloudfront.net/docs/icons/cost/01.png","300 / 400","Resonator","General","Nidy","Vingolf ""Engage Knights""","Automatic
Whenever this card attacks, it gains [+300/+0] until end of turn.","""Yeah, I'll make you a promise. I'll lead you to victory at all costs.""","Vingolf ""Engage Knights"""
"http://www.fowtcg.com/card/1610","Sun Tzu","http://d12h0em1d7ppg.cloudfront.net/items/16/1610/image_en/1485246886.jpg","VIN001-028","http://d12h0em1d7ppg.cloudfront.net/docs/icons/red.png","200 / 200","Resonator","Strategist","結城リカ","Vingolf ""Engage Knights""","Activate
[rest]: Target resonator gains [Swiftness] until end of turn.","""Why are you saying such thoughtless words, big brother? Enemies must be deceived! You've got to be on your guard, okay?!""","Vingolf ""Engage Knights"""
"http://www.fowtcg.com/card/1611","Thunder","http://d12h0em1d7ppg.cloudfront.net/items/16/1611/image_en/1485246888.jpg","VIN001-029","http://d12h0em1d7ppg.cloudfront.net/docs/icons/red.png","","Chant","","Nagiにゃん","Vingolf ""Engage Knights""","","A dazzling flash of light can sometimes change the outcome of war.","Vingolf ""Engage Knights"""
"http://www.fowtcg.com/card/1612","William Wallace","http://d12h0em1d7ppg.cloudfront.net/items/16/1612/image_en/1485246889.jpg","VIN001-030","http://d12h0em1d7ppg.cloudfront.net/docs/icons/red.png","700 / 500","Resonator","Knight","岸和田ロビン","Vingolf ""Engage Knights""","Continuous
This card cannot be blocked by resonators with ATK 600 or less.","""Are you fighting?! Is it my turn?! Is it okay if I beat someone up?!""","Vingolf ""Engage Knights"""
"http://www.fowtcg.com/card/1612","William Wallace","http://d12h0em1d7ppg.cloudfront.net/items/16/1612/image_en/1485246889.jpg","VIN001-030","http://d12h0em1d7ppg.cloudfront.net/docs/icons/cost/02.png","700 / 500","Resonator","Knight","岸和田ロビン","Vingolf ""Engage Knights""","Continuous
This card cannot be blocked by resonators with ATK 600 or less.","""Are you fighting?! Is it my turn?! Is it okay if I beat someone up?!""","Vingolf ""Engage Knights"""
"http://www.fowtcg.com/card/1613","Aqua Magic -Tempest-","http://d12h0em1d7ppg.cloudfront.net/items/16/1613/image_en/1485246890.jpg","VIN001-031","http://d12h0em1d7ppg.cloudfront.net/docs/icons/blue.png","","Chant","","原田みどり","Vingolf ""Engage Knights""","","","Vingolf ""Engage Knights"""
"http://www.fowtcg.com/card/1613","Aqua Magic -Tempest-","http://d12h0em1d7ppg.cloudfront.net/items/16/1613/image_en/1485246890.jpg","VIN001-031","http://d12h0em1d7ppg.cloudfront.net/docs/icons/blue.png","","Chant","","原田みどり","Vingolf ""Engage Knights""","","","Vingolf ""Engage Knights"""
"http://www.fowtcg.com/card/1613","Aqua Magic -Tempest-","http://d12h0em1d7ppg.cloudfront.net/items/16/1613/image_en/1485246890.jpg","VIN001-031","http://d12h0em1d7ppg.cloudfront.net/docs/icons/cost/02.png","","Chant","","原田みどり","Vingolf ""Engage Knights""","","","Vingolf ""Engage Knights"""
"http://www.fowtcg.com/card/1614","Captain Cook","http://d12h0em1d7ppg.cloudfront.net/items/16/1614/image_en/1485246891.jpg","VIN001-032","http://d12h0em1d7ppg.cloudfront.net/docs/icons/blue.png","800 / 800","Resonator","Captain","萩原","Vingolf ""Engage Knights""","Automatic
Whenever this card deals damage to your opponent, draw a card.","""If you are aiming for the world's end, you cannot lose your heart for something like this!""","Vingolf ""Engage Knights"""
"http://www.fowtcg.com/card/1614","Captain Cook","http://d12h0em1d7ppg.cloudfront.net/items/16/1614/image_en/1485246891.jpg","VIN001-032","http://d12h0em1d7ppg.cloudfront.net/docs/icons/blue.png","800 / 800","Resonator","Captain","萩原","Vingolf ""Engage Knights""","Automatic
Whenever this card deals damage to your opponent, draw a card.","""If you are aiming for the world's end, you cannot lose your heart for something like this!""","Vingolf ""Engage Knights"""
"http://www.fowtcg.com/card/1614","Captain Cook","http://d12h0em1d7ppg.cloudfront.net/items/16/1614/image_en/1485246891.jpg","VIN001-032","http://d12h0em1d7ppg.cloudfront.net/docs/icons/cost/02.png","800 / 800","Resonator","Captain","萩原","Vingolf ""Engage Knights""","Automatic
Whenever this card deals damage to your opponent, draw a card.","""If you are aiming for the world's end, you cannot lose your heart for something like this!""","Vingolf ""Engage Knights"""
"http://www.fowtcg.com/card/1615","Columbus","http://d12h0em1d7ppg.cloudfront.net/items/16/1615/image_en/1485246893.jpg","VIN001-033","http://d12h0em1d7ppg.cloudfront.net/docs/icons/blue.png","200 / 400","Resonator","Explorer","ぽしー","Vingolf ""Engage Knights""","Activate
[rest]: Look at the top card of your deck. You may put it on the bottom of your deck.","""Making this egg stand upright? That's an easy victory. Just look, ahahah... If I use some glue, it will be a breeze!""","Vingolf ""Engage Knights"""
"http://www.fowtcg.com/card/1616","Hanzo Hattori","http://d12h0em1d7ppg.cloudfront.net/items/16/1616/image_en/1485246897.jpg","VIN001-034","http://d12h0em1d7ppg.cloudfront.net/docs/icons/blue.png","300 / 300","Resonator","Ninja","ミユキルリア","Vingolf ""Engage Knights""","Automatic
When this card enters your field, draw a card.","""The idea of serving you gives me the highest pleasure (t-that sounds kind of perverted).""","Vingolf ""Engage Knights"""
"http://www.fowtcg.com/card/1616","Hanzo Hattori","http://d12h0em1d7ppg.cloudfront.net/items/16/1616/image_en/1485246897.jpg","VIN001-034","http://d12h0em1d7ppg.cloudfront.net/docs/icons/cost/01.png","300 / 300","Resonator","Ninja","ミユキルリア","Vingolf ""Engage Knights""","Automatic
When this card enters your field, draw a card.","""The idea of serving you gives me the highest pleasure (t-that sounds kind of perverted).""","Vingolf ""Engage Knights"""
"http://www.fowtcg.com/card/1617","Julius Caesar","http://d12h0em1d7ppg.cloudfront.net/items/16/1617/image_en/1485246900.jpg","VIN001-035","","","Ruler","General","岸和田ロビン","Vingolf ""Engage Knights""","Activate
[2]: Target resonator gains [Flying] until end of turn.","""Don't call me baldie! It's just that I have a big forehead, okay? Otherwise I'll headbutt you!""","Vingolf ""Engage Knights"""
"http://www.fowtcg.com/card/1618","Julius Caesar(J)","http://d12h0em1d7ppg.cloudfront.net/items/16/1618/image_en/1485246901.jpg","VIN001-035J","","800 / 1000","J-ruler","General","岸和田ロビン","Vingolf ""Engage Knights""","Activate
Discard a card: Target water resonator gains [Flying] until end of turn.","","Vingolf ""Engage Knights"""
"http://www.fowtcg.com/card/1619","Marco Polo","http://d12h0em1d7ppg.cloudfront.net/items/16/1619/image_en/1485246903.jpg","VIN001-036","http://d12h0em1d7ppg.cloudfront.net/docs/icons/blue.png","500 / 500","Resonator","Explorer","BUZZ","Vingolf ""Engage Knights""","","""Mufufufu... This is quite a lot! Now it's even more profitable!""","Vingolf ""Engage Knights"""
"http://www.fowtcg.com/card/1619","Marco Polo","http://d12h0em1d7ppg.cloudfront.net/items/16/1619/image_en/1485246903.jpg","VIN001-036","http://d12h0em1d7ppg.cloudfront.net/docs/icons/cost/01.png","500 / 500","Resonator","Explorer","BUZZ","Vingolf ""Engage Knights""","","""Mufufufu... This is quite a lot! Now it's even more profitable!""","Vingolf ""Engage Knights"""
"http://www.fowtcg.com/card/1620","Napoleon","http://d12h0em1d7ppg.cloudfront.net/items/16/1620/image_en/1485246904.jpg","VIN001-037","http://d12h0em1d7ppg.cloudfront.net/docs/icons/blue.png","600 / 600","Resonator","Emperor","藤真拓哉","Vingolf ""Engage Knights""","Continuous
Resonators you control with [Flying] gain [+200/+200].","""This battle is over already. Now struggle as much as you can...""","Vingolf ""Engage Knights"""
"http://www.fowtcg.com/card/1620","Napoleon","http://d12h0em1d7ppg.cloudfront.net/items/16/1620/image_en/1485246904.jpg","VIN001-037","http://d12h0em1d7ppg.cloudfront.net/docs/icons/cost/03.png","600 / 600","Resonator","Emperor","藤真拓哉","Vingolf ""Engage Knights""","Continuous
Resonators you control with [Flying] gain [+200/+200].","""This battle is over already. Now struggle as much as you can...""","Vingolf ""Engage Knights"""
"http://www.fowtcg.com/card/1621","Paracelsus","http://d12h0em1d7ppg.cloudfront.net/items/16/1621/image_en/1485246905.jpg","VIN001-038","http://d12h0em1d7ppg.cloudfront.net/docs/icons/blue.png","400 / 600","Resonator","Alchemist","鍋島テツヒロ","Vingolf ""Engage Knights""","Automatic
When this card enters your field, draw a card.","""I'm not that interested in real guys. Beautiful homunculus boys, that's the kind of Arcadia I aim at!""","Vingolf ""Engage Knights"""
"http://www.fowtcg.com/card/1621","Paracelsus","http://d12h0em1d7ppg.cloudfront.net/items/16/1621/image_en/1485246905.jpg","VIN001-038","http://d12h0em1d7ppg.cloudfront.net/docs/icons/cost/02.png","400 / 600","Resonator","Alchemist","鍋島テツヒロ","Vingolf ""Engage Knights""","Automatic
When this card enters your field, draw a card.","""I'm not that interested in real guys. Beautiful homunculus boys, that's the kind of Arcadia I aim at!""","Vingolf ""Engage Knights"""
"http://www.fowtcg.com/card/1622","Dreams of Wonderland","http://d12h0em1d7ppg.cloudfront.net/items/16/1622/image_en/1485246907.jpg","VIN001-039","http://d12h0em1d7ppg.cloudfront.net/docs/icons/blue.png","","Chant","","ケルビン","Vingolf ""Engage Knights""","","""What I see and what you see are two completely different things. That is the mystery of this world."" 〜Alice in Wonderland","Vingolf ""Engage Knights"""
"http://www.fowtcg.com/card/1623","Glimpse of Kaguya","http://d12h0em1d7ppg.cloudfront.net/items/16/1623/image_en/1485246908.jpg","VIN001-040","http://d12h0em1d7ppg.cloudfront.net/docs/icons/blue.png","","Chant","","ハタリス","Vingolf ""Engage Knights""","","""There!"" - Kaguya, the Immortal Princess","Vingolf ""Engage Knights"""
"http://www.fowtcg.com/card/1623","Glimpse of Kaguya","http://d12h0em1d7ppg.cloudfront.net/items/16/1623/image_en/1485246908.jpg","VIN001-040","http://d12h0em1d7ppg.cloudfront.net/docs/icons/cost/01.png","","Chant","","ハタリス","Vingolf ""Engage Knights""","","""There!"" - Kaguya, the Immortal Princess","Vingolf ""Engage Knights"""
"http://www.fowtcg.com/card/1624","Soji Okita","http://d12h0em1d7ppg.cloudfront.net/items/16/1624/image_en/1485246909.jpg","VIN001-041","http://d12h0em1d7ppg.cloudfront.net/docs/icons/blue.png","0 / 0","Resonator","Swordsman","パセリ","Vingolf ""Engage Knights""","Activate
[U]: This card gains [Flying] until end of turn.","""Senpai!! You should do a raid with Soji today, for the sake of justice!!""","Vingolf ""Engage Knights"""
"http://www.fowtcg.com/card/1624","Soji Okita","http://d12h0em1d7ppg.cloudfront.net/items/16/1624/image_en/1485246909.jpg","VIN001-041","http://d12h0em1d7ppg.cloudfront.net/docs/icons/cost/01.png","0 / 0","Resonator","Swordsman","パセリ","Vingolf ""Engage Knights""","Activate
[U]: This card gains [Flying] until end of turn.","""Senpai!! You should do a raid with Soji today, for the sake of justice!!""","Vingolf ""Engage Knights"""
"http://www.fowtcg.com/card/1625","Tai Gong Wang","http://d12h0em1d7ppg.cloudfront.net/items/16/1625/image_en/1485246911.jpg","VIN001-042","http://d12h0em1d7ppg.cloudfront.net/docs/icons/blue.png","600 / 600","Resonator","Strategist","戦友","Vingolf ""Engage Knights""","","""Tsk... Leave it to me. No game exists that Tai Gong Wang cannot beat!""","Vingolf ""Engage Knights"""
"http://www.fowtcg.com/card/1625","Tai Gong Wang","http://d12h0em1d7ppg.cloudfront.net/items/16/1625/image_en/1485246911.jpg","VIN001-042","http://d12h0em1d7ppg.cloudfront.net/docs/icons/cost/02.png","600 / 600","Resonator","Strategist","戦友","Vingolf ""Engage Knights""","","""Tsk... Leave it to me. No game exists that Tai Gong Wang cannot beat!""","Vingolf ""Engage Knights"""
"http://www.fowtcg.com/card/1626","Vainamoinen","http://d12h0em1d7ppg.cloudfront.net/items/16/1626/image_en/1485246912.jpg","VIN001-043","http://d12h0em1d7ppg.cloudfront.net/docs/icons/blue.png","200 / 200","Resonator","Sage","かぼちゃ","Vingolf ""Engage Knights""","","""Vaina will sing until her voice falters, so please, let you all burn the flame in your hearts (for Vaina's sake)!""","Vingolf ""Engage Knights"""
"http://www.fowtcg.com/card/1627","Whirlpool of Knowledge","http://d12h0em1d7ppg.cloudfront.net/items/16/1627/image_en/1485246913.jpg","VIN001-044","http://d12h0em1d7ppg.cloudfront.net/docs/icons/blue.png","","Chant","","城戸春一","Vingolf ""Engage Knights""","","The world holds many expressions.","Vingolf ""Engage Knights"""
"http://www.fowtcg.com/card/1627","Whirlpool of Knowledge","http://d12h0em1d7ppg.cloudfront.net/items/16/1627/image_en/1485246913.jpg","VIN001-044","http://d12h0em1d7ppg.cloudfront.net/docs/icons/cost/02.png","","Chant","","城戸春一","Vingolf ""Engage Knights""","","The world holds many expressions.","Vingolf ""Engage Knights"""
"http://www.fowtcg.com/card/1628","Witch's Dagger","http://d12h0em1d7ppg.cloudfront.net/items/16/1628/image_en/1485246915.jpg","VIN001-045","http://d12h0em1d7ppg.cloudfront.net/docs/icons/blue.png","","Addition: Resonator","","長崎祐子","Vingolf ""Engage Knights""","Continuous
Added resonator gains ""[U][U][2] [rest]: Destroy target rested resonator."" and ""[rest] banish this resonator: Draw three cards.""","A choice between two things.","Vingolf ""Engage Knights"""
"http://www.fowtcg.com/card/1629","Archimedes","http://d12h0em1d7ppg.cloudfront.net/items/16/1629/image_en/1485246917.jpg","VIN001-046","http://d12h0em1d7ppg.cloudfront.net/docs/icons/green.png","600 / 600","Resonator","Philosopher","T-TRACK","Vingolf ""Engage Knights""","Automatic
Whenever a magic stone is put into your field, this card gains [+200/+200] until end of turn.","""Archimedes's calculations are perfect! Now let's power it up, EUREKA!""","Vingolf ""Engage Knights"""
"http://www.fowtcg.com/card/1629","Archimedes","http://d12h0em1d7ppg.cloudfront.net/items/16/1629/image_en/1485246917.jpg","VIN001-046","http://d12h0em1d7ppg.cloudfront.net/docs/icons/cost/02.png","600 / 600","Resonator","Philosopher","T-TRACK","Vingolf ""Engage Knights""","Automatic
Whenever a magic stone is put into your field, this card gains [+200/+200] until end of turn.","""Archimedes's calculations are perfect! Now let's power it up, EUREKA!""","Vingolf ""Engage Knights"""
"http://www.fowtcg.com/card/1630","Art of Sinbad","http://d12h0em1d7ppg.cloudfront.net/items/16/1630/image_en/1485246919.jpg","VIN001-047","http://d12h0em1d7ppg.cloudfront.net/docs/icons/green.png","","Chant","","touge369","Vingolf ""Engage Knights""","","""Hey you, wait up!"" - Sinbad, the Windrider Merchant","Vingolf ""Engage Knights"""
"http://www.fowtcg.com/card/1631","Attila","http://d12h0em1d7ppg.cloudfront.net/items/16/1631/image_en/1485246920.jpg","VIN001-048","http://d12h0em1d7ppg.cloudfront.net/docs/icons/green.png","500 / 500","Resonator","King","黒獅子","Vingolf ""Engage Knights""","Automatic
When this card enters your field, target resonator gains [+200/+200] until end of turn.","""Violence suits me well. Getting everything I want even through sheer force, that's how I rule!""","Vingolf ""Engage Knights"""
"http://www.fowtcg.com/card/1631","Attila","http://d12h0em1d7ppg.cloudfront.net/items/16/1631/image_en/1485246920.jpg","VIN001-048","http://d12h0em1d7ppg.cloudfront.net/docs/icons/cost/01.png","500 / 500","Resonator","King","黒獅子","Vingolf ""Engage Knights""","Automatic
When this card enters your field, target resonator gains [+200/+200] until end of turn.","""Violence suits me well. Getting everything I want even through sheer force, that's how I rule!""","Vingolf ""Engage Knights"""
"http://www.fowtcg.com/card/1632","D'Artagnan","http://d12h0em1d7ppg.cloudfront.net/items/16/1632/image_en/1485246921.jpg","VIN001-049","http://d12h0em1d7ppg.cloudfront.net/docs/icons/green.png","500 / 500","Resonator","Count","萩原","Vingolf ""Engage Knights""","","""Munch, munch... Wow! This rice is delicious, I'm so happy!""","Vingolf ""Engage Knights"""
"http://www.fowtcg.com/card/1632","D'Artagnan","http://d12h0em1d7ppg.cloudfront.net/items/16/1632/image_en/1485246921.jpg","VIN001-049","http://d12h0em1d7ppg.cloudfront.net/docs/icons/cost/01.png","500 / 500","Resonator","Count","萩原","Vingolf ""Engage Knights""","","""Munch, munch... Wow! This rice is delicious, I'm so happy!""","Vingolf ""Engage Knights"""
"http://www.fowtcg.com/card/1633","Darwin","http://d12h0em1d7ppg.cloudfront.net/items/16/1633/image_en/1485246922.jpg","VIN001-050","http://d12h0em1d7ppg.cloudfront.net/docs/icons/green.png","800 / 800","Resonator","Scientist","岸和田ロビン","Vingolf ""Engage Knights""","Continuous
Wind resonators you control gain [+400/+400] as long as you control six or more magic stones.","""Good gracious, it is indeed worth to observe this. This certainly is the very gift of evolution!""","Vingolf ""Engage Knights"""
"http://www.fowtcg.com/card/1633","Darwin","http://d12h0em1d7ppg.cloudfront.net/items/16/1633/image_en/1485246922.jpg","VIN001-050","http://d12h0em1d7ppg.cloudfront.net/docs/icons/cost/04.png","800 / 800","Resonator","Scientist","岸和田ロビン","Vingolf ""Engage Knights""","Continuous
Wind resonators you control gain [+400/+400] as long as you control six or more magic stones.","""Good gracious, it is indeed worth to observe this. This certainly is the very gift of evolution!""","Vingolf ""Engage Knights"""
"http://www.fowtcg.com/card/1634","Evolution of Limits","http://d12h0em1d7ppg.cloudfront.net/items/16/1634/image_en/1485246924.jpg","VIN001-051","http://d12h0em1d7ppg.cloudfront.net/docs/icons/green.png","","Chant","","douzen","Vingolf ""Engage Knights""","","""Guys! Lend me your strength!"" 〜Little Red, the True Fairy Tale","Vingolf ""Engage Knights"""
"http://www.fowtcg.com/card/1635","Genghis Khan","http://d12h0em1d7ppg.cloudfront.net/items/16/1635/image_en/1485246925.jpg","VIN001-052","http://d12h0em1d7ppg.cloudfront.net/docs/icons/green.png","500 / 500","Resonator","King","藤真拓哉","Vingolf ""Engage Knights""","Automatic
When this card enters your field, recover target magic stone you control.","""Come on, guys, let's act quickly! If we lose, I'll punish you!""","Vingolf ""Engage Knights"""
"http://www.fowtcg.com/card/1635","Genghis Khan","http://d12h0em1d7ppg.cloudfront.net/items/16/1635/image_en/1485246925.jpg","VIN001-052","http://d12h0em1d7ppg.cloudfront.net/docs/icons/cost/01.png","500 / 500","Resonator","King","藤真拓哉","Vingolf ""Engage Knights""","Automatic
When this card enters your field, recover target magic stone you control.","""Come on, guys, let's act quickly! If we lose, I'll punish you!""","Vingolf ""Engage Knights"""
"http://www.fowtcg.com/card/1636","Geronimo","http://d12h0em1d7ppg.cloudfront.net/items/16/1636/image_en/1485246926.jpg","VIN001-053","http://d12h0em1d7ppg.cloudfront.net/docs/icons/green.png","200 / 200","Resonator","Shaman","啓々","Vingolf ""Engage Knights""","Continuous
This card cannot be targeted by spells or abilities your opponent controls.","""Fuaaaaah... I'm super tired after this battle! I think I'll take a nap now.""","Vingolf ""Engage Knights"""
"http://www.fowtcg.com/card/1637","Law of Silence","http://d12h0em1d7ppg.cloudfront.net/items/16/1637/image_en/1485246929.jpg","VIN001-054","http://d12h0em1d7ppg.cloudfront.net/docs/icons/green.png","","Chant","","七海ルシア","Vingolf ""Engage Knights""","","These laws help keep the land in peace and tranquility.","Vingolf ""Engage Knights"""
"http://www.fowtcg.com/card/1637","Law of Silence","http://d12h0em1d7ppg.cloudfront.net/items/16/1637/image_en/1485246929.jpg","VIN001-054","http://d12h0em1d7ppg.cloudfront.net/docs/icons/green.png","","Chant","","七海ルシア","Vingolf ""Engage Knights""","","These laws help keep the land in peace and tranquility.","Vingolf ""Engage Knights"""
"http://www.fowtcg.com/card/1638","Minamoto no Yoshitsune","http://d12h0em1d7ppg.cloudfront.net/items/16/1638/image_en/1485246931.jpg","VIN001-055","","","Ruler","Warlord","ぱんつもりこ","Vingolf ""Engage Knights""","Activate
[2]: Target resonator gains [+200/+0] until end of turn.","""Secret technique of the eight boats leap, 'Octa Drive'! Everyone who witnessed this ability of mine is now dead!""","Vingolf ""Engage Knights"""
"http://www.fowtcg.com/card/1639","Minamoto no Yoshitsune(J)","http://d12h0em1d7ppg.cloudfront.net/items/16/1639/image_en/1485246932.jpg","VIN001-055J","","1000 / 1000","J-ruler","Warlord","ぱんつもりこ","Vingolf ""Engage Knights""","Activate
[G][G]: This card gains [+200/+200] until end of turn.","","Vingolf ""Engage Knights"""
"http://www.fowtcg.com/card/1640","Pyotr I","http://d12h0em1d7ppg.cloudfront.net/items/16/1640/image_en/1485246933.jpg","VIN001-056","http://d12h0em1d7ppg.cloudfront.net/docs/icons/green.png","700 / 700","Resonator","Emperor","がおう","Vingolf ""Engage Knights""","Automatic
When this card enters your field, return target resonator to its owner's hand.","""My enemies are one, two, three... Gaaah! Who cares! I'll beat all of them anyway!""","Vingolf ""Engage Knights"""
"http://www.fowtcg.com/card/1640","Pyotr I","http://d12h0em1d7ppg.cloudfront.net/items/16/1640/image_en/1485246933.jpg","VIN001-056","http://d12h0em1d7ppg.cloudfront.net/docs/icons/green.png","700 / 700","Resonator","Emperor","がおう","Vingolf ""Engage Knights""","Automatic
When this card enters your field, return target resonator to its owner's hand.","""My enemies are one, two, three... Gaaah! Who cares! I'll beat all of them anyway!""","Vingolf ""Engage Knights"""
"http://www.fowtcg.com/card/1640","Pyotr I","http://d12h0em1d7ppg.cloudfront.net/items/16/1640/image_en/1485246933.jpg","VIN001-056","http://d12h0em1d7ppg.cloudfront.net/docs/icons/cost/02.png","700 / 700","Resonator","Emperor","がおう","Vingolf ""Engage Knights""","Automatic
When this card enters your field, return target resonator to its owner's hand.","""My enemies are one, two, three... Gaaah! Who cares! I'll beat all of them anyway!""","Vingolf ""Engage Knights"""
"http://www.fowtcg.com/card/1641","Silver Shoes","http://d12h0em1d7ppg.cloudfront.net/items/16/1641/image_en/1485246936.jpg","VIN001-057","http://d12h0em1d7ppg.cloudfront.net/docs/icons/green.png","","Addition: Resonator","","白野椋","Vingolf ""Engage Knights""","Continuous
Added resonator gains [+300/+300].","""Nice shoes, I wish to wear them for the next fight, although I'd rather be wearing them to a ball."" 〜Lumia, the Creator of Hope","Vingolf ""Engage Knights"""
"http://www.fowtcg.com/card/1642","Timur","http://d12h0em1d7ppg.cloudfront.net/items/16/1642/image_en/1485246937.jpg","VIN001-058","http://d12h0em1d7ppg.cloudfront.net/docs/icons/green.png","800 / 1000","Resonator","King","ぱんつもりこ","Vingolf ""Engage Knights""","","""In all things, a solid foundation is very important! You need to create a steady life project!""","Vingolf ""Engage Knights"""
"http://www.fowtcg.com/card/1642","Timur","http://d12h0em1d7ppg.cloudfront.net/items/16/1642/image_en/1485246937.jpg","VIN001-058","http://d12h0em1d7ppg.cloudfront.net/docs/icons/cost/03.png","800 / 1000","Resonator","King","ぱんつもりこ","Vingolf ""Engage Knights""","","""In all things, a solid foundation is very important! You need to create a steady life project!""","Vingolf ""Engage Knights"""
"http://www.fowtcg.com/card/1643","William Tell","http://d12h0em1d7ppg.cloudfront.net/items/16/1643/image_en/1485246939.jpg","VIN001-059","http://d12h0em1d7ppg.cloudfront.net/docs/icons/green.png","200 / 400","Resonator","Hero","mamuru","Vingolf ""Engage Knights""","","""Are you a bad person? Or a good person? 'cause if you are a bad person, I'll shoot you!""","Vingolf ""Engage Knights"""
"http://www.fowtcg.com/card/1644","Wind of Gods","http://d12h0em1d7ppg.cloudfront.net/items/16/1644/image_en/1485246941.jpg","VIN001-060","http://d12h0em1d7ppg.cloudfront.net/docs/icons/green.png","","Chant","","狛蜜ザキ","Vingolf ""Engage Knights""","","Can't you hear the voice of the wind? Now I'll make you hear it.","Vingolf ""Engage Knights"""
"http://www.fowtcg.com/card/1645","Binding Chain","http://d12h0em1d7ppg.cloudfront.net/items/16/1645/image_en/1485246943.jpg","VIN001-061","http://d12h0em1d7ppg.cloudfront.net/docs/icons/dark.png","","Chant","","竜風","Vingolf ""Engage Knights""","","","Vingolf ""Engage Knights"""
"http://www.fowtcg.com/card/1645","Binding Chain","http://d12h0em1d7ppg.cloudfront.net/items/16/1645/image_en/1485246943.jpg","VIN001-061","http://d12h0em1d7ppg.cloudfront.net/docs/icons/cost/02.png","","Chant","","竜風","Vingolf ""Engage Knights""","","","Vingolf ""Engage Knights"""
"http://www.fowtcg.com/card/1646","Dante","http://d12h0em1d7ppg.cloudfront.net/items/16/1646/image_en/1485246944.jpg","VIN001-062","http://d12h0em1d7ppg.cloudfront.net/docs/icons/dark.png","1000 / 800","Resonator","Poet","T-TRACK","Vingolf ""Engage Knights""","","""Go to Hell! Listen to my verses!""","Vingolf ""Engage Knights"""
"http://www.fowtcg.com/card/1646","Dante","http://d12h0em1d7ppg.cloudfront.net/items/16/1646/image_en/1485246944.jpg","VIN001-062","http://d12h0em1d7ppg.cloudfront.net/docs/icons/cost/03.png","1000 / 800","Resonator","Poet","T-TRACK","Vingolf ""Engage Knights""","","""Go to Hell! Listen to my verses!""","Vingolf ""Engage Knights"""
"http://www.fowtcg.com/card/1647","Demon's Curse","http://d12h0em1d7ppg.cloudfront.net/items/16/1647/image_en/1485246946.jpg","VIN001-063","http://d12h0em1d7ppg.cloudfront.net/docs/icons/dark.png","","Addition: Resonator","","白野椋","Vingolf ""Engage Knights""","Automatic
When added resonator is put into a graveyard from a field ⇒ This card deals 500 damage to that resonator's controller.","This curse is a pain close to pleasure.","Vingolf ""Engage Knights"""
"http://www.fowtcg.com/card/1647","Demon's Curse","http://d12h0em1d7ppg.cloudfront.net/items/16/1647/image_en/1485246946.jpg","VIN001-063","http://d12h0em1d7ppg.cloudfront.net/docs/icons/cost/01.png","","Addition: Resonator","","白野椋","Vingolf ""Engage Knights""","Automatic
When added resonator is put into a graveyard from a field ⇒ This card deals 500 damage to that resonator's controller.","This curse is a pain close to pleasure.","Vingolf ""Engage Knights"""
"http://www.fowtcg.com/card/1648","Edward, the Black Prince","http://d12h0em1d7ppg.cloudfront.net/items/16/1648/image_en/1485246947.jpg","VIN001-064","http://d12h0em1d7ppg.cloudfront.net/docs/icons/dark.png","700 / 700","Resonator","Prince","Riv","Vingolf ""Engage Knights""","Automatic
When this card enters your field, you lose 500 life.","""A - ny - wa - y, I hate men, okay? If you get that, could you please stay the hell away from me?""","Vingolf ""Engage Knights"""
"http://www.fowtcg.com/card/1648","Edward, the Black Prince","http://d12h0em1d7ppg.cloudfront.net/items/16/1648/image_en/1485246947.jpg","VIN001-064","http://d12h0em1d7ppg.cloudfront.net/docs/icons/dark.png","700 / 700","Resonator","Prince","Riv","Vingolf ""Engage Knights""","Automatic
When this card enters your field, you lose 500 life.","""A - ny - wa - y, I hate men, okay? If you get that, could you please stay the hell away from me?""","Vingolf ""Engage Knights"""
"http://www.fowtcg.com/card/1649","Faust","http://d12h0em1d7ppg.cloudfront.net/items/16/1649/image_en/1485246948.jpg","VIN001-065","http://d12h0em1d7ppg.cloudfront.net/docs/icons/dark.png","200 / 200","Resonator","Alchemist","人丸","Vingolf ""Engage Knights""","Activate
[B][B]: This card gains [+600/+600] until end of turn. Play this ability only once per turn.","""M-mr. Mephistopheles, what should we do?""","Vingolf ""Engage Knights"""
"http://www.fowtcg.com/card/1649","Faust","http://d12h0em1d7ppg.cloudfront.net/items/16/1649/image_en/1485246948.jpg","VIN001-065","http://d12h0em1d7ppg.cloudfront.net/docs/icons/cost/01.png","200 / 200","Resonator","Alchemist","人丸","Vingolf ""Engage Knights""","Activate
[B][B]: This card gains [+600/+600] until end of turn. Play this ability only once per turn.","""M-mr. Mephistopheles, what should we do?""","Vingolf ""Engage Knights"""
"http://www.fowtcg.com/card/1650","Michizane Sugawara","http://d12h0em1d7ppg.cloudfront.net/items/16/1650/image_en/1485246950.jpg","VIN001-066","http://d12h0em1d7ppg.cloudfront.net/docs/icons/dark.png","200 / 200","Resonator","Yin-Yang Master","ぽしー","Vingolf ""Engage Knights""","Automatic
Whenever this card deals damage, you gain that much life.","""If there's something troubling you, feel free to call your teacher anytime. I'll always lend you my knowledge!""","Vingolf ""Engage Knights"""
"http://www.fowtcg.com/card/1651","Mozart","http://d12h0em1d7ppg.cloudfront.net/items/16/1651/image_en/1485246953.jpg","VIN001-067","http://d12h0em1d7ppg.cloudfront.net/docs/icons/dark.png","200 / 200","Resonator","Composer","人丸","Vingolf ""Engage Knights""","Automatic
When this card is put into a graveyard from your field, your opponent banishes a resonator.","""Would you show me your bare buttocks? I'm sure they will give me some inspiration.""","Vingolf ""Engage Knights"""
"http://www.fowtcg.com/card/1651","Mozart","http://d12h0em1d7ppg.cloudfront.net/items/16/1651/image_en/1485246953.jpg","VIN001-067","http://d12h0em1d7ppg.cloudfront.net/docs/icons/cost/01.png","200 / 200","Resonator","Composer","人丸","Vingolf ""Engage Knights""","Automatic
When this card is put into a graveyard from your field, your opponent banishes a resonator.","""Would you show me your bare buttocks? I'm sure they will give me some inspiration.""","Vingolf ""Engage Knights"""
"http://www.fowtcg.com/card/1652","Nobunaga Oda","http://d12h0em1d7ppg.cloudfront.net/items/16/1652/image_en/1485246955.jpg","VIN001-068","http://d12h0em1d7ppg.cloudfront.net/docs/icons/dark.png","1000 / 1000","Resonator","Archenemy","藤真拓哉","Vingolf ""Engage Knights""","Continuous
Non-darkness resonators gain [-200/-200].","""Bwahahahahaha! I'll tear both my enemies and my allies apart!""","Vingolf ""Engage Knights"""
"http://www.fowtcg.com/card/1652","Nobunaga Oda","http://d12h0em1d7ppg.cloudfront.net/items/16/1652/image_en/1485246955.jpg","VIN001-068","http://d12h0em1d7ppg.cloudfront.net/docs/icons/dark.png","1000 / 1000","Resonator","Archenemy","藤真拓哉","Vingolf ""Engage Knights""","Continuous
Non-darkness resonators gain [-200/-200].","""Bwahahahahaha! I'll tear both my enemies and my allies apart!""","Vingolf ""Engage Knights"""
"http://www.fowtcg.com/card/1652","Nobunaga Oda","http://d12h0em1d7ppg.cloudfront.net/items/16/1652/image_en/1485246955.jpg","VIN001-068","http://d12h0em1d7ppg.cloudfront.net/docs/icons/cost/04.png","1000 / 1000","Resonator","Archenemy","藤真拓哉","Vingolf ""Engage Knights""","Continuous
Non-darkness resonators gain [-200/-200].","""Bwahahahahaha! I'll tear both my enemies and my allies apart!""","Vingolf ""Engage Knights"""
"http://www.fowtcg.com/card/1653","Nostradamus","http://d12h0em1d7ppg.cloudfront.net/items/16/1653/image_en/1485246957.jpg","VIN001-069","http://d12h0em1d7ppg.cloudfront.net/docs/icons/dark.png","400 / 400","Resonator","Prophet","たん","Vingolf ""Engage Knights""","Automatic
When this card enters your field, search your deck for a card. Then shuffle the rest of your deck and put that card on top of it.","""I had a vision! Today you... yeah, you won't die.""","Vingolf ""Engage Knights"""
"http://www.fowtcg.com/card/1653","Nostradamus","http://d12h0em1d7ppg.cloudfront.net/items/16/1653/image_en/1485246957.jpg","VIN001-069","http://d12h0em1d7ppg.cloudfront.net/docs/icons/cost/02.png","400 / 400","Resonator","Prophet","たん","Vingolf ""Engage Knights""","Automatic
When this card enters your field, search your deck for a card. Then shuffle the rest of your deck and put that card on top of it.","""I had a vision! Today you... yeah, you won't die.""","Vingolf ""Engage Knights"""
"http://www.fowtcg.com/card/1654","Rasputin","http://d12h0em1d7ppg.cloudfront.net/items/16/1654/image_en/1485246958.jpg","VIN001-070","http://d12h0em1d7ppg.cloudfront.net/docs/icons/dark.png","100 / 100","Resonator","Wizard","鍋島テツヒロ","Vingolf ""Engage Knights""","Automatic
When this card is put into a graveyard from your field, you may pay 200 life. If you do, put it into its owner's hand.","""Hohohohoho! Does it hurt? Is it painful? Come on, admit that you like it!""","Vingolf ""Engage Knights"""
"http://www.fowtcg.com/card/1655","Ritual of Millennia","http://d12h0em1d7ppg.cloudfront.net/items/16/1655/image_en/1485246960.jpg","VIN001-071","http://d12h0em1d7ppg.cloudfront.net/docs/icons/dark.png","","Chant","","小泉哲哉","Vingolf ""Engage Knights""","","""Stay alive, you must keep fighting. This is a millenary ritual."" -Kaguya, the Tale of the Bamboo Cutter","Vingolf ""Engage Knights"""
"http://www.fowtcg.com/card/1655","Ritual of Millennia","http://d12h0em1d7ppg.cloudfront.net/items/16/1655/image_en/1485246960.jpg","VIN001-071","http://d12h0em1d7ppg.cloudfront.net/docs/icons/dark.png","","Chant","","小泉哲哉","Vingolf ""Engage Knights""","","""Stay alive, you must keep fighting. This is a millenary ritual."" -Kaguya, the Tale of the Bamboo Cutter","Vingolf ""Engage Knights"""
"http://www.fowtcg.com/card/1656","Solomon","http://d12h0em1d7ppg.cloudfront.net/items/16/1656/image_en/1485246961.jpg","VIN001-072","http://d12h0em1d7ppg.cloudfront.net/docs/icons/dark.png","800 / 800","Resonator","King","煎茶","Vingolf ""Engage Knights""","Continuous
As long as your life is 2000 or less, this card gains [+200/+200].","""You should entertain me as much as you can, boy. And if you do, maybe I'll even lend you a hand.""","Vingolf ""Engage Knights"""
"http://www.fowtcg.com/card/1656","Solomon","http://d12h0em1d7ppg.cloudfront.net/items/16/1656/image_en/1485246961.jpg","VIN001-072","http://d12h0em1d7ppg.cloudfront.net/docs/icons/dark.png","800 / 800","Resonator","King","煎茶","Vingolf ""Engage Knights""","Continuous
As long as your life is 2000 or less, this card gains [+200/+200].","""You should entertain me as much as you can, boy. And if you do, maybe I'll even lend you a hand.""","Vingolf ""Engage Knights"""
"http://www.fowtcg.com/card/1656","Solomon","http://d12h0em1d7ppg.cloudfront.net/items/16/1656/image_en/1485246961.jpg","VIN001-072","http://d12h0em1d7ppg.cloudfront.net/docs/icons/cost/02.png","800 / 800","Resonator","King","煎茶","Vingolf ""Engage Knights""","Continuous
As long as your life is 2000 or less, this card gains [+200/+200].","""You should entertain me as much as you can, boy. And if you do, maybe I'll even lend you a hand.""","Vingolf ""Engage Knights"""
"http://www.fowtcg.com/card/1657","Stoning to Death","http://d12h0em1d7ppg.cloudfront.net/items/16/1657/image_en/1485246963.jpg","VIN001-073","http://d12h0em1d7ppg.cloudfront.net/docs/icons/dark.png","","Chant","","Fushikaden K.K.","Vingolf ""Engage Knights""","","""Death is just one form. A complete death is the destruction of your entirety."" 〜Abdul Alhazred, the Harbinger of Despair","Vingolf ""Engage Knights"""
"http://www.fowtcg.com/card/1657","Stoning to Death","http://d12h0em1d7ppg.cloudfront.net/items/16/1657/image_en/1485246963.jpg","VIN001-073","http://d12h0em1d7ppg.cloudfront.net/docs/icons/dark.png","","Chant","","Fushikaden K.K.","Vingolf ""Engage Knights""","","""Death is just one form. A complete death is the destruction of your entirety."" 〜Abdul Alhazred, the Harbinger of Despair","Vingolf ""Engage Knights"""
"http://www.fowtcg.com/card/1658","Tunnel Vision","http://d12h0em1d7ppg.cloudfront.net/items/16/1658/image_en/1485246966.jpg","VIN001-074","http://d12h0em1d7ppg.cloudfront.net/docs/icons/dark.png","","Chant","","路真行方","Vingolf ""Engage Knights""","","","Vingolf ""Engage Knights"""
"http://www.fowtcg.com/card/1658","Tunnel Vision","http://d12h0em1d7ppg.cloudfront.net/items/16/1658/image_en/1485246966.jpg","VIN001-074","http://d12h0em1d7ppg.cloudfront.net/docs/icons/cost/01.png","","Chant","","路真行方","Vingolf ""Engage Knights""","","","Vingolf ""Engage Knights"""
"http://www.fowtcg.com/card/1659","Vlad Tepes","http://d12h0em1d7ppg.cloudfront.net/items/16/1659/image_en/1485246968.jpg","VIN001-075","","","Ruler","Vampire","鍋島テツヒロ","Vingolf ""Engage Knights""","Activate
[2]: This card deals 200 damage to target opponent. You gain 200 life.","""What's wrong? Even though I'm quite tall, I won't look down on you! It's just that I drink milk every day!""","Vingolf ""Engage Knights"""
"http://www.fowtcg.com/card/1660","Vlad Tepes(J)","http://d12h0em1d7ppg.cloudfront.net/items/16/1660/image_en/1485246969.jpg","VIN001-075J","","800 / 1000","J-ruler","Vampire","鍋島テツヒロ","Vingolf ""Engage Knights""","Activate
[B][2], banish a darkness resonator: This card gains [Imperishable] until end of turn.","","Vingolf ""Engage Knights"""
"http://www.fowtcg.com/card/1661","Leonardo da Vinci","http://d12h0em1d7ppg.cloudfront.net/items/16/1661/image_en/1485246970.jpg","VIN001-076","http://d12h0em1d7ppg.cloudfront.net/docs/icons/cost/03.png","600 / 600","Resonator","Artist","Prime","Vingolf ""Engage Knights""","Activate
[1]: Choose an attribute. This card becomes the chosen attribute until end of turn.","""A little while ago I came up with this very good idea... Speaking of which, would you mind being the subject for my experiment?""","Vingolf ""Engage Knights"""
"http://www.fowtcg.com/card/1662","Ryoma Sakamoto","http://d12h0em1d7ppg.cloudfront.net/items/16/1662/image_en/1485246971.jpg","VIN001-077","http://d12h0em1d7ppg.cloudfront.net/docs/icons/cost/02.png","400 / 400","Resonator","Musketeer","人丸","Vingolf ""Engage Knights""","Activate
[1]: Produce one will of any attribute.","""C-come on, let's not fight! We should all be friends, and be like 'love and peace'!""","Vingolf ""Engage Knights"""
"http://www.fowtcg.com/card/1663","Shakespeare","http://d12h0em1d7ppg.cloudfront.net/items/16/1663/image_en/1485246973.jpg","VIN001-078","http://d12h0em1d7ppg.cloudfront.net/docs/icons/cost/03.png","400 / 400","Resonator","Poet","戦友","Vingolf ""Engage Knights""","Automatic
When this card enters your field, look at the top card of your magic stone deck. If you don't control a magic stone with the same name as that card, you may put it into your field.","""Don't worry, your pitiable existence will become my sustenance. So feel free to fall down whenever you're ready, ahahah!""","Vingolf ""Engage Knights"""
"http://www.fowtcg.com/card/1664","Socrates","http://d12h0em1d7ppg.cloudfront.net/items/16/1664/image_en/1485246975.jpg","VIN001-079","http://d12h0em1d7ppg.cloudfront.net/docs/icons/cost/03.png","400 / 400","Resonator","Philosopher","cuboon","Vingolf ""Engage Knights""","Continuous
This card gains [+200/+200] for each different attribute among cards you control.","""Socrates once said: 'Eat to live, don't live to eat'.""","Vingolf ""Engage Knights"""
"http://www.fowtcg.com/card/1665","Magic Stone of Black Silence","http://d12h0em1d7ppg.cloudfront.net/items/16/1665/image_en/1485246979.jpg","VIN001-080","","","Special Magic Stone","","影山キナ","Vingolf ""Engage Knights""","Activate
[rest]: Produce [G] or [B].","A darkness cast from the absence of light; A tranquility devoid of all sound.","Vingolf ""Engage Knights"""
"http://www.fowtcg.com/card/1666","Magic Stone of Blasting Waves","http://d12h0em1d7ppg.cloudfront.net/items/16/1666/image_en/1485246980.jpg","VIN001-081","","","Special Magic Stone","","サウマロ","Vingolf ""Engage Knights""","Activate
[rest]: Produce [G] or [R].","A wind that can blow through everything; A fire that can burn through all.","Vingolf ""Engage Knights"""
"http://www.fowtcg.com/card/1667","Magic Stone of Dark Depth","http://d12h0em1d7ppg.cloudfront.net/items/16/1667/image_en/1485246981.jpg","VIN001-082","","","Special Magic Stone","","夕子","Vingolf ""Engage Knights""","Activate
[rest]: Produce [B] or [U].","Movements within the dark and murky depths.","Vingolf ""Engage Knights"""
"http://www.fowtcg.com/card/1668","Magic Stone of Deep Wood","http://d12h0em1d7ppg.cloudfront.net/items/16/1668/image_en/1485246983.jpg","VIN001-083","","","Special Magic Stone","","影山キナ","Vingolf ""Engage Knights""","Activate
[rest]: Produce [G] or [U].","A divine blessing for nature's growth; An oasis to quench all thirsts.","Vingolf ""Engage Knights"""
"http://www.fowtcg.com/card/1669","Magic Stone of Gusting Skies","http://d12h0em1d7ppg.cloudfront.net/items/16/1669/image_en/1485246985.jpg","VIN001-084","","","Special Magic Stone","","アサヒナ","Vingolf ""Engage Knights""","Activate
[rest]: Produce [W] or [G].","A momentary shine that reflects in the sky.","Vingolf ""Engage Knights"""
"http://www.fowtcg.com/card/1670","Magic Stone of Hearth's Core","http://d12h0em1d7ppg.cloudfront.net/items/16/1670/image_en/1485246987.jpg","VIN001-085","","","Special Magic Stone","","影山キナ","Vingolf ""Engage Knights""","Activate
[rest]: Produce [R] or [U].","A passion like burning flames; A presence as cold as ice.","Vingolf ""Engage Knights"""
"http://www.fowtcg.com/card/1671","Magic Stone of Heat Ray","http://d12h0em1d7ppg.cloudfront.net/items/16/1671/image_en/1485246989.jpg","VIN001-086","","","Special Magic Stone","","影山キナ","Vingolf ""Engage Knights""","Activate
[rest]: Produce [W] or [R].","A piercing gleam of blinding light; An incandescent glow that cannot be touched.","Vingolf ""Engage Knights"""
"http://www.fowtcg.com/card/1672","Magic Stone of Heaven's Rift","http://d12h0em1d7ppg.cloudfront.net/items/16/1672/image_en/1485246990.jpg","VIN001-087","","","Special Magic Stone","","影山キナ","Vingolf ""Engage Knights""","Activate
[rest]: Produce [W] or [B].","A cursed darkness that covers all; A holy light that radiates freely.","Vingolf ""Engage Knights"""
"http://www.fowtcg.com/card/1673","Magic Stone of Light Vapors","http://d12h0em1d7ppg.cloudfront.net/items/16/1673/image_en/1485246992.jpg","VIN001-088","","","Special Magic Stone","","河北亜希","Vingolf ""Engage Knights""","Activate
[rest]: Produce [W] or [U].","The shining paths that branch from the crossroad.","Vingolf ""Engage Knights"""
"http://www.fowtcg.com/card/1674","Magic Stone of Scorched Bales","http://d12h0em1d7ppg.cloudfront.net/items/16/1674/image_en/1485246993.jpg","VIN001-089","","","Special Magic Stone","","tokiwa","Vingolf ""Engage Knights""","Activate
[rest]: Produce [B] or [R].","Hidden within the night, the burning spiral of seeds.","Vingolf ""Engage Knights"""
"http://www.fowtcg.com/card/1675","Darkness Magic Stone","http://d12h0em1d7ppg.cloudfront.net/items/16/1675/image_en/1485246995.jpg","VIN001-090","","","Basic Magic Stone","","光芒","Vingolf ""Engage Knights""","Activate
[rest]: Produce [B].","","Vingolf ""Engage Knights"""
"http://www.fowtcg.com/card/1676","Fire Magic Stone","http://d12h0em1d7ppg.cloudfront.net/items/16/1676/image_en/1485246996.jpg","VIN001-091","","","Basic Magic Stone","","光芒","Vingolf ""Engage Knights""","Activate
[rest]: Produce [R].","","Vingolf ""Engage Knights"""
"http://www.fowtcg.com/card/1677","Light Magic Stone","http://d12h0em1d7ppg.cloudfront.net/items/16/1677/image_en/1485246998.jpg","VIN001-092","","","Basic Magic Stone","","光芒","Vingolf ""Engage Knights""","Activate
[rest]: Produce [W].","","Vingolf ""Engage Knights"""
"http://www.fowtcg.com/card/1678","Water Magic Stone","http://d12h0em1d7ppg.cloudfront.net/items/16/1678/image_en/1485246999.jpg","VIN001-093","","","Basic Magic Stone","","光芒","Vingolf ""Engage Knights""","Activate
[rest]: Produce [U].","","Vingolf ""Engage Knights"""
"http://www.fowtcg.com/card/1679","Wind Magic Stone","http://d12h0em1d7ppg.cloudfront.net/items/16/1679/image_en/1485247002.jpg","VIN001-094","","","Basic Magic Stone","","光芒","Vingolf ""Engage Knights""","Activate
[rest]: Produce [G].","","Vingolf ""Engage Knights"""