"card_url","card_name","card_image","card_number","card_rarity","card_cost_attribute","card_att_def","card_type","card_race","card_artist","card_expansion","card_flavor_text","card_all_sets"
"http://www.fowtcg.com/card/3882","Alice, Otherworldly Visitor","http://d12h0em1d7ppg.cloudfront.net/items/38/3882/image_en/11ef2fea-7f0a-4838-a489-c284652c66f5.jpg","SNV-001","SR","http://d12h0em1d7ppg.cloudfront.net/docs/icons/white.png","800 / 800","Resonator","Fairy Tale/Wanderer","Wednesday","The Strangers of New Valhalla","""I've come to bring you back, you sly cat!""","The Strangers of New Valhalla"
"http://www.fowtcg.com/card/3882","Alice, Otherworldly Visitor","http://d12h0em1d7ppg.cloudfront.net/items/38/3882/image_en/11ef2fea-7f0a-4838-a489-c284652c66f5.jpg","SNV-001","SR","http://d12h0em1d7ppg.cloudfront.net/docs/icons/white.png","800 / 800","Resonator","Fairy Tale/Wanderer","Wednesday","The Strangers of New Valhalla","""I've come to bring you back, you sly cat!""","The Strangers of New Valhalla"
"http://www.fowtcg.com/card/3882","Alice, Otherworldly Visitor","http://d12h0em1d7ppg.cloudfront.net/items/38/3882/image_en/11ef2fea-7f0a-4838-a489-c284652c66f5.jpg","SNV-001","SR","http://d12h0em1d7ppg.cloudfront.net/docs/icons/cost/01.png","800 / 800","Resonator","Fairy Tale/Wanderer","Wednesday","The Strangers of New Valhalla","""I've come to bring you back, you sly cat!""","The Strangers of New Valhalla"
"http://www.fowtcg.com/card/3883","Barrier of Faith","http://d12h0em1d7ppg.cloudfront.net/items/38/3883/image_en/ec23655c-c1fe-4058-b841-f175344f8f27.jpg","SNV-002","U","http://d12h0em1d7ppg.cloudfront.net/docs/icons/white.png","","Chant/Rune(Divinity 1)","","gekko","The Strangers of New Valhalla","""It's futile."" -Misteltein, the Pious Sword Saint","The Strangers of New Valhalla"
"http://www.fowtcg.com/card/3884","Blade of Faith","http://d12h0em1d7ppg.cloudfront.net/items/38/3884/image_en/31d65076-7641-4a68-90fe-a609cc22bdc5.jpg","SNV-003","R","http://d12h0em1d7ppg.cloudfront.net/docs/icons/white.png","","Chant/Master Rune(Divinity 2)","","AKI","The Strangers of New Valhalla","""The obstacles fate places before me do nothing to deter my faith!"" -Misteltein, the Pious Sword Saint","The Strangers of New Valhalla"
"http://www.fowtcg.com/card/3884","Blade of Faith","http://d12h0em1d7ppg.cloudfront.net/items/38/3884/image_en/31d65076-7641-4a68-90fe-a609cc22bdc5.jpg","SNV-003","R","http://d12h0em1d7ppg.cloudfront.net/docs/icons/cost/03.png","","Chant/Master Rune(Divinity 2)","","AKI","The Strangers of New Valhalla","""The obstacles fate places before me do nothing to deter my faith!"" -Misteltein, the Pious Sword Saint","The Strangers of New Valhalla"
"http://www.fowtcg.com/card/3885","Card Conscript","http://d12h0em1d7ppg.cloudfront.net/items/38/3885/image_en/61aa0932-8c3b-4517-ba1a-694c0761252a.jpg","SNV-004","C","http://d12h0em1d7ppg.cloudfront.net/docs/icons/white.png","900 / 1400","Resonator","Fairy Tale","mie","The Strangers of New Valhalla","""Alright, line up in numerical order! Hey, you there! Can't you count?"" -Alice, Otherworldly Visitor","The Strangers of New Valhalla"
"http://www.fowtcg.com/card/3885","Card Conscript","http://d12h0em1d7ppg.cloudfront.net/items/38/3885/image_en/61aa0932-8c3b-4517-ba1a-694c0761252a.jpg","SNV-004","C","http://d12h0em1d7ppg.cloudfront.net/docs/icons/cost/04.png","900 / 1400","Resonator","Fairy Tale","mie","The Strangers of New Valhalla","""Alright, line up in numerical order! Hey, you there! Can't you count?"" -Alice, Otherworldly Visitor","The Strangers of New Valhalla"
"http://www.fowtcg.com/card/3886","Dark Alice Doll","http://d12h0em1d7ppg.cloudfront.net/items/38/3886/image_en/7baccb2b-d1fa-4772-bf33-8b4ab099dc0d.jpg","SNV-005","R","http://d12h0em1d7ppg.cloudfront.net/docs/icons/white.png","400 / 1000","Resonator","Fairy Tale/Doll","Matsurika Yoko","The Strangers of New Valhalla","""Aww, don't make such a sour face!"" -Alice, Otherworldly Visitor","The Strangers of New Valhalla"
"http://www.fowtcg.com/card/3886","Dark Alice Doll","http://d12h0em1d7ppg.cloudfront.net/items/38/3886/image_en/7baccb2b-d1fa-4772-bf33-8b4ab099dc0d.jpg","SNV-005","R","http://d12h0em1d7ppg.cloudfront.net/docs/icons/white.png","400 / 1000","Resonator","Fairy Tale/Doll","Matsurika Yoko","The Strangers of New Valhalla","""Aww, don't make such a sour face!"" -Alice, Otherworldly Visitor","The Strangers of New Valhalla"
"http://www.fowtcg.com/card/3886","Dark Alice Doll","http://d12h0em1d7ppg.cloudfront.net/items/38/3886/image_en/7baccb2b-d1fa-4772-bf33-8b4ab099dc0d.jpg","SNV-005","R","http://d12h0em1d7ppg.cloudfront.net/docs/icons/cost/01.png","400 / 1000","Resonator","Fairy Tale/Doll","Matsurika Yoko","The Strangers of New Valhalla","""Aww, don't make such a sour face!"" -Alice, Otherworldly Visitor","The Strangers of New Valhalla"
"http://www.fowtcg.com/card/3887","God's Choice","http://d12h0em1d7ppg.cloudfront.net/items/38/3887/image_en/a061e6c1-8d62-42b2-8fc6-7d4d06e36fa1.jpg","SNV-006","C","http://d12h0em1d7ppg.cloudfront.net/docs/icons/white.png","","Chant","","EM-MIKA","The Strangers of New Valhalla","Brunhild's command is Lord Odin's decree.","The Strangers of New Valhalla"
"http://www.fowtcg.com/card/3887","God's Choice","http://d12h0em1d7ppg.cloudfront.net/items/38/3887/image_en/a061e6c1-8d62-42b2-8fc6-7d4d06e36fa1.jpg","SNV-006","C","http://d12h0em1d7ppg.cloudfront.net/docs/icons/white.png","","Chant","","EM-MIKA","The Strangers of New Valhalla","Brunhild's command is Lord Odin's decree.","The Strangers of New Valhalla"
"http://www.fowtcg.com/card/3888","March Hare of Valhalla","http://d12h0em1d7ppg.cloudfront.net/items/38/3888/image_en/49799d6e-c59e-4073-aaf1-4703a78128de.jpg","SNV-007","U","http://d12h0em1d7ppg.cloudfront.net/docs/icons/white.png","600 / 600","Resonator","Fairy Tale/Wererabbit","Kamijo Roro","The Strangers of New Valhalla","""Um, who?"" -Alice, Otherworldly Visitor","The Strangers of New Valhalla"
"http://www.fowtcg.com/card/3888","March Hare of Valhalla","http://d12h0em1d7ppg.cloudfront.net/items/38/3888/image_en/49799d6e-c59e-4073-aaf1-4703a78128de.jpg","SNV-007","U","http://d12h0em1d7ppg.cloudfront.net/docs/icons/white.png","600 / 600","Resonator","Fairy Tale/Wererabbit","Kamijo Roro","The Strangers of New Valhalla","""Um, who?"" -Alice, Otherworldly Visitor","The Strangers of New Valhalla"
"http://www.fowtcg.com/card/3889","Messenger of the Sun","http://d12h0em1d7ppg.cloudfront.net/items/38/3889/image_en/05d06164-b486-4843-a997-459af4f36f85.jpg","SNV-008","C","http://d12h0em1d7ppg.cloudfront.net/docs/icons/white.png","200 / 400","Resonator","Human","sasaki kounosuke","The Strangers of New Valhalla","Upon receiving the report from the messenger, Brunhild made the decision to attack Lunar Heaven.","The Strangers of New Valhalla"
"http://www.fowtcg.com/card/3889","Messenger of the Sun","http://d12h0em1d7ppg.cloudfront.net/items/38/3889/image_en/05d06164-b486-4843-a997-459af4f36f85.jpg","SNV-008","C","http://d12h0em1d7ppg.cloudfront.net/docs/icons/cost/01.png","200 / 400","Resonator","Human","sasaki kounosuke","The Strangers of New Valhalla","Upon receiving the report from the messenger, Brunhild made the decision to attack Lunar Heaven.","The Strangers of New Valhalla"
"http://www.fowtcg.com/card/3890","Misteltein, the Pious Sword Saint","http://d12h0em1d7ppg.cloudfront.net/items/38/3890/image_en/6b135a96-74c4-4b22-8f0e-79d87e355274.jpg","SNV-009","SR","http://d12h0em1d7ppg.cloudfront.net/docs/icons/white.png","1200 / 1200","Resonator","Human/Wanderer","lack","The Strangers of New Valhalla","As time passed, her faith only grew. Now one with her belief, she returns to this world.","The Strangers of New Valhalla"
"http://www.fowtcg.com/card/3890","Misteltein, the Pious Sword Saint","http://d12h0em1d7ppg.cloudfront.net/items/38/3890/image_en/6b135a96-74c4-4b22-8f0e-79d87e355274.jpg","SNV-009","SR","http://d12h0em1d7ppg.cloudfront.net/docs/icons/white.png","1200 / 1200","Resonator","Human/Wanderer","lack","The Strangers of New Valhalla","As time passed, her faith only grew. Now one with her belief, she returns to this world.","The Strangers of New Valhalla"
"http://www.fowtcg.com/card/3890","Misteltein, the Pious Sword Saint","http://d12h0em1d7ppg.cloudfront.net/items/38/3890/image_en/6b135a96-74c4-4b22-8f0e-79d87e355274.jpg","SNV-009","SR","http://d12h0em1d7ppg.cloudfront.net/docs/icons/cost/03.png","1200 / 1200","Resonator","Human/Wanderer","lack","The Strangers of New Valhalla","As time passed, her faith only grew. Now one with her belief, she returns to this world.","The Strangers of New Valhalla"
"http://www.fowtcg.com/card/3891","Monk Heroic Spirit","http://d12h0em1d7ppg.cloudfront.net/items/38/3891/image_en/6d0b1e51-e62d-44ac-8755-de422e264b6a.jpg","SNV-010","U","http://d12h0em1d7ppg.cloudfront.net/docs/icons/white.png","800 / 800","Resonator","Heroic Spirit","karuta shiki","The Strangers of New Valhalla","Misteltein's guardian, the heroic spirit of healing.","The Strangers of New Valhalla"
"http://www.fowtcg.com/card/3891","Monk Heroic Spirit","http://d12h0em1d7ppg.cloudfront.net/items/38/3891/image_en/6d0b1e51-e62d-44ac-8755-de422e264b6a.jpg","SNV-010","U","http://d12h0em1d7ppg.cloudfront.net/docs/icons/white.png","800 / 800","Resonator","Heroic Spirit","karuta shiki","The Strangers of New Valhalla","Misteltein's guardian, the heroic spirit of healing.","The Strangers of New Valhalla"
"http://www.fowtcg.com/card/3891","Monk Heroic Spirit","http://d12h0em1d7ppg.cloudfront.net/items/38/3891/image_en/6d0b1e51-e62d-44ac-8755-de422e264b6a.jpg","SNV-010","U","http://d12h0em1d7ppg.cloudfront.net/docs/icons/cost/01.png","800 / 800","Resonator","Heroic Spirit","karuta shiki","The Strangers of New Valhalla","Misteltein's guardian, the heroic spirit of healing.","The Strangers of New Valhalla"
"http://www.fowtcg.com/card/3892","Musician of the Moon","http://d12h0em1d7ppg.cloudfront.net/items/38/3892/image_en/64150d18-62b1-4d6a-aae6-4acd55f453c5.jpg","SNV-011","U","http://d12h0em1d7ppg.cloudfront.net/docs/icons/white.png","300 / 300","Resonator","Wererabbit","yua","The Strangers of New Valhalla","""We were born with these large ears to enjoy music. I don't wish to lose this way of life."" -Atom Seikhart","The Strangers of New Valhalla"
"http://www.fowtcg.com/card/3893","Mysterious Welcome Party","http://d12h0em1d7ppg.cloudfront.net/items/38/3893/image_en/978b1a40-91b0-4f34-8b9f-8d09f2c82595.jpg","SNV-012","C","http://d12h0em1d7ppg.cloudfront.net/docs/icons/white.png","","Chant","","AKI","The Strangers of New Valhalla","Atom was at a loss as to why they were holding a welcome party for an uninvited guest.","The Strangers of New Valhalla"
"http://www.fowtcg.com/card/3894","Palace Chef","http://d12h0em1d7ppg.cloudfront.net/items/38/3894/image_en/b1856d83-c8ad-4b0a-81b4-a5caf47b173c.jpg","SNV-013","C","http://d12h0em1d7ppg.cloudfront.net/docs/icons/white.png","700 / 800","Resonator","Wererabbit","Yuko Nagasaki","The Strangers of New Valhalla","In Lunar Heaven, it is believed carrots are best for one's health.","The Strangers of New Valhalla"
"http://www.fowtcg.com/card/3894","Palace Chef","http://d12h0em1d7ppg.cloudfront.net/items/38/3894/image_en/b1856d83-c8ad-4b0a-81b4-a5caf47b173c.jpg","SNV-013","C","http://d12h0em1d7ppg.cloudfront.net/docs/icons/cost/02.png","700 / 800","Resonator","Wererabbit","Yuko Nagasaki","The Strangers of New Valhalla","In Lunar Heaven, it is believed carrots are best for one's health.","The Strangers of New Valhalla"
"http://www.fowtcg.com/card/3895","Reginleif, Inheritor of God's Will","http://d12h0em1d7ppg.cloudfront.net/items/38/3895/image_en/d99919e2-72fb-40a2-85c0-5bd27a242149.jpg","SNV-014","R","http://d12h0em1d7ppg.cloudfront.net/docs/icons/white.png","800 / 1500","Resonator","Valkyrie","noki","The Strangers of New Valhalla","Entrusted with god's mission, she leads the Valkyries to battle.","The Strangers of New Valhalla"
"http://www.fowtcg.com/card/3895","Reginleif, Inheritor of God's Will","http://d12h0em1d7ppg.cloudfront.net/items/38/3895/image_en/d99919e2-72fb-40a2-85c0-5bd27a242149.jpg","SNV-014","R","http://d12h0em1d7ppg.cloudfront.net/docs/icons/white.png","800 / 1500","Resonator","Valkyrie","noki","The Strangers of New Valhalla","Entrusted with god's mission, she leads the Valkyries to battle.","The Strangers of New Valhalla"
"http://www.fowtcg.com/card/3895","Reginleif, Inheritor of God's Will","http://d12h0em1d7ppg.cloudfront.net/items/38/3895/image_en/d99919e2-72fb-40a2-85c0-5bd27a242149.jpg","SNV-014","R","http://d12h0em1d7ppg.cloudfront.net/docs/icons/cost/03.png","800 / 1500","Resonator","Valkyrie","noki","The Strangers of New Valhalla","Entrusted with god's mission, she leads the Valkyries to battle.","The Strangers of New Valhalla"
"http://www.fowtcg.com/card/3896","Spirit of Moonlit Nights","http://d12h0em1d7ppg.cloudfront.net/items/38/3896/image_en/a1a35fc2-e3f3-4fc2-9b16-2920df9bab47.jpg","SNV-015","C","http://d12h0em1d7ppg.cloudfront.net/docs/icons/white.png","200 / 200","Resonator","Spirit","BANAMONS*","The Strangers of New Valhalla","The moon of Lunar Heaven illuminated the ground, as if trying to tell something to the visitor.","The Strangers of New Valhalla"
"http://www.fowtcg.com/card/3897","Swordsman Heroic Spirit","http://d12h0em1d7ppg.cloudfront.net/items/38/3897/image_en/fa5cbcdd-43a3-453a-8d01-4941263058a4.jpg","SNV-016","C","http://d12h0em1d7ppg.cloudfront.net/docs/icons/white.png","600 / 600","Resonator","Heroic Spirit","gajumaru","The Strangers of New Valhalla","Misteltein's devotee, the heroic spirit of faith.","The Strangers of New Valhalla"
"http://www.fowtcg.com/card/3897","Swordsman Heroic Spirit","http://d12h0em1d7ppg.cloudfront.net/items/38/3897/image_en/fa5cbcdd-43a3-453a-8d01-4941263058a4.jpg","SNV-016","C","http://d12h0em1d7ppg.cloudfront.net/docs/icons/white.png","600 / 600","Resonator","Heroic Spirit","gajumaru","The Strangers of New Valhalla","Misteltein's devotee, the heroic spirit of faith.","The Strangers of New Valhalla"
"http://www.fowtcg.com/card/3898","The Battle of Sun and Moon","http://d12h0em1d7ppg.cloudfront.net/items/38/3898/image_en/31f94595-4182-4db0-ba32-22ecf9e4554b.jpg","SNV-017","U","http://d12h0em1d7ppg.cloudfront.net/docs/icons/white.png","","Chant/Rune(Divinity 2)","","Saiko Takaki","The Strangers of New Valhalla","""Good heavens. We've got quite the visitors today."" -Atom Seikhart","The Strangers of New Valhalla"
"http://www.fowtcg.com/card/3898","The Battle of Sun and Moon","http://d12h0em1d7ppg.cloudfront.net/items/38/3898/image_en/31f94595-4182-4db0-ba32-22ecf9e4554b.jpg","SNV-017","U","http://d12h0em1d7ppg.cloudfront.net/docs/icons/white.png","","Chant/Rune(Divinity 2)","","Saiko Takaki","The Strangers of New Valhalla","""Good heavens. We've got quite the visitors today."" -Atom Seikhart","The Strangers of New Valhalla"
"http://www.fowtcg.com/card/3898","The Battle of Sun and Moon","http://d12h0em1d7ppg.cloudfront.net/items/38/3898/image_en/31f94595-4182-4db0-ba32-22ecf9e4554b.jpg","SNV-017","U","http://d12h0em1d7ppg.cloudfront.net/docs/icons/cost/03.png","","Chant/Rune(Divinity 2)","","Saiko Takaki","The Strangers of New Valhalla","""Good heavens. We've got quite the visitors today."" -Atom Seikhart","The Strangers of New Valhalla"
"http://www.fowtcg.com/card/3899","The Stranger from Re-Earth","http://d12h0em1d7ppg.cloudfront.net/items/38/3899/image_en/fee0e732-f42d-4dd3-9dda-afc1b2f63b1f.jpg","SNV-018","R","http://d12h0em1d7ppg.cloudfront.net/docs/icons/white.png","","Chant/Rune(Divinity 3)","","Saiko Takaki","The Strangers of New Valhalla","""Don't expect me to hold a welcome party for an uninvited guest."" -Atom Seikhart","The Strangers of New Valhalla"
"http://www.fowtcg.com/card/3899","The Stranger from Re-Earth","http://d12h0em1d7ppg.cloudfront.net/items/38/3899/image_en/fee0e732-f42d-4dd3-9dda-afc1b2f63b1f.jpg","SNV-018","R","http://d12h0em1d7ppg.cloudfront.net/docs/icons/white.png","","Chant/Rune(Divinity 3)","","Saiko Takaki","The Strangers of New Valhalla","""Don't expect me to hold a welcome party for an uninvited guest."" -Atom Seikhart","The Strangers of New Valhalla"
"http://www.fowtcg.com/card/3899","The Stranger from Re-Earth","http://d12h0em1d7ppg.cloudfront.net/items/38/3899/image_en/fee0e732-f42d-4dd3-9dda-afc1b2f63b1f.jpg","SNV-018","R","http://d12h0em1d7ppg.cloudfront.net/docs/icons/cost/02.png","","Chant/Rune(Divinity 3)","","Saiko Takaki","The Strangers of New Valhalla","""Don't expect me to hold a welcome party for an uninvited guest."" -Atom Seikhart","The Strangers of New Valhalla"
"http://www.fowtcg.com/card/3900","Valkyrie of the Dawn","http://d12h0em1d7ppg.cloudfront.net/items/39/3900/image_en/096501ac-1236-4d63-8ed2-51ee58417a00.jpg","SNV-019","C","http://d12h0em1d7ppg.cloudfront.net/docs/icons/white.png","800 / 800","Resonator","Valkyrie","yuko","The Strangers of New Valhalla","The Valkyries set their eyes on the moon, soaring higher than the sun.","The Strangers of New Valhalla"
"http://www.fowtcg.com/card/3900","Valkyrie of the Dawn","http://d12h0em1d7ppg.cloudfront.net/items/39/3900/image_en/096501ac-1236-4d63-8ed2-51ee58417a00.jpg","SNV-019","C","http://d12h0em1d7ppg.cloudfront.net/docs/icons/white.png","800 / 800","Resonator","Valkyrie","yuko","The Strangers of New Valhalla","The Valkyries set their eyes on the moon, soaring higher than the sun.","The Strangers of New Valhalla"
"http://www.fowtcg.com/card/3900","Valkyrie of the Dawn","http://d12h0em1d7ppg.cloudfront.net/items/39/3900/image_en/096501ac-1236-4d63-8ed2-51ee58417a00.jpg","SNV-019","C","http://d12h0em1d7ppg.cloudfront.net/docs/icons/cost/02.png","800 / 800","Resonator","Valkyrie","yuko","The Strangers of New Valhalla","The Valkyries set their eyes on the moon, soaring higher than the sun.","The Strangers of New Valhalla"
"http://www.fowtcg.com/card/3901","Wizard Heroic Spirit","http://d12h0em1d7ppg.cloudfront.net/items/39/3901/image_en/2bcb21f9-2411-415b-bd18-d44ab1135d01.jpg","SNV-020","U","http://d12h0em1d7ppg.cloudfront.net/docs/icons/white.png","500 / 1000","Resonator","Heroic Spirit","Miko Yamazaki","The Strangers of New Valhalla","Misteltein's advisor, the heroic spirit of sorcery.","The Strangers of New Valhalla"
"http://www.fowtcg.com/card/3901","Wizard Heroic Spirit","http://d12h0em1d7ppg.cloudfront.net/items/39/3901/image_en/2bcb21f9-2411-415b-bd18-d44ab1135d01.jpg","SNV-020","U","http://d12h0em1d7ppg.cloudfront.net/docs/icons/white.png","500 / 1000","Resonator","Heroic Spirit","Miko Yamazaki","The Strangers of New Valhalla","Misteltein's advisor, the heroic spirit of sorcery.","The Strangers of New Valhalla"
"http://www.fowtcg.com/card/3901","Wizard Heroic Spirit","http://d12h0em1d7ppg.cloudfront.net/items/39/3901/image_en/2bcb21f9-2411-415b-bd18-d44ab1135d01.jpg","SNV-020","U","http://d12h0em1d7ppg.cloudfront.net/docs/icons/cost/02.png","500 / 1000","Resonator","Heroic Spirit","Miko Yamazaki","The Strangers of New Valhalla","Misteltein's advisor, the heroic spirit of sorcery.","The Strangers of New Valhalla"
"http://www.fowtcg.com/card/3902","All Under Heaven Shall Perish","http://d12h0em1d7ppg.cloudfront.net/items/39/3902/image_en/ef9ce282-7431-4267-beb9-bb5718a17a03.jpg","SNV-021","U","http://d12h0em1d7ppg.cloudfront.net/docs/icons/red.png","","Chant/Rune(Divinity 2)","","Yukie TAJIMA","The Strangers of New Valhalla","""The blue skies shall fade, dyed red by my stratagem!"" -Zhuge Liang","The Strangers of New Valhalla"
"http://www.fowtcg.com/card/3902","All Under Heaven Shall Perish","http://d12h0em1d7ppg.cloudfront.net/items/39/3902/image_en/ef9ce282-7431-4267-beb9-bb5718a17a03.jpg","SNV-021","U","http://d12h0em1d7ppg.cloudfront.net/docs/icons/red.png","","Chant/Rune(Divinity 2)","","Yukie TAJIMA","The Strangers of New Valhalla","""The blue skies shall fade, dyed red by my stratagem!"" -Zhuge Liang","The Strangers of New Valhalla"
"http://www.fowtcg.com/card/3902","All Under Heaven Shall Perish","http://d12h0em1d7ppg.cloudfront.net/items/39/3902/image_en/ef9ce282-7431-4267-beb9-bb5718a17a03.jpg","SNV-021","U","http://d12h0em1d7ppg.cloudfront.net/docs/icons/cost/02.png","","Chant/Rune(Divinity 2)","","Yukie TAJIMA","The Strangers of New Valhalla","""The blue skies shall fade, dyed red by my stratagem!"" -Zhuge Liang","The Strangers of New Valhalla"
"http://www.fowtcg.com/card/3903","Annihilation Dragon","http://d12h0em1d7ppg.cloudfront.net/items/39/3903/image_en/897568ed-f342-4aef-8537-bd432fb124e2.jpg","SNV-022","C","http://d12h0em1d7ppg.cloudfront.net/docs/icons/red.png","1000 / 800","Resonator","Dragon","Hayama Kohei","The Strangers of New Valhalla","When out of foes, this dragon will turn its fangs towards its own allies.","The Strangers of New Valhalla"
"http://www.fowtcg.com/card/3903","Annihilation Dragon","http://d12h0em1d7ppg.cloudfront.net/items/39/3903/image_en/897568ed-f342-4aef-8537-bd432fb124e2.jpg","SNV-022","C","http://d12h0em1d7ppg.cloudfront.net/docs/icons/red.png","1000 / 800","Resonator","Dragon","Hayama Kohei","The Strangers of New Valhalla","When out of foes, this dragon will turn its fangs towards its own allies.","The Strangers of New Valhalla"
"http://www.fowtcg.com/card/3903","Annihilation Dragon","http://d12h0em1d7ppg.cloudfront.net/items/39/3903/image_en/897568ed-f342-4aef-8537-bd432fb124e2.jpg","SNV-022","C","http://d12h0em1d7ppg.cloudfront.net/docs/icons/cost/03.png","1000 / 800","Resonator","Dragon","Hayama Kohei","The Strangers of New Valhalla","When out of foes, this dragon will turn its fangs towards its own allies.","The Strangers of New Valhalla"
"http://www.fowtcg.com/card/3904","Frontline Warrior","http://d12h0em1d7ppg.cloudfront.net/items/39/3904/image_en/1a491528-f93d-4279-a198-3bdcbbb5e644.jpg","SNV-023","C","http://d12h0em1d7ppg.cloudfront.net/docs/icons/red.png","600 / 500","Resonator","Human","MATSUMOTO EIGHT","The Strangers of New Valhalla","Life is cheap during times of war.","The Strangers of New Valhalla"
"http://www.fowtcg.com/card/3904","Frontline Warrior","http://d12h0em1d7ppg.cloudfront.net/items/39/3904/image_en/1a491528-f93d-4279-a198-3bdcbbb5e644.jpg","SNV-023","C","http://d12h0em1d7ppg.cloudfront.net/docs/icons/cost/01.png","600 / 500","Resonator","Human","MATSUMOTO EIGHT","The Strangers of New Valhalla","Life is cheap during times of war.","The Strangers of New Valhalla"
"http://www.fowtcg.com/card/3905","Gaze of the Fire Emperor","http://d12h0em1d7ppg.cloudfront.net/items/39/3905/image_en/b82facd0-288b-4fc2-9b52-5227bd6ad15a.jpg","SNV-024","C","http://d12h0em1d7ppg.cloudfront.net/docs/icons/red.png","","Chant","","Nagi-nyan","The Strangers of New Valhalla","Where Fu Xi goes, war always follows.","The Strangers of New Valhalla"
"http://www.fowtcg.com/card/3905","Gaze of the Fire Emperor","http://d12h0em1d7ppg.cloudfront.net/items/39/3905/image_en/b82facd0-288b-4fc2-9b52-5227bd6ad15a.jpg","SNV-024","C","http://d12h0em1d7ppg.cloudfront.net/docs/icons/red.png","","Chant","","Nagi-nyan","The Strangers of New Valhalla","Where Fu Xi goes, war always follows.","The Strangers of New Valhalla"
"http://www.fowtcg.com/card/3905","Gaze of the Fire Emperor","http://d12h0em1d7ppg.cloudfront.net/items/39/3905/image_en/b82facd0-288b-4fc2-9b52-5227bd6ad15a.jpg","SNV-024","C","http://d12h0em1d7ppg.cloudfront.net/docs/icons/cost/02.png","","Chant","","Nagi-nyan","The Strangers of New Valhalla","Where Fu Xi goes, war always follows.","The Strangers of New Valhalla"
"http://www.fowtcg.com/card/3906","Ladies of the Three Stars","http://d12h0em1d7ppg.cloudfront.net/items/39/3906/image_en/eab82c15-2501-429b-9537-beb1b3b50ca3.jpg","SNV-025","U","http://d12h0em1d7ppg.cloudfront.net/docs/icons/red.png","600 / 500","Resonator","Taoist","ShiroYayoi","The Strangers of New Valhalla","""I see! When working together, three people have the power of... well, three people working together."" -Zhuge Liang","The Strangers of New Valhalla"
"http://www.fowtcg.com/card/3906","Ladies of the Three Stars","http://d12h0em1d7ppg.cloudfront.net/items/39/3906/image_en/eab82c15-2501-429b-9537-beb1b3b50ca3.jpg","SNV-025","U","http://d12h0em1d7ppg.cloudfront.net/docs/icons/cost/01.png","600 / 500","Resonator","Taoist","ShiroYayoi","The Strangers of New Valhalla","""I see! When working together, three people have the power of... well, three people working together."" -Zhuge Liang","The Strangers of New Valhalla"
"http://www.fowtcg.com/card/3907","Lady Huang's Karakuri Soldier","http://d12h0em1d7ppg.cloudfront.net/items/39/3907/image_en/7f6bcc21-b486-44a2-a745-a03429c59d57.jpg","SNV-026","C","http://d12h0em1d7ppg.cloudfront.net/docs/icons/red.png","900 / 900","Resonator","Karakuri","tokiwa","The Strangers of New Valhalla","The Karakuri obey no master. They merely destroy the enemy before them.","The Strangers of New Valhalla"
"http://www.fowtcg.com/card/3907","Lady Huang's Karakuri Soldier","http://d12h0em1d7ppg.cloudfront.net/items/39/3907/image_en/7f6bcc21-b486-44a2-a745-a03429c59d57.jpg","SNV-026","C","http://d12h0em1d7ppg.cloudfront.net/docs/icons/cost/03.png","900 / 900","Resonator","Karakuri","tokiwa","The Strangers of New Valhalla","The Karakuri obey no master. They merely destroy the enemy before them.","The Strangers of New Valhalla"
"http://www.fowtcg.com/card/3908","Ma'at, Arbiter of Judgment","http://d12h0em1d7ppg.cloudfront.net/items/39/3908/image_en/935253f9-5a89-4139-8a97-3dc5dddd1324.jpg","SNV-027","R","http://d12h0em1d7ppg.cloudfront.net/docs/icons/red.png","100 / 600","Resonator","Ascendant","jugemt","The Strangers of New Valhalla","""You may be able to outrun the blade. But nobody can outrun their sins.""","The Strangers of New Valhalla"
"http://www.fowtcg.com/card/3909","Neo-Berserk Dragon","http://d12h0em1d7ppg.cloudfront.net/items/39/3909/image_en/c2ba1627-54de-45d6-a757-10784ded4cc7.jpg","SNV-028","R","http://d12h0em1d7ppg.cloudfront.net/docs/icons/red.png","1000 / 800","Resonator","Dragon","Mad","The Strangers of New Valhalla","The return of madness.","The Strangers of New Valhalla"
"http://www.fowtcg.com/card/3909","Neo-Berserk Dragon","http://d12h0em1d7ppg.cloudfront.net/items/39/3909/image_en/c2ba1627-54de-45d6-a757-10784ded4cc7.jpg","SNV-028","R","http://d12h0em1d7ppg.cloudfront.net/docs/icons/red.png","1000 / 800","Resonator","Dragon","Mad","The Strangers of New Valhalla","The return of madness.","The Strangers of New Valhalla"
"http://www.fowtcg.com/card/3909","Neo-Berserk Dragon","http://d12h0em1d7ppg.cloudfront.net/items/39/3909/image_en/c2ba1627-54de-45d6-a757-10784ded4cc7.jpg","SNV-028","R","http://d12h0em1d7ppg.cloudfront.net/docs/icons/cost/02.png","1000 / 800","Resonator","Dragon","Mad","The Strangers of New Valhalla","The return of madness.","The Strangers of New Valhalla"
"http://www.fowtcg.com/card/3910","Numbing Hedgehog","http://d12h0em1d7ppg.cloudfront.net/items/39/3910/image_en/372db42f-6d32-466a-a9eb-1c6bccf3225b.jpg","SNV-029","C","http://d12h0em1d7ppg.cloudfront.net/docs/icons/red.png","400 / 400","Resonator","Beast","kawaryu","The Strangers of New Valhalla","Momentary paralysis proves fatal.","The Strangers of New Valhalla"
"http://www.fowtcg.com/card/3911","Ruins Beneath the Sands","http://d12h0em1d7ppg.cloudfront.net/items/39/3911/image_en/04d24df8-8e6e-40c5-8557-bb677c412d6e.jpg","SNV-030","U","http://d12h0em1d7ppg.cloudfront.net/docs/icons/red.png","","Addition","Ancient Ruins","Kotakan","The Strangers of New Valhalla","""This is it! Valhalla's sealed away power!"" -Isis","The Strangers of New Valhalla"
"http://www.fowtcg.com/card/3911","Ruins Beneath the Sands","http://d12h0em1d7ppg.cloudfront.net/items/39/3911/image_en/04d24df8-8e6e-40c5-8557-bb677c412d6e.jpg","SNV-030","U","http://d12h0em1d7ppg.cloudfront.net/docs/icons/red.png","","Addition","Ancient Ruins","Kotakan","The Strangers of New Valhalla","""This is it! Valhalla's sealed away power!"" -Isis","The Strangers of New Valhalla"
"http://www.fowtcg.com/card/3912","Sand Awakening","http://d12h0em1d7ppg.cloudfront.net/items/39/3912/image_en/b11f3673-499a-40da-be90-6f797993824b.jpg","SNV-031","R","http://d12h0em1d7ppg.cloudfront.net/docs/icons/red.png","","Chant/Rune(Divinity 1)","","mita kura","The Strangers of New Valhalla","""Rise! It is time to retake our glory!"" -Isis","The Strangers of New Valhalla"
"http://www.fowtcg.com/card/3912","Sand Awakening","http://d12h0em1d7ppg.cloudfront.net/items/39/3912/image_en/b11f3673-499a-40da-be90-6f797993824b.jpg","SNV-031","R","http://d12h0em1d7ppg.cloudfront.net/docs/icons/cost/01.png","","Chant/Rune(Divinity 1)","","mita kura","The Strangers of New Valhalla","""Rise! It is time to retake our glory!"" -Isis","The Strangers of New Valhalla"
"http://www.fowtcg.com/card/3913","Sand Soldier","http://d12h0em1d7ppg.cloudfront.net/items/39/3913/image_en/f9a93283-db16-49f9-9e46-32a8c8409761.jpg","SNV-032","C","http://d12h0em1d7ppg.cloudfront.net/docs/icons/red.png","800 / 600","Resonator","Sand","AshesBomber","The Strangers of New Valhalla","""The only thing more fragile than sand is human life itself."" -Teachings of Sandora","The Strangers of New Valhalla"
"http://www.fowtcg.com/card/3913","Sand Soldier","http://d12h0em1d7ppg.cloudfront.net/items/39/3913/image_en/f9a93283-db16-49f9-9e46-32a8c8409761.jpg","SNV-032","C","http://d12h0em1d7ppg.cloudfront.net/docs/icons/cost/01.png","800 / 600","Resonator","Sand","AshesBomber","The Strangers of New Valhalla","""The only thing more fragile than sand is human life itself."" -Teachings of Sandora","The Strangers of New Valhalla"
"http://www.fowtcg.com/card/3914","Sandora's Invasion","http://d12h0em1d7ppg.cloudfront.net/items/39/3914/image_en/cb0d1a08-76b0-44a4-8c50-9ddde13af9e1.jpg","SNV-033","U","http://d12h0em1d7ppg.cloudfront.net/docs/icons/red.png","","Chant/Rune(Divinity 3)","","IWAO","The Strangers of New Valhalla","""It's time. Let's go!"" -Isis","The Strangers of New Valhalla"
"http://www.fowtcg.com/card/3914","Sandora's Invasion","http://d12h0em1d7ppg.cloudfront.net/items/39/3914/image_en/cb0d1a08-76b0-44a4-8c50-9ddde13af9e1.jpg","SNV-033","U","http://d12h0em1d7ppg.cloudfront.net/docs/icons/red.png","","Chant/Rune(Divinity 3)","","IWAO","The Strangers of New Valhalla","""It's time. Let's go!"" -Isis","The Strangers of New Valhalla"
"http://www.fowtcg.com/card/3914","Sandora's Invasion","http://d12h0em1d7ppg.cloudfront.net/items/39/3914/image_en/cb0d1a08-76b0-44a4-8c50-9ddde13af9e1.jpg","SNV-033","U","http://d12h0em1d7ppg.cloudfront.net/docs/icons/cost/03.png","","Chant/Rune(Divinity 3)","","IWAO","The Strangers of New Valhalla","""It's time. Let's go!"" -Isis","The Strangers of New Valhalla"
"http://www.fowtcg.com/card/3915","Scales of the Ascendant","http://d12h0em1d7ppg.cloudfront.net/items/39/3915/image_en/7c368278-15ec-4c4f-b5c6-ecd5a76961bd.jpg","SNV-034","C","http://d12h0em1d7ppg.cloudfront.net/docs/icons/red.png","","Chant","","Miko Yamazaki","The Strangers of New Valhalla","The scales incline towards the guilty.","The Strangers of New Valhalla"
"http://www.fowtcg.com/card/3915","Scales of the Ascendant","http://d12h0em1d7ppg.cloudfront.net/items/39/3915/image_en/7c368278-15ec-4c4f-b5c6-ecd5a76961bd.jpg","SNV-034","C","http://d12h0em1d7ppg.cloudfront.net/docs/icons/red.png","","Chant","","Miko Yamazaki","The Strangers of New Valhalla","The scales incline towards the guilty.","The Strangers of New Valhalla"
"http://www.fowtcg.com/card/3915","Scales of the Ascendant","http://d12h0em1d7ppg.cloudfront.net/items/39/3915/image_en/7c368278-15ec-4c4f-b5c6-ecd5a76961bd.jpg","SNV-034","C","http://d12h0em1d7ppg.cloudfront.net/docs/icons/cost/01.png","","Chant","","Miko Yamazaki","The Strangers of New Valhalla","The scales incline towards the guilty.","The Strangers of New Valhalla"
"http://www.fowtcg.com/card/3916","Searing Wall of Sand","http://d12h0em1d7ppg.cloudfront.net/items/39/3916/image_en/bc1ceb80-388a-4055-becd-ca59727a3fbc.jpg","SNV-035","U","http://d12h0em1d7ppg.cloudfront.net/docs/icons/red.png","0 / 1500","Resonator","Sand/Wall","Mad","The Strangers of New Valhalla","The scorching sands prove to be the greatest defense.","The Strangers of New Valhalla"
"http://www.fowtcg.com/card/3916","Searing Wall of Sand","http://d12h0em1d7ppg.cloudfront.net/items/39/3916/image_en/bc1ceb80-388a-4055-becd-ca59727a3fbc.jpg","SNV-035","U","http://d12h0em1d7ppg.cloudfront.net/docs/icons/cost/02.png","0 / 1500","Resonator","Sand/Wall","Mad","The Strangers of New Valhalla","The scorching sands prove to be the greatest defense.","The Strangers of New Valhalla"
"http://www.fowtcg.com/card/3917","Sima Hui, the Crafty Tactician","http://d12h0em1d7ppg.cloudfront.net/items/39/3917/image_en/0cfdb732-9b39-4ff5-8cb9-3408d1c323e6.jpg","SNV-036","U","http://d12h0em1d7ppg.cloudfront.net/docs/icons/red.png","800 / 900","Resonator","Human","Ippei SOEDA","The Strangers of New Valhalla","""War without tactics is like a dumpling without fillings.""","The Strangers of New Valhalla"
"http://www.fowtcg.com/card/3917","Sima Hui, the Crafty Tactician","http://d12h0em1d7ppg.cloudfront.net/items/39/3917/image_en/0cfdb732-9b39-4ff5-8cb9-3408d1c323e6.jpg","SNV-036","U","http://d12h0em1d7ppg.cloudfront.net/docs/icons/cost/03.png","800 / 900","Resonator","Human","Ippei SOEDA","The Strangers of New Valhalla","""War without tactics is like a dumpling without fillings.""","The Strangers of New Valhalla"
"http://www.fowtcg.com/card/3918","Surtr, the Sand Giant","http://d12h0em1d7ppg.cloudfront.net/items/39/3918/image_en/9315a1d6-44b6-486b-912c-c483eca59a62.jpg","SNV-037","SR","http://d12h0em1d7ppg.cloudfront.net/docs/icons/red.png","1500 / 1500","Resonator","Sand/Giant","kakotomirai","The Strangers of New Valhalla","Sealed beneath the sands, the embodiment of destruction.","The Strangers of New Valhalla"
"http://www.fowtcg.com/card/3918","Surtr, the Sand Giant","http://d12h0em1d7ppg.cloudfront.net/items/39/3918/image_en/9315a1d6-44b6-486b-912c-c483eca59a62.jpg","SNV-037","SR","http://d12h0em1d7ppg.cloudfront.net/docs/icons/red.png","1500 / 1500","Resonator","Sand/Giant","kakotomirai","The Strangers of New Valhalla","Sealed beneath the sands, the embodiment of destruction.","The Strangers of New Valhalla"
"http://www.fowtcg.com/card/3918","Surtr, the Sand Giant","http://d12h0em1d7ppg.cloudfront.net/items/39/3918/image_en/9315a1d6-44b6-486b-912c-c483eca59a62.jpg","SNV-037","SR","http://d12h0em1d7ppg.cloudfront.net/docs/icons/red.png","1500 / 1500","Resonator","Sand/Giant","kakotomirai","The Strangers of New Valhalla","Sealed beneath the sands, the embodiment of destruction.","The Strangers of New Valhalla"
"http://www.fowtcg.com/card/3918","Surtr, the Sand Giant","http://d12h0em1d7ppg.cloudfront.net/items/39/3918/image_en/9315a1d6-44b6-486b-912c-c483eca59a62.jpg","SNV-037","SR","http://d12h0em1d7ppg.cloudfront.net/docs/icons/red.png","1500 / 1500","Resonator","Sand/Giant","kakotomirai","The Strangers of New Valhalla","Sealed beneath the sands, the embodiment of destruction.","The Strangers of New Valhalla"
"http://www.fowtcg.com/card/3918","Surtr, the Sand Giant","http://d12h0em1d7ppg.cloudfront.net/items/39/3918/image_en/9315a1d6-44b6-486b-912c-c483eca59a62.jpg","SNV-037","SR","http://d12h0em1d7ppg.cloudfront.net/docs/icons/red.png","1500 / 1500","Resonator","Sand/Giant","kakotomirai","The Strangers of New Valhalla","Sealed beneath the sands, the embodiment of destruction.","The Strangers of New Valhalla"
"http://www.fowtcg.com/card/3919","The Three Kingdoms Partition Plan","http://d12h0em1d7ppg.cloudfront.net/items/39/3919/image_en/fc1729b2-a738-492a-9222-4bda8d35d8b6.jpg","SNV-038","R","http://d12h0em1d7ppg.cloudfront.net/docs/icons/red.png","","Chant/Master Rune(Divinity 2)","","Kusanagi Tyouen","The Strangers of New Valhalla","""Shatter the Earth! Render them asunder!"" -Zhuge Liang","The Strangers of New Valhalla"
"http://www.fowtcg.com/card/3919","The Three Kingdoms Partition Plan","http://d12h0em1d7ppg.cloudfront.net/items/39/3919/image_en/fc1729b2-a738-492a-9222-4bda8d35d8b6.jpg","SNV-038","R","http://d12h0em1d7ppg.cloudfront.net/docs/icons/red.png","","Chant/Master Rune(Divinity 2)","","Kusanagi Tyouen","The Strangers of New Valhalla","""Shatter the Earth! Render them asunder!"" -Zhuge Liang","The Strangers of New Valhalla"
"http://www.fowtcg.com/card/3919","The Three Kingdoms Partition Plan","http://d12h0em1d7ppg.cloudfront.net/items/39/3919/image_en/fc1729b2-a738-492a-9222-4bda8d35d8b6.jpg","SNV-038","R","http://d12h0em1d7ppg.cloudfront.net/docs/icons/cost/03.png","","Chant/Master Rune(Divinity 2)","","Kusanagi Tyouen","The Strangers of New Valhalla","""Shatter the Earth! Render them asunder!"" -Zhuge Liang","The Strangers of New Valhalla"
"http://www.fowtcg.com/card/3920","Underhanded Assassin","http://d12h0em1d7ppg.cloudfront.net/items/39/3920/image_en/8ae2c7aa-6354-4a00-bdb4-2131264c0040.jpg","SNV-039","C","http://d12h0em1d7ppg.cloudfront.net/docs/icons/red.png","600 / 900","Resonator","Human","yuhki lily","The Strangers of New Valhalla","In Sandora, poison is the preferred method of assassination.","The Strangers of New Valhalla"
"http://www.fowtcg.com/card/3920","Underhanded Assassin","http://d12h0em1d7ppg.cloudfront.net/items/39/3920/image_en/8ae2c7aa-6354-4a00-bdb4-2131264c0040.jpg","SNV-039","C","http://d12h0em1d7ppg.cloudfront.net/docs/icons/cost/02.png","600 / 900","Resonator","Human","yuhki lily","The Strangers of New Valhalla","In Sandora, poison is the preferred method of assassination.","The Strangers of New Valhalla"
"http://www.fowtcg.com/card/3921","Zhuge Liang","http://d12h0em1d7ppg.cloudfront.net/items/39/3921/image_en/28f12c2f-142f-439e-ae9a-b96ea47cf5e8.jpg","SNV-040","SR","http://d12h0em1d7ppg.cloudfront.net/docs/icons/red.png","900 / 900","Resonator","Human/Wanderer","Yukie TAJIMA","The Strangers of New Valhalla","""Zhuge Liang. Pang Tong. It's said with one of these tacticians you can conquer a country. I'll show you that together we can conquer the very world.""","The Strangers of New Valhalla"
"http://www.fowtcg.com/card/3921","Zhuge Liang","http://d12h0em1d7ppg.cloudfront.net/items/39/3921/image_en/28f12c2f-142f-439e-ae9a-b96ea47cf5e8.jpg","SNV-040","SR","http://d12h0em1d7ppg.cloudfront.net/docs/icons/red.png","900 / 900","Resonator","Human/Wanderer","Yukie TAJIMA","The Strangers of New Valhalla","""Zhuge Liang. Pang Tong. It's said with one of these tacticians you can conquer a country. I'll show you that together we can conquer the very world.""","The Strangers of New Valhalla"
"http://www.fowtcg.com/card/3921","Zhuge Liang","http://d12h0em1d7ppg.cloudfront.net/items/39/3921/image_en/28f12c2f-142f-439e-ae9a-b96ea47cf5e8.jpg","SNV-040","SR","http://d12h0em1d7ppg.cloudfront.net/docs/icons/cost/02.png","900 / 900","Resonator","Human/Wanderer","Yukie TAJIMA","The Strangers of New Valhalla","""Zhuge Liang. Pang Tong. It's said with one of these tacticians you can conquer a country. I'll show you that together we can conquer the very world.""","The Strangers of New Valhalla"
"http://www.fowtcg.com/card/3922","Antorite, Sealed God of the Riverbed","http://d12h0em1d7ppg.cloudfront.net/items/39/3922/image_en/b6aacc96-418b-4d64-9bc4-81dc2386b6af.jpg","SNV-041","R","http://d12h0em1d7ppg.cloudfront.net/docs/icons/blue.png","900 / 700","Resonator","Mermaid","kurisu","The Strangers of New Valhalla","""You're the one who freed me?... Fine. I suppose I'll help you out.""","The Strangers of New Valhalla"
"http://www.fowtcg.com/card/3922","Antorite, Sealed God of the Riverbed","http://d12h0em1d7ppg.cloudfront.net/items/39/3922/image_en/b6aacc96-418b-4d64-9bc4-81dc2386b6af.jpg","SNV-041","R","http://d12h0em1d7ppg.cloudfront.net/docs/icons/blue.png","900 / 700","Resonator","Mermaid","kurisu","The Strangers of New Valhalla","""You're the one who freed me?... Fine. I suppose I'll help you out.""","The Strangers of New Valhalla"
"http://www.fowtcg.com/card/3922","Antorite, Sealed God of the Riverbed","http://d12h0em1d7ppg.cloudfront.net/items/39/3922/image_en/b6aacc96-418b-4d64-9bc4-81dc2386b6af.jpg","SNV-041","R","http://d12h0em1d7ppg.cloudfront.net/docs/icons/blue.png","900 / 700","Resonator","Mermaid","kurisu","The Strangers of New Valhalla","""You're the one who freed me?... Fine. I suppose I'll help you out.""","The Strangers of New Valhalla"
"http://www.fowtcg.com/card/3923","Bloodberry","http://d12h0em1d7ppg.cloudfront.net/items/39/3923/image_en/f1b0f6d9-e12a-4619-8bc7-93e4706961bb.jpg","SNV-042","C","http://d12h0em1d7ppg.cloudfront.net/docs/icons/blue.png","800 / 700","Resonator","Vegetation","Nekobayashi","The Strangers of New Valhalla","Best be eaten fresh.","The Strangers of New Valhalla"
"http://www.fowtcg.com/card/3923","Bloodberry","http://d12h0em1d7ppg.cloudfront.net/items/39/3923/image_en/f1b0f6d9-e12a-4619-8bc7-93e4706961bb.jpg","SNV-042","C","http://d12h0em1d7ppg.cloudfront.net/docs/icons/cost/02.png","800 / 700","Resonator","Vegetation","Nekobayashi","The Strangers of New Valhalla","Best be eaten fresh.","The Strangers of New Valhalla"
"http://www.fowtcg.com/card/3924","Diverse Evolution","http://d12h0em1d7ppg.cloudfront.net/items/39/3924/image_en/369b7245-1067-49d4-abb0-bce488495470.jpg","SNV-043","U","http://d12h0em1d7ppg.cloudfront.net/docs/icons/blue.png","","Chant/Rune(Divinity 2)","","Shosuke","The Strangers of New Valhalla","""Become... something interesting!"" -Loki","The Strangers of New Valhalla"
"http://www.fowtcg.com/card/3924","Diverse Evolution","http://d12h0em1d7ppg.cloudfront.net/items/39/3924/image_en/369b7245-1067-49d4-abb0-bce488495470.jpg","SNV-043","U","http://d12h0em1d7ppg.cloudfront.net/docs/icons/blue.png","","Chant/Rune(Divinity 2)","","Shosuke","The Strangers of New Valhalla","""Become... something interesting!"" -Loki","The Strangers of New Valhalla"
"http://www.fowtcg.com/card/3924","Diverse Evolution","http://d12h0em1d7ppg.cloudfront.net/items/39/3924/image_en/369b7245-1067-49d4-abb0-bce488495470.jpg","SNV-043","U","http://d12h0em1d7ppg.cloudfront.net/docs/icons/cost/01.png","","Chant/Rune(Divinity 2)","","Shosuke","The Strangers of New Valhalla","""Become... something interesting!"" -Loki","The Strangers of New Valhalla"
"http://www.fowtcg.com/card/3925","Guinevere, the Mobility Queen","http://d12h0em1d7ppg.cloudfront.net/items/39/3925/image_en/93cfe9ad-57ce-47bb-b5c0-7dda03ced0b8.jpg","SNV-044","SR","http://d12h0em1d7ppg.cloudfront.net/docs/icons/blue.png","0 / 200","Resonator","Human/Machine/Wanderer","fzwrAym","The Strangers of New Valhalla","In another world, a theater of only machines and humans, she was the last to live. Now the ruler of machines, she returns to this world.","The Strangers of New Valhalla"
"http://www.fowtcg.com/card/3926","Guinevere's Imperial Guard","http://d12h0em1d7ppg.cloudfront.net/items/39/3926/image_en/47b10133-0d07-4b85-ac7e-f141058662d6.jpg","SNV-045","C","http://d12h0em1d7ppg.cloudfront.net/docs/icons/blue.png","600 / 600","Resonator","Machine","KEIICHIRO ITO","The Strangers of New Valhalla","These women will only heed the orders of one human being.","The Strangers of New Valhalla"
"http://www.fowtcg.com/card/3926","Guinevere's Imperial Guard","http://d12h0em1d7ppg.cloudfront.net/items/39/3926/image_en/47b10133-0d07-4b85-ac7e-f141058662d6.jpg","SNV-045","C","http://d12h0em1d7ppg.cloudfront.net/docs/icons/cost/02.png","600 / 600","Resonator","Machine","KEIICHIRO ITO","The Strangers of New Valhalla","These women will only heed the orders of one human being.","The Strangers of New Valhalla"
"http://www.fowtcg.com/card/3927","Mermaid of the Misty Spring","http://d12h0em1d7ppg.cloudfront.net/items/39/3927/image_en/9fb31e7f-a485-44e3-b69e-e3bb5936549b.jpg","SNV-046","C","http://d12h0em1d7ppg.cloudfront.net/docs/icons/blue.png","200 / 800","Resonator","Mermaid","Tsukumi","The Strangers of New Valhalla","The mermaids were freed alongside Antorite and accompanied her on her journey.","The Strangers of New Valhalla"
"http://www.fowtcg.com/card/3927","Mermaid of the Misty Spring","http://d12h0em1d7ppg.cloudfront.net/items/39/3927/image_en/9fb31e7f-a485-44e3-b69e-e3bb5936549b.jpg","SNV-046","C","http://d12h0em1d7ppg.cloudfront.net/docs/icons/cost/01.png","200 / 800","Resonator","Mermaid","Tsukumi","The Strangers of New Valhalla","The mermaids were freed alongside Antorite and accompanied her on her journey.","The Strangers of New Valhalla"
"http://www.fowtcg.com/card/3928","Mordred, the Operator","http://d12h0em1d7ppg.cloudfront.net/items/39/3928/image_en/e5abae9a-edda-4684-9e29-ced08442e4ed.jpg","SNV-047","U","http://d12h0em1d7ppg.cloudfront.net/docs/icons/blue.png","600 / 600","Resonator","Machine","SIGMAN","The Strangers of New Valhalla","Camelot's hardworking pilot.","The Strangers of New Valhalla"
"http://www.fowtcg.com/card/3928","Mordred, the Operator","http://d12h0em1d7ppg.cloudfront.net/items/39/3928/image_en/e5abae9a-edda-4684-9e29-ced08442e4ed.jpg","SNV-047","U","http://d12h0em1d7ppg.cloudfront.net/docs/icons/blue.png","600 / 600","Resonator","Machine","SIGMAN","The Strangers of New Valhalla","Camelot's hardworking pilot.","The Strangers of New Valhalla"
"http://www.fowtcg.com/card/3928","Mordred, the Operator","http://d12h0em1d7ppg.cloudfront.net/items/39/3928/image_en/e5abae9a-edda-4684-9e29-ced08442e4ed.jpg","SNV-047","U","http://d12h0em1d7ppg.cloudfront.net/docs/icons/cost/02.png","600 / 600","Resonator","Machine","SIGMAN","The Strangers of New Valhalla","Camelot's hardworking pilot.","The Strangers of New Valhalla"
"http://www.fowtcg.com/card/3929","Mutation Slime","http://d12h0em1d7ppg.cloudfront.net/items/39/3929/image_en/a59805e1-61ff-44ca-aa45-21a25f9d6afe.jpg","SNV-048","U","http://d12h0em1d7ppg.cloudfront.net/docs/icons/blue.png","900 / 1000","Resonator","Ooze","touge369","The Strangers of New Valhalla","In Misty Forest, the certain and the uncertain are one and the same.","The Strangers of New Valhalla"
"http://www.fowtcg.com/card/3929","Mutation Slime","http://d12h0em1d7ppg.cloudfront.net/items/39/3929/image_en/a59805e1-61ff-44ca-aa45-21a25f9d6afe.jpg","SNV-048","U","http://d12h0em1d7ppg.cloudfront.net/docs/icons/blue.png","900 / 1000","Resonator","Ooze","touge369","The Strangers of New Valhalla","In Misty Forest, the certain and the uncertain are one and the same.","The Strangers of New Valhalla"
"http://www.fowtcg.com/card/3929","Mutation Slime","http://d12h0em1d7ppg.cloudfront.net/items/39/3929/image_en/a59805e1-61ff-44ca-aa45-21a25f9d6afe.jpg","SNV-048","U","http://d12h0em1d7ppg.cloudfront.net/docs/icons/cost/02.png","900 / 1000","Resonator","Ooze","touge369","The Strangers of New Valhalla","In Misty Forest, the certain and the uncertain are one and the same.","The Strangers of New Valhalla"
"http://www.fowtcg.com/card/3930","Mystery Box","http://d12h0em1d7ppg.cloudfront.net/items/39/3930/image_en/1b0ed74a-ad93-4ef4-812a-48584c47b39e.jpg","SNV-049","R","http://d12h0em1d7ppg.cloudfront.net/docs/icons/blue.png","","Chant/Rune(Divinity 3)","","Misa Tsutsui","The Strangers of New Valhalla","""What's in the box nya? What's in the box nya? Nya nya nya nya nyan!"" -Schr?dinger","The Strangers of New Valhalla"
"http://www.fowtcg.com/card/3930","Mystery Box","http://d12h0em1d7ppg.cloudfront.net/items/39/3930/image_en/1b0ed74a-ad93-4ef4-812a-48584c47b39e.jpg","SNV-049","R","http://d12h0em1d7ppg.cloudfront.net/docs/icons/blue.png","","Chant/Rune(Divinity 3)","","Misa Tsutsui","The Strangers of New Valhalla","""What's in the box nya? What's in the box nya? Nya nya nya nya nyan!"" -Schr?dinger","The Strangers of New Valhalla"
"http://www.fowtcg.com/card/3930","Mystery Box","http://d12h0em1d7ppg.cloudfront.net/items/39/3930/image_en/1b0ed74a-ad93-4ef4-812a-48584c47b39e.jpg","SNV-049","R","http://d12h0em1d7ppg.cloudfront.net/docs/icons/blue.png","","Chant/Rune(Divinity 3)","","Misa Tsutsui","The Strangers of New Valhalla","""What's in the box nya? What's in the box nya? Nya nya nya nya nyan!"" -Schr?dinger","The Strangers of New Valhalla"
"http://www.fowtcg.com/card/3930","Mystery Box","http://d12h0em1d7ppg.cloudfront.net/items/39/3930/image_en/1b0ed74a-ad93-4ef4-812a-48584c47b39e.jpg","SNV-049","R","http://d12h0em1d7ppg.cloudfront.net/docs/icons/cost/04.png","","Chant/Rune(Divinity 3)","","Misa Tsutsui","The Strangers of New Valhalla","""What's in the box nya? What's in the box nya? Nya nya nya nya nyan!"" -Schr?dinger","The Strangers of New Valhalla"
"http://www.fowtcg.com/card/3931","Parallel World Schrödinger","http://d12h0em1d7ppg.cloudfront.net/items/39/3931/image_en/a80fc3db-472c-4d3f-a668-98e4e63d4b40.jpg","SNV-050","C","http://d12h0em1d7ppg.cloudfront.net/docs/icons/blue.png","300 / 300","Resonator","Fairy Tale/Cat","Nakaba Higurashi","The Strangers of New Valhalla","To escape from Alice, Schrödinger called upon his parallel selves.","The Strangers of New Valhalla"
"http://www.fowtcg.com/card/3932","Precision-Guided Munition, Sky Beat","http://d12h0em1d7ppg.cloudfront.net/items/39/3932/image_en/05fc073f-2126-4d94-af74-62f3c3e26ce6.jpg","SNV-051","U","http://d12h0em1d7ppg.cloudfront.net/docs/icons/blue.png","800 / 800","Resonator","Machine","M ganzy","The Strangers of New Valhalla","Guinevere's range exceeds ten kilometers in circumference.","The Strangers of New Valhalla"
"http://www.fowtcg.com/card/3932","Precision-Guided Munition, Sky Beat","http://d12h0em1d7ppg.cloudfront.net/items/39/3932/image_en/05fc073f-2126-4d94-af74-62f3c3e26ce6.jpg","SNV-051","U","http://d12h0em1d7ppg.cloudfront.net/docs/icons/blue.png","800 / 800","Resonator","Machine","M ganzy","The Strangers of New Valhalla","Guinevere's range exceeds ten kilometers in circumference.","The Strangers of New Valhalla"
"http://www.fowtcg.com/card/3932","Precision-Guided Munition, Sky Beat","http://d12h0em1d7ppg.cloudfront.net/items/39/3932/image_en/05fc073f-2126-4d94-af74-62f3c3e26ce6.jpg","SNV-051","U","http://d12h0em1d7ppg.cloudfront.net/docs/icons/cost/01.png","800 / 800","Resonator","Machine","M ganzy","The Strangers of New Valhalla","Guinevere's range exceeds ten kilometers in circumference.","The Strangers of New Valhalla"
"http://www.fowtcg.com/card/3933","Ruins Submerged Beneath the Misty Spring","http://d12h0em1d7ppg.cloudfront.net/items/39/3933/image_en/13066971-98a9-45ee-a5db-0994411cd017.jpg","SNV-052","U","http://d12h0em1d7ppg.cloudfront.net/docs/icons/blue.png","","Addition","Ancient Ruins","mita kura","The Strangers of New Valhalla","The ruins where Valhalla's mermaids sleep.","The Strangers of New Valhalla"
"http://www.fowtcg.com/card/3934","Schrödinger, the Harlequin of Phenomena","http://d12h0em1d7ppg.cloudfront.net/items/39/3934/image_en/e063deec-5251-42c0-944a-19f921589f10.jpg","SNV-053","SR","http://d12h0em1d7ppg.cloudfront.net/docs/icons/blue.png","0 / 100","Resonator","Fairy Tale/Wanderer","Misa Tsutsui","The Strangers of New Valhalla","""To make certain the uncertain... that is my role. I a-paw-logize, Alice-nya. I can't leave with you yet.""","The Strangers of New Valhalla"
"http://www.fowtcg.com/card/3934","Schrödinger, the Harlequin of Phenomena","http://d12h0em1d7ppg.cloudfront.net/items/39/3934/image_en/e063deec-5251-42c0-944a-19f921589f10.jpg","SNV-053","SR","http://d12h0em1d7ppg.cloudfront.net/docs/icons/cost/03.png","0 / 100","Resonator","Fairy Tale/Wanderer","Misa Tsutsui","The Strangers of New Valhalla","""To make certain the uncertain... that is my role. I a-paw-logize, Alice-nya. I can't leave with you yet.""","The Strangers of New Valhalla"
"http://www.fowtcg.com/card/3935","Shackles of Mist","http://d12h0em1d7ppg.cloudfront.net/items/39/3935/image_en/963e7d21-2790-4530-bded-1002b7632e63.jpg","SNV-054","C","http://d12h0em1d7ppg.cloudfront.net/docs/icons/blue.png","","Chant","","Haruki Komai","The Strangers of New Valhalla","The mist hazes the heart.","The Strangers of New Valhalla"
"http://www.fowtcg.com/card/3935","Shackles of Mist","http://d12h0em1d7ppg.cloudfront.net/items/39/3935/image_en/963e7d21-2790-4530-bded-1002b7632e63.jpg","SNV-054","C","http://d12h0em1d7ppg.cloudfront.net/docs/icons/cost/01.png","","Chant","","Haruki Komai","The Strangers of New Valhalla","The mist hazes the heart.","The Strangers of New Valhalla"
"http://www.fowtcg.com/card/3936","Sky Round Musketeer","http://d12h0em1d7ppg.cloudfront.net/items/39/3936/image_en/6ad48eaf-41ee-420e-8e7a-d8d77ca9d86a.jpg","SNV-055","C","http://d12h0em1d7ppg.cloudfront.net/docs/icons/blue.png","600 / 400","Resonator","Machine","QK","The Strangers of New Valhalla","A machine's job is to be punctual and integral.","The Strangers of New Valhalla"
"http://www.fowtcg.com/card/3936","Sky Round Musketeer","http://d12h0em1d7ppg.cloudfront.net/items/39/3936/image_en/6ad48eaf-41ee-420e-8e7a-d8d77ca9d86a.jpg","SNV-055","C","http://d12h0em1d7ppg.cloudfront.net/docs/icons/cost/01.png","600 / 400","Resonator","Machine","QK","The Strangers of New Valhalla","A machine's job is to be punctual and integral.","The Strangers of New Valhalla"
"http://www.fowtcg.com/card/3937","Skyfall","http://d12h0em1d7ppg.cloudfront.net/items/39/3937/image_en/2c5e54b5-7274-4397-96cd-944c06d5321e.jpg","SNV-056","C","http://d12h0em1d7ppg.cloudfront.net/docs/icons/blue.png","","Chant","","BANAMONS*","The Strangers of New Valhalla","Guinevere descended at speeds faster than the eye could perceive.","The Strangers of New Valhalla"
"http://www.fowtcg.com/card/3938","Skynet","http://d12h0em1d7ppg.cloudfront.net/items/39/3938/image_en/012365ba-3622-4e54-a4a5-91a669a1d8d9.jpg","SNV-057","R","http://d12h0em1d7ppg.cloudfront.net/docs/icons/blue.png","","Chant/Master Rune(Divinity 2)","","Mad","The Strangers of New Valhalla","""Did you really think you could escape me?"" -Guinevere, the Mobility Queen","The Strangers of New Valhalla"
"http://www.fowtcg.com/card/3938","Skynet","http://d12h0em1d7ppg.cloudfront.net/items/39/3938/image_en/012365ba-3622-4e54-a4a5-91a669a1d8d9.jpg","SNV-057","R","http://d12h0em1d7ppg.cloudfront.net/docs/icons/blue.png","","Chant/Master Rune(Divinity 2)","","Mad","The Strangers of New Valhalla","""Did you really think you could escape me?"" -Guinevere, the Mobility Queen","The Strangers of New Valhalla"
"http://www.fowtcg.com/card/3938","Skynet","http://d12h0em1d7ppg.cloudfront.net/items/39/3938/image_en/012365ba-3622-4e54-a4a5-91a669a1d8d9.jpg","SNV-057","R","http://d12h0em1d7ppg.cloudfront.net/docs/icons/cost/03.png","","Chant/Master Rune(Divinity 2)","","Mad","The Strangers of New Valhalla","""Did you really think you could escape me?"" -Guinevere, the Mobility Queen","The Strangers of New Valhalla"
"http://www.fowtcg.com/card/3939","Super Mobile Fortress Camelot","http://d12h0em1d7ppg.cloudfront.net/items/39/3939/image_en/b535348f-211e-4522-994c-6c3ccc8dcc11.jpg","SNV-058","R","http://d12h0em1d7ppg.cloudfront.net/docs/icons/blue.png","1200 / 1200","Resonator","Machine","Shinichi Chiba","The Strangers of New Valhalla","Guinevere led Camelot through the dimensions, finally arriving at Valhalla.","The Strangers of New Valhalla"
"http://www.fowtcg.com/card/3939","Super Mobile Fortress Camelot","http://d12h0em1d7ppg.cloudfront.net/items/39/3939/image_en/b535348f-211e-4522-994c-6c3ccc8dcc11.jpg","SNV-058","R","http://d12h0em1d7ppg.cloudfront.net/docs/icons/blue.png","1200 / 1200","Resonator","Machine","Shinichi Chiba","The Strangers of New Valhalla","Guinevere led Camelot through the dimensions, finally arriving at Valhalla.","The Strangers of New Valhalla"
"http://www.fowtcg.com/card/3939","Super Mobile Fortress Camelot","http://d12h0em1d7ppg.cloudfront.net/items/39/3939/image_en/b535348f-211e-4522-994c-6c3ccc8dcc11.jpg","SNV-058","R","http://d12h0em1d7ppg.cloudfront.net/docs/icons/cost/04.png","1200 / 1200","Resonator","Machine","Shinichi Chiba","The Strangers of New Valhalla","Guinevere led Camelot through the dimensions, finally arriving at Valhalla.","The Strangers of New Valhalla"
"http://www.fowtcg.com/card/3940","Teleport","http://d12h0em1d7ppg.cloudfront.net/items/39/3940/image_en/c07743c9-f840-4fe6-b56b-6b1326a0b9d7.jpg","SNV-059","U","http://d12h0em1d7ppg.cloudfront.net/docs/icons/blue.png","","Chant/Rune(Divinity 2)","","sasaki kounosuke","The Strangers of New Valhalla","The transfer of matter is not magic, but a fine science.","The Strangers of New Valhalla"
"http://www.fowtcg.com/card/3940","Teleport","http://d12h0em1d7ppg.cloudfront.net/items/39/3940/image_en/c07743c9-f840-4fe6-b56b-6b1326a0b9d7.jpg","SNV-059","U","http://d12h0em1d7ppg.cloudfront.net/docs/icons/blue.png","","Chant/Rune(Divinity 2)","","sasaki kounosuke","The Strangers of New Valhalla","The transfer of matter is not magic, but a fine science.","The Strangers of New Valhalla"
"http://www.fowtcg.com/card/3940","Teleport","http://d12h0em1d7ppg.cloudfront.net/items/39/3940/image_en/c07743c9-f840-4fe6-b56b-6b1326a0b9d7.jpg","SNV-059","U","http://d12h0em1d7ppg.cloudfront.net/docs/icons/cost/02.png","","Chant/Rune(Divinity 2)","","sasaki kounosuke","The Strangers of New Valhalla","The transfer of matter is not magic, but a fine science.","The Strangers of New Valhalla"
"http://www.fowtcg.com/card/3941","Wheel Drone","http://d12h0em1d7ppg.cloudfront.net/items/39/3941/image_en/c3c0ff12-9919-48e9-a107-ec141591a1a6.jpg","SNV-060","C","http://d12h0em1d7ppg.cloudfront.net/docs/icons/blue.png","1200 / 900","Resonator","Machine","Shinichi Chiba","The Strangers of New Valhalla","The wheel flies through the sky, even running over enemies at times.","The Strangers of New Valhalla"
"http://www.fowtcg.com/card/3941","Wheel Drone","http://d12h0em1d7ppg.cloudfront.net/items/39/3941/image_en/c3c0ff12-9919-48e9-a107-ec141591a1a6.jpg","SNV-060","C","http://d12h0em1d7ppg.cloudfront.net/docs/icons/cost/04.png","1200 / 900","Resonator","Machine","Shinichi Chiba","The Strangers of New Valhalla","The wheel flies through the sky, even running over enemies at times.","The Strangers of New Valhalla"
"http://www.fowtcg.com/card/3942","Ancient Ruins Researcher","http://d12h0em1d7ppg.cloudfront.net/items/39/3942/image_en/155b5c2d-ca65-4282-a9a0-ee8d0e0c7e3a.jpg","SNV-061","C","http://d12h0em1d7ppg.cloudfront.net/docs/icons/green.png","900 / 1100","Resonator","Mimi Tribe","jitari","The Strangers of New Valhalla","""I see mi-... This is quite the impressive discovery mi-.""","The Strangers of New Valhalla"
"http://www.fowtcg.com/card/3942","Ancient Ruins Researcher","http://d12h0em1d7ppg.cloudfront.net/items/39/3942/image_en/155b5c2d-ca65-4282-a9a0-ee8d0e0c7e3a.jpg","SNV-061","C","http://d12h0em1d7ppg.cloudfront.net/docs/icons/green.png","900 / 1100","Resonator","Mimi Tribe","jitari","The Strangers of New Valhalla","""I see mi-... This is quite the impressive discovery mi-.""","The Strangers of New Valhalla"
"http://www.fowtcg.com/card/3942","Ancient Ruins Researcher","http://d12h0em1d7ppg.cloudfront.net/items/39/3942/image_en/155b5c2d-ca65-4282-a9a0-ee8d0e0c7e3a.jpg","SNV-061","C","http://d12h0em1d7ppg.cloudfront.net/docs/icons/cost/03.png","900 / 1100","Resonator","Mimi Tribe","jitari","The Strangers of New Valhalla","""I see mi-... This is quite the impressive discovery mi-.""","The Strangers of New Valhalla"
"http://www.fowtcg.com/card/3943","Bullet Ball Thunder Clap","http://d12h0em1d7ppg.cloudfront.net/items/39/3943/image_en/c5ae2940-489c-45b4-ad89-8e3ac2dcf86f.jpg","SNV-062","R","http://d12h0em1d7ppg.cloudfront.net/docs/icons/green.png","","Chant/Rune(Divinity 2)","","Rumie","The Strangers of New Valhalla","Who will become the bullet is often up for contention. In most cases, the one who falls asleep first is chosen.","The Strangers of New Valhalla"
"http://www.fowtcg.com/card/3944","Bunbuku, the Legendary Tea Kettle","http://d12h0em1d7ppg.cloudfront.net/items/39/3944/image_en/7c915d5f-3de4-43c1-bb0d-bd4431852aa1.jpg","SNV-063","R","http://d12h0em1d7ppg.cloudfront.net/docs/icons/green.png","300 / 1200","Resonator","Beast","Haruichi Kido","The Strangers of New Valhalla","""Transform? How rude. But, I will. Just for you.""","The Strangers of New Valhalla"
"http://www.fowtcg.com/card/3944","Bunbuku, the Legendary Tea Kettle","http://d12h0em1d7ppg.cloudfront.net/items/39/3944/image_en/7c915d5f-3de4-43c1-bb0d-bd4431852aa1.jpg","SNV-063","R","http://d12h0em1d7ppg.cloudfront.net/docs/icons/cost/02.png","300 / 1200","Resonator","Beast","Haruichi Kido","The Strangers of New Valhalla","""Transform? How rude. But, I will. Just for you.""","The Strangers of New Valhalla"
"http://www.fowtcg.com/card/3945","Chamimi's Contemplation","http://d12h0em1d7ppg.cloudfront.net/items/39/3945/image_en/2369472a-0083-4583-82c1-bfced6c6ac79.jpg","SNV-064","C","http://d12h0em1d7ppg.cloudfront.net/docs/icons/green.png","","Chant","","QK","The Strangers of New Valhalla","Is she thinking or just sleeping? Nobody can ever tell.","The Strangers of New Valhalla"
"http://www.fowtcg.com/card/3945","Chamimi's Contemplation","http://d12h0em1d7ppg.cloudfront.net/items/39/3945/image_en/2369472a-0083-4583-82c1-bfced6c6ac79.jpg","SNV-064","C","http://d12h0em1d7ppg.cloudfront.net/docs/icons/cost/01.png","","Chant","","QK","The Strangers of New Valhalla","Is she thinking or just sleeping? Nobody can ever tell.","The Strangers of New Valhalla"
"http://www.fowtcg.com/card/3946","Flying Squirrel","http://d12h0em1d7ppg.cloudfront.net/items/39/3946/image_en/4b926f25-b3e5-42d9-b95d-85de38663a5c.jpg","SNV-065","C","http://d12h0em1d7ppg.cloudfront.net/docs/icons/green.png","800 / 800","Resonator","Beast","hatarisu","The Strangers of New Valhalla","It may look cute, but the Mimi tribe knows its true danger.","The Strangers of New Valhalla"
"http://www.fowtcg.com/card/3946","Flying Squirrel","http://d12h0em1d7ppg.cloudfront.net/items/39/3946/image_en/4b926f25-b3e5-42d9-b95d-85de38663a5c.jpg","SNV-065","C","http://d12h0em1d7ppg.cloudfront.net/docs/icons/cost/02.png","800 / 800","Resonator","Beast","hatarisu","The Strangers of New Valhalla","It may look cute, but the Mimi tribe knows its true danger.","The Strangers of New Valhalla"
"http://www.fowtcg.com/card/3947","Fox Shikigami","http://d12h0em1d7ppg.cloudfront.net/items/39/3947/image_en/d3b38f14-5003-47a3-88bb-24b8539c086b.jpg","SNV-066","C","http://d12h0em1d7ppg.cloudfront.net/docs/icons/green.png","700 / 900","Resonator","Shikigami","Tomomi TOMIDA","The Strangers of New Valhalla","""Master, about the schedule for today...""","The Strangers of New Valhalla"
"http://www.fowtcg.com/card/3947","Fox Shikigami","http://d12h0em1d7ppg.cloudfront.net/items/39/3947/image_en/d3b38f14-5003-47a3-88bb-24b8539c086b.jpg","SNV-066","C","http://d12h0em1d7ppg.cloudfront.net/docs/icons/cost/02.png","700 / 900","Resonator","Shikigami","Tomomi TOMIDA","The Strangers of New Valhalla","""Master, about the schedule for today...""","The Strangers of New Valhalla"
"http://www.fowtcg.com/card/3948","Friend Calling Whistle","http://d12h0em1d7ppg.cloudfront.net/items/39/3948/image_en/e6daa8f2-1713-4768-ad31-22fb367204ee.jpg","SNV-067","U","http://d12h0em1d7ppg.cloudfront.net/docs/icons/green.png","","Chant/Rune(Divinity 1)","","AKI","The Strangers of New Valhalla","A special tone only Ninjas can recognize.","The Strangers of New Valhalla"
"http://www.fowtcg.com/card/3949","Guardian Beast of Nature","http://d12h0em1d7ppg.cloudfront.net/items/39/3949/image_en/3a4b54fe-bfd2-4237-ba17-0b541c6f5825.jpg","SNV-068","C","http://d12h0em1d7ppg.cloudfront.net/docs/icons/green.png","600 / 600","Resonator","Beast","gozz","The Strangers of New Valhalla","The Mimi tribe was blown away when they discovered it. Not by the breathtaking ruins that laid beyond... but by the furious beast guarding it.","The Strangers of New Valhalla"
"http://www.fowtcg.com/card/3949","Guardian Beast of Nature","http://d12h0em1d7ppg.cloudfront.net/items/39/3949/image_en/3a4b54fe-bfd2-4237-ba17-0b541c6f5825.jpg","SNV-068","C","http://d12h0em1d7ppg.cloudfront.net/docs/icons/green.png","600 / 600","Resonator","Beast","gozz","The Strangers of New Valhalla","The Mimi tribe was blown away when they discovered it. Not by the breathtaking ruins that laid beyond... but by the furious beast guarding it.","The Strangers of New Valhalla"
"http://www.fowtcg.com/card/3950","Liz, Sealed God of the Island","http://d12h0em1d7ppg.cloudfront.net/items/39/3950/image_en/9912fdd1-68f5-4551-afa1-ef1a1ef82431.jpg","SNV-069","R","http://d12h0em1d7ppg.cloudfront.net/docs/icons/green.png","1000 / 1500","Resonator","Elf","KAZTO FURUYA","The Strangers of New Valhalla","When Liz awoke, she felt no joy. She could sense her old friend had awakened to darkness.","The Strangers of New Valhalla"
"http://www.fowtcg.com/card/3950","Liz, Sealed God of the Island","http://d12h0em1d7ppg.cloudfront.net/items/39/3950/image_en/9912fdd1-68f5-4551-afa1-ef1a1ef82431.jpg","SNV-069","R","http://d12h0em1d7ppg.cloudfront.net/docs/icons/green.png","1000 / 1500","Resonator","Elf","KAZTO FURUYA","The Strangers of New Valhalla","When Liz awoke, she felt no joy. She could sense her old friend had awakened to darkness.","The Strangers of New Valhalla"
"http://www.fowtcg.com/card/3950","Liz, Sealed God of the Island","http://d12h0em1d7ppg.cloudfront.net/items/39/3950/image_en/9912fdd1-68f5-4551-afa1-ef1a1ef82431.jpg","SNV-069","R","http://d12h0em1d7ppg.cloudfront.net/docs/icons/cost/06.png","1000 / 1500","Resonator","Elf","KAZTO FURUYA","The Strangers of New Valhalla","When Liz awoke, she felt no joy. She could sense her old friend had awakened to darkness.","The Strangers of New Valhalla"
"http://www.fowtcg.com/card/3951","Magellanica, the Ball Warrior","http://d12h0em1d7ppg.cloudfront.net/items/39/3951/image_en/ec9f0f41-adda-4281-8474-cd87f802a8f4.jpg","SNV-070","SR","http://d12h0em1d7ppg.cloudfront.net/docs/icons/green.png","1200 / 1200","Resonator","Mimi Tribe","Rumie","The Strangers of New Valhalla","Since it's faster for him to roll to move, no one's ever seen him walk.","The Strangers of New Valhalla"
"http://www.fowtcg.com/card/3951","Magellanica, the Ball Warrior","http://d12h0em1d7ppg.cloudfront.net/items/39/3951/image_en/ec9f0f41-adda-4281-8474-cd87f802a8f4.jpg","SNV-070","SR","http://d12h0em1d7ppg.cloudfront.net/docs/icons/green.png","1200 / 1200","Resonator","Mimi Tribe","Rumie","The Strangers of New Valhalla","Since it's faster for him to roll to move, no one's ever seen him walk.","The Strangers of New Valhalla"
"http://www.fowtcg.com/card/3951","Magellanica, the Ball Warrior","http://d12h0em1d7ppg.cloudfront.net/items/39/3951/image_en/ec9f0f41-adda-4281-8474-cd87f802a8f4.jpg","SNV-070","SR","http://d12h0em1d7ppg.cloudfront.net/docs/icons/green.png","1200 / 1200","Resonator","Mimi Tribe","Rumie","The Strangers of New Valhalla","Since it's faster for him to roll to move, no one's ever seen him walk.","The Strangers of New Valhalla"
"http://www.fowtcg.com/card/3951","Magellanica, the Ball Warrior","http://d12h0em1d7ppg.cloudfront.net/items/39/3951/image_en/ec9f0f41-adda-4281-8474-cd87f802a8f4.jpg","SNV-070","SR","http://d12h0em1d7ppg.cloudfront.net/docs/icons/cost/01.png","1200 / 1200","Resonator","Mimi Tribe","Rumie","The Strangers of New Valhalla","Since it's faster for him to roll to move, no one's ever seen him walk.","The Strangers of New Valhalla"
"http://www.fowtcg.com/card/3952","Molmol, King of Rare Beasts","http://d12h0em1d7ppg.cloudfront.net/items/39/3952/image_en/dfeca98e-f295-4e10-a138-7fa5d0bc823c.jpg","SNV-071","U","http://d12h0em1d7ppg.cloudfront.net/docs/icons/green.png","2000 / 2000","Resonator","Beast","SO","The Strangers of New Valhalla","Chamimi approached the King of Beasts, attempting to communicate with it.","The Strangers of New Valhalla"
"http://www.fowtcg.com/card/3952","Molmol, King of Rare Beasts","http://d12h0em1d7ppg.cloudfront.net/items/39/3952/image_en/dfeca98e-f295-4e10-a138-7fa5d0bc823c.jpg","SNV-071","U","http://d12h0em1d7ppg.cloudfront.net/docs/icons/green.png","2000 / 2000","Resonator","Beast","SO","The Strangers of New Valhalla","Chamimi approached the King of Beasts, attempting to communicate with it.","The Strangers of New Valhalla"
"http://www.fowtcg.com/card/3952","Molmol, King of Rare Beasts","http://d12h0em1d7ppg.cloudfront.net/items/39/3952/image_en/dfeca98e-f295-4e10-a138-7fa5d0bc823c.jpg","SNV-071","U","http://d12h0em1d7ppg.cloudfront.net/docs/icons/cost/05.png","2000 / 2000","Resonator","Beast","SO","The Strangers of New Valhalla","Chamimi approached the King of Beasts, attempting to communicate with it.","The Strangers of New Valhalla"
"http://www.fowtcg.com/card/3953","Ninja Students","http://d12h0em1d7ppg.cloudfront.net/items/39/3953/image_en/0c74d2aa-d542-4194-8e13-8eca9a49525c.jpg","SNV-072","C","http://d12h0em1d7ppg.cloudfront.net/docs/icons/green.png","400 / 300","Resonator","Cat/Ninja","Shirono Muku","The Strangers of New Valhalla","""These children are the seeds of the future."" -Hanzo","The Strangers of New Valhalla"
"http://www.fowtcg.com/card/3954","Rikyu, Cat Tongued Tea Master","http://d12h0em1d7ppg.cloudfront.net/items/39/3954/image_en/98b0f741-51b1-4f7c-bd12-55926e6815fe.jpg","SNV-073","SR","http://d12h0em1d7ppg.cloudfront.net/docs/icons/green.png","1100 / 1200","Resonator","Cat/Wanderer","Haruichi Kido","The Strangers of New Valhalla","When Rikyu came to Kouga from another world he offered tea to the villagers. But no one would accept it. As it would turn out, cats can't drink hot drinks.","The Strangers of New Valhalla"
"http://www.fowtcg.com/card/3954","Rikyu, Cat Tongued Tea Master","http://d12h0em1d7ppg.cloudfront.net/items/39/3954/image_en/98b0f741-51b1-4f7c-bd12-55926e6815fe.jpg","SNV-073","SR","http://d12h0em1d7ppg.cloudfront.net/docs/icons/green.png","1100 / 1200","Resonator","Cat/Wanderer","Haruichi Kido","The Strangers of New Valhalla","When Rikyu came to Kouga from another world he offered tea to the villagers. But no one would accept it. As it would turn out, cats can't drink hot drinks.","The Strangers of New Valhalla"
"http://www.fowtcg.com/card/3954","Rikyu, Cat Tongued Tea Master","http://d12h0em1d7ppg.cloudfront.net/items/39/3954/image_en/98b0f741-51b1-4f7c-bd12-55926e6815fe.jpg","SNV-073","SR","http://d12h0em1d7ppg.cloudfront.net/docs/icons/cost/03.png","1100 / 1200","Resonator","Cat/Wanderer","Haruichi Kido","The Strangers of New Valhalla","When Rikyu came to Kouga from another world he offered tea to the villagers. But no one would accept it. As it would turn out, cats can't drink hot drinks.","The Strangers of New Valhalla"
"http://www.fowtcg.com/card/3955","Ruins Beneath the Flora","http://d12h0em1d7ppg.cloudfront.net/items/39/3955/image_en/7f661db7-4161-47ac-9994-7785d5d22432.jpg","SNV-074","U","http://d12h0em1d7ppg.cloudfront.net/docs/icons/green.png","","Addition","Ancient Ruins","gozz","The Strangers of New Valhalla","Slipping past the guardian beast's pursuit, the Mimi tribe took a determined step into the ruins.","The Strangers of New Valhalla"
"http://www.fowtcg.com/card/3955","Ruins Beneath the Flora","http://d12h0em1d7ppg.cloudfront.net/items/39/3955/image_en/7f661db7-4161-47ac-9994-7785d5d22432.jpg","SNV-074","U","http://d12h0em1d7ppg.cloudfront.net/docs/icons/green.png","","Addition","Ancient Ruins","gozz","The Strangers of New Valhalla","Slipping past the guardian beast's pursuit, the Mimi tribe took a determined step into the ruins.","The Strangers of New Valhalla"
"http://www.fowtcg.com/card/3955","Ruins Beneath the Flora","http://d12h0em1d7ppg.cloudfront.net/items/39/3955/image_en/7f661db7-4161-47ac-9994-7785d5d22432.jpg","SNV-074","U","http://d12h0em1d7ppg.cloudfront.net/docs/icons/cost/02.png","","Addition","Ancient Ruins","gozz","The Strangers of New Valhalla","Slipping past the guardian beast's pursuit, the Mimi tribe took a determined step into the ruins.","The Strangers of New Valhalla"
"http://www.fowtcg.com/card/3956","Seimei's Disciple","http://d12h0em1d7ppg.cloudfront.net/items/39/3956/image_en/e7cb2db9-5e51-4e15-991f-0282dea2a929.jpg","SNV-075","C","http://d12h0em1d7ppg.cloudfront.net/docs/icons/green.png","500 / 600","Resonator","Cat/Yin-Yang Master","Fukuzo Katsura","The Strangers of New Valhalla","""Unfortunately, Master Seimei is sleeping right now. Not even I know when he will awake.""","The Strangers of New Valhalla"
"http://www.fowtcg.com/card/3956","Seimei's Disciple","http://d12h0em1d7ppg.cloudfront.net/items/39/3956/image_en/e7cb2db9-5e51-4e15-991f-0282dea2a929.jpg","SNV-075","C","http://d12h0em1d7ppg.cloudfront.net/docs/icons/cost/01.png","500 / 600","Resonator","Cat/Yin-Yang Master","Fukuzo Katsura","The Strangers of New Valhalla","""Unfortunately, Master Seimei is sleeping right now. Not even I know when he will awake.""","The Strangers of New Valhalla"
"http://www.fowtcg.com/card/3957","Storm Cat","http://d12h0em1d7ppg.cloudfront.net/items/39/3957/image_en/911c8cce-aa07-4d0b-9c67-9885709dacd2.jpg","SNV-076","C","http://d12h0em1d7ppg.cloudfront.net/docs/icons/green.png","","Chant","","TAKUMI","The Strangers of New Valhalla","""Can you keep up with my movements?"" -Hanzo","The Strangers of New Valhalla"
"http://www.fowtcg.com/card/3957","Storm Cat","http://d12h0em1d7ppg.cloudfront.net/items/39/3957/image_en/911c8cce-aa07-4d0b-9c67-9885709dacd2.jpg","SNV-076","C","http://d12h0em1d7ppg.cloudfront.net/docs/icons/green.png","","Chant","","TAKUMI","The Strangers of New Valhalla","""Can you keep up with my movements?"" -Hanzo","The Strangers of New Valhalla"
"http://www.fowtcg.com/card/3957","Storm Cat","http://d12h0em1d7ppg.cloudfront.net/items/39/3957/image_en/911c8cce-aa07-4d0b-9c67-9885709dacd2.jpg","SNV-076","C","http://d12h0em1d7ppg.cloudfront.net/docs/icons/cost/04.png","","Chant","","TAKUMI","The Strangers of New Valhalla","""Can you keep up with my movements?"" -Hanzo","The Strangers of New Valhalla"
"http://www.fowtcg.com/card/3958","Table Flip","http://d12h0em1d7ppg.cloudfront.net/items/39/3958/image_en/775c1fb5-df12-42b9-ac7b-e023f09d804c.jpg","SNV-077","R","http://d12h0em1d7ppg.cloudfront.net/docs/icons/green.png","","Chant/Master Rune(Divinity 2)","","Haruichi Kido","The Strangers of New Valhalla","""This tea's too hot to drink!!"" -Rikyu, Cat Tongued Tea Master","The Strangers of New Valhalla"
"http://www.fowtcg.com/card/3958","Table Flip","http://d12h0em1d7ppg.cloudfront.net/items/39/3958/image_en/775c1fb5-df12-42b9-ac7b-e023f09d804c.jpg","SNV-077","R","http://d12h0em1d7ppg.cloudfront.net/docs/icons/cost/03.png","","Chant/Master Rune(Divinity 2)","","Haruichi Kido","The Strangers of New Valhalla","""This tea's too hot to drink!!"" -Rikyu, Cat Tongued Tea Master","The Strangers of New Valhalla"
"http://www.fowtcg.com/card/3959","The Six Jizo Statues","http://d12h0em1d7ppg.cloudfront.net/items/39/3959/image_en/8db5a143-94fe-459a-ba5e-85162860f5cf.jpg","SNV-078","U","http://d12h0em1d7ppg.cloudfront.net/docs/icons/green.png","600 / 600","Resonator","Youkai","Moopic","The Strangers of New Valhalla","While it may take time, they will always return the favor.","The Strangers of New Valhalla"
"http://www.fowtcg.com/card/3960","The Unsealing of God","http://d12h0em1d7ppg.cloudfront.net/items/39/3960/image_en/b28a556c-1d51-4de1-a114-9ffd66ca1a51.jpg","SNV-079","U","http://d12h0em1d7ppg.cloudfront.net/docs/icons/green.png","","Chant/Rune(Divinity 1)","","KAZTO FURUYA","The Strangers of New Valhalla","The Mimi tribe came to worship Liz, for she looked exactly like the gods as described in their ancient songs.","The Strangers of New Valhalla"
"http://www.fowtcg.com/card/3961","Tsunade, Brawny Cat Ninja","http://d12h0em1d7ppg.cloudfront.net/items/39/3961/image_en/920d2808-fc11-4ea4-a4d1-eb722c137b45.jpg","SNV-080","U","http://d12h0em1d7ppg.cloudfront.net/docs/icons/green.png","800 / 500","Resonator","Cat/Ninja","SIE NANAHARA","The Strangers of New Valhalla","""With some guts and strength, you can do anything!""","The Strangers of New Valhalla"
"http://www.fowtcg.com/card/3961","Tsunade, Brawny Cat Ninja","http://d12h0em1d7ppg.cloudfront.net/items/39/3961/image_en/920d2808-fc11-4ea4-a4d1-eb722c137b45.jpg","SNV-080","U","http://d12h0em1d7ppg.cloudfront.net/docs/icons/green.png","800 / 500","Resonator","Cat/Ninja","SIE NANAHARA","The Strangers of New Valhalla","""With some guts and strength, you can do anything!""","The Strangers of New Valhalla"
"http://www.fowtcg.com/card/3962","Amon, Conspirer of Atrocities","http://d12h0em1d7ppg.cloudfront.net/items/39/3962/image_en/c99ddc78-cf5d-4e41-9354-7609920491ab.jpg","SNV-081","R","http://d12h0em1d7ppg.cloudfront.net/docs/icons/dark.png","1200 / 1200","Resonator","Demon","kotakan","The Strangers of New Valhalla","He feels nothing but joy. Joy at being given another chance to bring ruin.","The Strangers of New Valhalla"
"http://www.fowtcg.com/card/3962","Amon, Conspirer of Atrocities","http://d12h0em1d7ppg.cloudfront.net/items/39/3962/image_en/c99ddc78-cf5d-4e41-9354-7609920491ab.jpg","SNV-081","R","http://d12h0em1d7ppg.cloudfront.net/docs/icons/dark.png","1200 / 1200","Resonator","Demon","kotakan","The Strangers of New Valhalla","He feels nothing but joy. Joy at being given another chance to bring ruin.","The Strangers of New Valhalla"
"http://www.fowtcg.com/card/3962","Amon, Conspirer of Atrocities","http://d12h0em1d7ppg.cloudfront.net/items/39/3962/image_en/c99ddc78-cf5d-4e41-9354-7609920491ab.jpg","SNV-081","R","http://d12h0em1d7ppg.cloudfront.net/docs/icons/cost/03.png","1200 / 1200","Resonator","Demon","kotakan","The Strangers of New Valhalla","He feels nothing but joy. Joy at being given another chance to bring ruin.","The Strangers of New Valhalla"
"http://www.fowtcg.com/card/3963","Astema, the Returnee of Hatred","http://d12h0em1d7ppg.cloudfront.net/items/39/3963/image_en/932fd5f8-27af-4603-ab36-6809755a1bfa.jpg","SNV-082","SR","http://d12h0em1d7ppg.cloudfront.net/docs/icons/dark.png","700 / 600","Resonator","Fallen Angel/Wanderer","j-peg","The Strangers of New Valhalla","As time passed, her hatred only grew. Now one with her malice, she returns to this world.","The Strangers of New Valhalla"
"http://www.fowtcg.com/card/3963","Astema, the Returnee of Hatred","http://d12h0em1d7ppg.cloudfront.net/items/39/3963/image_en/932fd5f8-27af-4603-ab36-6809755a1bfa.jpg","SNV-082","SR","http://d12h0em1d7ppg.cloudfront.net/docs/icons/dark.png","700 / 600","Resonator","Fallen Angel/Wanderer","j-peg","The Strangers of New Valhalla","As time passed, her hatred only grew. Now one with her malice, she returns to this world.","The Strangers of New Valhalla"
"http://www.fowtcg.com/card/3963","Astema, the Returnee of Hatred","http://d12h0em1d7ppg.cloudfront.net/items/39/3963/image_en/932fd5f8-27af-4603-ab36-6809755a1bfa.jpg","SNV-082","SR","http://d12h0em1d7ppg.cloudfront.net/docs/icons/cost/01.png","700 / 600","Resonator","Fallen Angel/Wanderer","j-peg","The Strangers of New Valhalla","As time passed, her hatred only grew. Now one with her malice, she returns to this world.","The Strangers of New Valhalla"
"http://www.fowtcg.com/card/3964","Athenia, Sealed God of the Ruins","http://d12h0em1d7ppg.cloudfront.net/items/39/3964/image_en/40852b82-958c-4518-963f-6abcd3ce08e0.jpg","SNV-083","SR","http://d12h0em1d7ppg.cloudfront.net/docs/icons/dark.png","1200 / 1000","Resonator","Human","sakura moyon","The Strangers of New Valhalla","""A most terrible awakening... for me and this world.""","The Strangers of New Valhalla"
"http://www.fowtcg.com/card/3964","Athenia, Sealed God of the Ruins","http://d12h0em1d7ppg.cloudfront.net/items/39/3964/image_en/40852b82-958c-4518-963f-6abcd3ce08e0.jpg","SNV-083","SR","http://d12h0em1d7ppg.cloudfront.net/docs/icons/dark.png","1200 / 1000","Resonator","Human","sakura moyon","The Strangers of New Valhalla","""A most terrible awakening... for me and this world.""","The Strangers of New Valhalla"
"http://www.fowtcg.com/card/3964","Athenia, Sealed God of the Ruins","http://d12h0em1d7ppg.cloudfront.net/items/39/3964/image_en/40852b82-958c-4518-963f-6abcd3ce08e0.jpg","SNV-083","SR","http://d12h0em1d7ppg.cloudfront.net/docs/icons/cost/03.png","1200 / 1000","Resonator","Human","sakura moyon","The Strangers of New Valhalla","""A most terrible awakening... for me and this world.""","The Strangers of New Valhalla"
"http://www.fowtcg.com/card/3965","Black-Eyed Angel","http://d12h0em1d7ppg.cloudfront.net/items/39/3965/image_en/1bf7cf96-66fd-448d-a316-6996477fa1c9.jpg","SNV-084","C","http://d12h0em1d7ppg.cloudfront.net/docs/icons/dark.png","1300 / 700","Resonator","Fallen Angel","tokiwa","The Strangers of New Valhalla","No light shone in their eyes, their hearts long since enveloped in darkness.","The Strangers of New Valhalla"
"http://www.fowtcg.com/card/3965","Black-Eyed Angel","http://d12h0em1d7ppg.cloudfront.net/items/39/3965/image_en/1bf7cf96-66fd-448d-a316-6996477fa1c9.jpg","SNV-084","C","http://d12h0em1d7ppg.cloudfront.net/docs/icons/dark.png","1300 / 700","Resonator","Fallen Angel","tokiwa","The Strangers of New Valhalla","No light shone in their eyes, their hearts long since enveloped in darkness.","The Strangers of New Valhalla"
"http://www.fowtcg.com/card/3965","Black-Eyed Angel","http://d12h0em1d7ppg.cloudfront.net/items/39/3965/image_en/1bf7cf96-66fd-448d-a316-6996477fa1c9.jpg","SNV-084","C","http://d12h0em1d7ppg.cloudfront.net/docs/icons/cost/03.png","1300 / 700","Resonator","Fallen Angel","tokiwa","The Strangers of New Valhalla","No light shone in their eyes, their hearts long since enveloped in darkness.","The Strangers of New Valhalla"
"http://www.fowtcg.com/card/3966","Caspiel, the Fallen Angel of Rebellion","http://d12h0em1d7ppg.cloudfront.net/items/39/3966/image_en/3d524ba6-bd3d-41b4-ae44-ee0a80ab3eea.jpg","SNV-085","U","http://d12h0em1d7ppg.cloudfront.net/docs/icons/dark.png","1200 / 1000","Resonator","Fallen Angel","suranaki","The Strangers of New Valhalla","Satan's will transformed into a strong impulse, stirring the fallen angels to action.","The Strangers of New Valhalla"
"http://www.fowtcg.com/card/3966","Caspiel, the Fallen Angel of Rebellion","http://d12h0em1d7ppg.cloudfront.net/items/39/3966/image_en/3d524ba6-bd3d-41b4-ae44-ee0a80ab3eea.jpg","SNV-085","U","http://d12h0em1d7ppg.cloudfront.net/docs/icons/dark.png","1200 / 1000","Resonator","Fallen Angel","suranaki","The Strangers of New Valhalla","Satan's will transformed into a strong impulse, stirring the fallen angels to action.","The Strangers of New Valhalla"
"http://www.fowtcg.com/card/3966","Caspiel, the Fallen Angel of Rebellion","http://d12h0em1d7ppg.cloudfront.net/items/39/3966/image_en/3d524ba6-bd3d-41b4-ae44-ee0a80ab3eea.jpg","SNV-085","U","http://d12h0em1d7ppg.cloudfront.net/docs/icons/cost/04.png","1200 / 1000","Resonator","Fallen Angel","suranaki","The Strangers of New Valhalla","Satan's will transformed into a strong impulse, stirring the fallen angels to action.","The Strangers of New Valhalla"
"http://www.fowtcg.com/card/3967","Chaining Hatred","http://d12h0em1d7ppg.cloudfront.net/items/39/3967/image_en/f4ced6f2-507f-4c23-a191-aadd1c9d183b.jpg","SNV-086","U","http://d12h0em1d7ppg.cloudfront.net/docs/icons/dark.png","","Chant/Rune(Divinity 2)","","gajumaru","The Strangers of New Valhalla","Hatred, a disease plaguing the hearts of many.","The Strangers of New Valhalla"
"http://www.fowtcg.com/card/3967","Chaining Hatred","http://d12h0em1d7ppg.cloudfront.net/items/39/3967/image_en/f4ced6f2-507f-4c23-a191-aadd1c9d183b.jpg","SNV-086","U","http://d12h0em1d7ppg.cloudfront.net/docs/icons/dark.png","","Chant/Rune(Divinity 2)","","gajumaru","The Strangers of New Valhalla","Hatred, a disease plaguing the hearts of many.","The Strangers of New Valhalla"
"http://www.fowtcg.com/card/3967","Chaining Hatred","http://d12h0em1d7ppg.cloudfront.net/items/39/3967/image_en/f4ced6f2-507f-4c23-a191-aadd1c9d183b.jpg","SNV-086","U","http://d12h0em1d7ppg.cloudfront.net/docs/icons/cost/03.png","","Chant/Rune(Divinity 2)","","gajumaru","The Strangers of New Valhalla","Hatred, a disease plaguing the hearts of many.","The Strangers of New Valhalla"
"http://www.fowtcg.com/card/3968","Contract Demon","http://d12h0em1d7ppg.cloudfront.net/items/39/3968/image_en/33eaba33-bdd1-4d7c-ae65-6f850433945f.jpg","SNV-087","U","http://d12h0em1d7ppg.cloudfront.net/docs/icons/dark.png","600 / 600","Resonator","Demon","Nekobayashi","The Strangers of New Valhalla","The contract will always be fulfilled. For demons love to collect.","The Strangers of New Valhalla"
"http://www.fowtcg.com/card/3968","Contract Demon","http://d12h0em1d7ppg.cloudfront.net/items/39/3968/image_en/33eaba33-bdd1-4d7c-ae65-6f850433945f.jpg","SNV-087","U","http://d12h0em1d7ppg.cloudfront.net/docs/icons/dark.png","600 / 600","Resonator","Demon","Nekobayashi","The Strangers of New Valhalla","The contract will always be fulfilled. For demons love to collect.","The Strangers of New Valhalla"
"http://www.fowtcg.com/card/3969","Corrupt Teachings","http://d12h0em1d7ppg.cloudfront.net/items/39/3969/image_en/f72276be-81bf-45f9-b7a1-bd74e96bb8b0.jpg","SNV-088","C","http://d12h0em1d7ppg.cloudfront.net/docs/icons/dark.png","","Chant","","haniwa","The Strangers of New Valhalla","""The time has come. We must supervise this world in place of God."" -Lucifer","The Strangers of New Valhalla"
"http://www.fowtcg.com/card/3969","Corrupt Teachings","http://d12h0em1d7ppg.cloudfront.net/items/39/3969/image_en/f72276be-81bf-45f9-b7a1-bd74e96bb8b0.jpg","SNV-088","C","http://d12h0em1d7ppg.cloudfront.net/docs/icons/dark.png","","Chant","","haniwa","The Strangers of New Valhalla","""The time has come. We must supervise this world in place of God."" -Lucifer","The Strangers of New Valhalla"
"http://www.fowtcg.com/card/3969","Corrupt Teachings","http://d12h0em1d7ppg.cloudfront.net/items/39/3969/image_en/f72276be-81bf-45f9-b7a1-bd74e96bb8b0.jpg","SNV-088","C","http://d12h0em1d7ppg.cloudfront.net/docs/icons/cost/02.png","","Chant","","haniwa","The Strangers of New Valhalla","""The time has come. We must supervise this world in place of God."" -Lucifer","The Strangers of New Valhalla"
"http://www.fowtcg.com/card/3970","Dark Soldier of the Fallen","http://d12h0em1d7ppg.cloudfront.net/items/39/3970/image_en/543fa8c9-0e41-48e9-abbf-a212a7391e5c.jpg","SNV-089","C","http://d12h0em1d7ppg.cloudfront.net/docs/icons/dark.png","600 / 400","Resonator","Human","KONNO Takashi","The Strangers of New Valhalla","They despise humans blessed by light the most.","The Strangers of New Valhalla"
"http://www.fowtcg.com/card/3970","Dark Soldier of the Fallen","http://d12h0em1d7ppg.cloudfront.net/items/39/3970/image_en/543fa8c9-0e41-48e9-abbf-a212a7391e5c.jpg","SNV-089","C","http://d12h0em1d7ppg.cloudfront.net/docs/icons/cost/01.png","600 / 400","Resonator","Human","KONNO Takashi","The Strangers of New Valhalla","They despise humans blessed by light the most.","The Strangers of New Valhalla"
"http://www.fowtcg.com/card/3971","Dragon Zombie","http://d12h0em1d7ppg.cloudfront.net/items/39/3971/image_en/9d2f792a-9f9a-42c3-9d17-0b271be18ca2.jpg","SNV-090","U","http://d12h0em1d7ppg.cloudfront.net/docs/icons/dark.png","600 / 600","Resonator","Dragon/Zombie","Kusanagi Tyouen","The Strangers of New Valhalla","Lost in jealousy, its heart and wings have long since given in to the darkness.","The Strangers of New Valhalla"
"http://www.fowtcg.com/card/3971","Dragon Zombie","http://d12h0em1d7ppg.cloudfront.net/items/39/3971/image_en/9d2f792a-9f9a-42c3-9d17-0b271be18ca2.jpg","SNV-090","U","http://d12h0em1d7ppg.cloudfront.net/docs/icons/dark.png","600 / 600","Resonator","Dragon/Zombie","Kusanagi Tyouen","The Strangers of New Valhalla","Lost in jealousy, its heart and wings have long since given in to the darkness.","The Strangers of New Valhalla"
"http://www.fowtcg.com/card/3971","Dragon Zombie","http://d12h0em1d7ppg.cloudfront.net/items/39/3971/image_en/9d2f792a-9f9a-42c3-9d17-0b271be18ca2.jpg","SNV-090","U","http://d12h0em1d7ppg.cloudfront.net/docs/icons/cost/02.png","600 / 600","Resonator","Dragon/Zombie","Kusanagi Tyouen","The Strangers of New Valhalla","Lost in jealousy, its heart and wings have long since given in to the darkness.","The Strangers of New Valhalla"
"http://www.fowtcg.com/card/3972","Graveyard Vampire","http://d12h0em1d7ppg.cloudfront.net/items/39/3972/image_en/d55690b9-38bf-46f9-a5bb-b0bbf7746c40.jpg","SNV-091","C","http://d12h0em1d7ppg.cloudfront.net/docs/icons/dark.png","600 / 700","Resonator","Vampire","Saiko Takaki","The Strangers of New Valhalla","The lone vampire could not read Oborozuki's intentions. For reasons unknown, she came to this area and seized control.","The Strangers of New Valhalla"
"http://www.fowtcg.com/card/3972","Graveyard Vampire","http://d12h0em1d7ppg.cloudfront.net/items/39/3972/image_en/d55690b9-38bf-46f9-a5bb-b0bbf7746c40.jpg","SNV-091","C","http://d12h0em1d7ppg.cloudfront.net/docs/icons/dark.png","600 / 700","Resonator","Vampire","Saiko Takaki","The Strangers of New Valhalla","The lone vampire could not read Oborozuki's intentions. For reasons unknown, she came to this area and seized control.","The Strangers of New Valhalla"
"http://www.fowtcg.com/card/3972","Graveyard Vampire","http://d12h0em1d7ppg.cloudfront.net/items/39/3972/image_en/d55690b9-38bf-46f9-a5bb-b0bbf7746c40.jpg","SNV-091","C","http://d12h0em1d7ppg.cloudfront.net/docs/icons/cost/02.png","600 / 700","Resonator","Vampire","Saiko Takaki","The Strangers of New Valhalla","The lone vampire could not read Oborozuki's intentions. For reasons unknown, she came to this area and seized control.","The Strangers of New Valhalla"
"http://www.fowtcg.com/card/3973","March of the Dead","http://d12h0em1d7ppg.cloudfront.net/items/39/3973/image_en/afaa7aac-5c6f-41ca-9a53-309410039338.jpg","SNV-092","C","http://d12h0em1d7ppg.cloudfront.net/docs/icons/dark.png","","Chant","","douzen","The Strangers of New Valhalla","The parade marched onward to the meeting place of the wanderers.","The Strangers of New Valhalla"
"http://www.fowtcg.com/card/3974","Orchard of the Immortals","http://d12h0em1d7ppg.cloudfront.net/items/39/3974/image_en/1f754dd9-6d45-452f-b67a-de1a6c373cf0.jpg","SNV-093","U","http://d12h0em1d7ppg.cloudfront.net/docs/icons/dark.png","","Addition","Ancient Ruins","SAO","The Strangers of New Valhalla","The only land to bear fruit on this ruined earth.","The Strangers of New Valhalla"
"http://www.fowtcg.com/card/3974","Orchard of the Immortals","http://d12h0em1d7ppg.cloudfront.net/items/39/3974/image_en/1f754dd9-6d45-452f-b67a-de1a6c373cf0.jpg","SNV-093","U","http://d12h0em1d7ppg.cloudfront.net/docs/icons/dark.png","","Addition","Ancient Ruins","SAO","The Strangers of New Valhalla","The only land to bear fruit on this ruined earth.","The Strangers of New Valhalla"
"http://www.fowtcg.com/card/3974","Orchard of the Immortals","http://d12h0em1d7ppg.cloudfront.net/items/39/3974/image_en/1f754dd9-6d45-452f-b67a-de1a6c373cf0.jpg","SNV-093","U","http://d12h0em1d7ppg.cloudfront.net/docs/icons/dark.png","","Addition","Ancient Ruins","SAO","The Strangers of New Valhalla","The only land to bear fruit on this ruined earth.","The Strangers of New Valhalla"
"http://www.fowtcg.com/card/3975","Orpheus, the Immortal Player","http://d12h0em1d7ppg.cloudfront.net/items/39/3975/image_en/a068fae8-ddb9-41aa-b3c8-0d4be9012f36.jpg","SNV-094","R","http://d12h0em1d7ppg.cloudfront.net/docs/icons/dark.png","600 / 500","Resonator","Zombie","Kelvin","The Strangers of New Valhalla","""Beautiful. So this is the sound of Valhalla."" -Oborozuki","The Strangers of New Valhalla"
"http://www.fowtcg.com/card/3975","Orpheus, the Immortal Player","http://d12h0em1d7ppg.cloudfront.net/items/39/3975/image_en/a068fae8-ddb9-41aa-b3c8-0d4be9012f36.jpg","SNV-094","R","http://d12h0em1d7ppg.cloudfront.net/docs/icons/dark.png","600 / 500","Resonator","Zombie","Kelvin","The Strangers of New Valhalla","""Beautiful. So this is the sound of Valhalla."" -Oborozuki","The Strangers of New Valhalla"
"http://www.fowtcg.com/card/3976","Power of Immortality","http://d12h0em1d7ppg.cloudfront.net/items/39/3976/image_en/287f2fc1-eea9-4216-9098-9d88bb57224b.jpg","SNV-095","U","http://d12h0em1d7ppg.cloudfront.net/docs/icons/dark.png","","Chant/Rune(Divinity 1)","","IWAO","The Strangers of New Valhalla","Corruption only strengthens the undead.","The Strangers of New Valhalla"
"http://www.fowtcg.com/card/3976","Power of Immortality","http://d12h0em1d7ppg.cloudfront.net/items/39/3976/image_en/287f2fc1-eea9-4216-9098-9d88bb57224b.jpg","SNV-095","U","http://d12h0em1d7ppg.cloudfront.net/docs/icons/cost/01.png","","Chant/Rune(Divinity 1)","","IWAO","The Strangers of New Valhalla","Corruption only strengthens the undead.","The Strangers of New Valhalla"
"http://www.fowtcg.com/card/3977","Ruined Earth","http://d12h0em1d7ppg.cloudfront.net/items/39/3977/image_en/13b5762b-4164-4d6a-9d20-09edb1aa3f0d.jpg","SNV-096","R","http://d12h0em1d7ppg.cloudfront.net/docs/icons/dark.png","","Chant/Rune(Divinity 2)","","jitari","The Strangers of New Valhalla","The liberator's nature influenced the sealed god's power, corrupting Athenia's power of harvest into something new, something... impure.","The Strangers of New Valhalla"
"http://www.fowtcg.com/card/3977","Ruined Earth","http://d12h0em1d7ppg.cloudfront.net/items/39/3977/image_en/13b5762b-4164-4d6a-9d20-09edb1aa3f0d.jpg","SNV-096","R","http://d12h0em1d7ppg.cloudfront.net/docs/icons/dark.png","","Chant/Rune(Divinity 2)","","jitari","The Strangers of New Valhalla","The liberator's nature influenced the sealed god's power, corrupting Athenia's power of harvest into something new, something... impure.","The Strangers of New Valhalla"
"http://www.fowtcg.com/card/3977","Ruined Earth","http://d12h0em1d7ppg.cloudfront.net/items/39/3977/image_en/13b5762b-4164-4d6a-9d20-09edb1aa3f0d.jpg","SNV-096","R","http://d12h0em1d7ppg.cloudfront.net/docs/icons/cost/03.png","","Chant/Rune(Divinity 2)","","jitari","The Strangers of New Valhalla","The liberator's nature influenced the sealed god's power, corrupting Athenia's power of harvest into something new, something... impure.","The Strangers of New Valhalla"
"http://www.fowtcg.com/card/3978","Ruins Devil","http://d12h0em1d7ppg.cloudfront.net/items/39/3978/image_en/24358672-294d-4d77-b651-7906ae95360f.jpg","SNV-097","C","http://d12h0em1d7ppg.cloudfront.net/docs/icons/dark.png","1000 / 600","Resonator","Demon","touge369","The Strangers of New Valhalla","These little devils love doing what others hate.","The Strangers of New Valhalla"
"http://www.fowtcg.com/card/3978","Ruins Devil","http://d12h0em1d7ppg.cloudfront.net/items/39/3978/image_en/24358672-294d-4d77-b651-7906ae95360f.jpg","SNV-097","C","http://d12h0em1d7ppg.cloudfront.net/docs/icons/cost/03.png","1000 / 600","Resonator","Demon","touge369","The Strangers of New Valhalla","These little devils love doing what others hate.","The Strangers of New Valhalla"
"http://www.fowtcg.com/card/3979","Sewing Zombie","http://d12h0em1d7ppg.cloudfront.net/items/39/3979/image_en/c08ca908-3ca9-4ab1-b73f-980398880611.jpg","SNV-098","C","http://d12h0em1d7ppg.cloudfront.net/docs/icons/dark.png","400 / 400","Resonator","Zombie","JURI","The Strangers of New Valhalla","Memories from life prove most helpful in death.","The Strangers of New Valhalla"
"http://www.fowtcg.com/card/3979","Sewing Zombie","http://d12h0em1d7ppg.cloudfront.net/items/39/3979/image_en/c08ca908-3ca9-4ab1-b73f-980398880611.jpg","SNV-098","C","http://d12h0em1d7ppg.cloudfront.net/docs/icons/dark.png","400 / 400","Resonator","Zombie","JURI","The Strangers of New Valhalla","Memories from life prove most helpful in death.","The Strangers of New Valhalla"
"http://www.fowtcg.com/card/3979","Sewing Zombie","http://d12h0em1d7ppg.cloudfront.net/items/39/3979/image_en/c08ca908-3ca9-4ab1-b73f-980398880611.jpg","SNV-098","C","http://d12h0em1d7ppg.cloudfront.net/docs/icons/cost/01.png","400 / 400","Resonator","Zombie","JURI","The Strangers of New Valhalla","Memories from life prove most helpful in death.","The Strangers of New Valhalla"
"http://www.fowtcg.com/card/3980","Soul Prison","http://d12h0em1d7ppg.cloudfront.net/items/39/3980/image_en/af274b68-41ae-480b-a5a3-82594f268813.jpg","SNV-099","R","http://d12h0em1d7ppg.cloudfront.net/docs/icons/dark.png","","Chant/Master Rune(Divinity 3)","","j-peg","The Strangers of New Valhalla","Only hatred can unlock this prison.","The Strangers of New Valhalla"
"http://www.fowtcg.com/card/3980","Soul Prison","http://d12h0em1d7ppg.cloudfront.net/items/39/3980/image_en/af274b68-41ae-480b-a5a3-82594f268813.jpg","SNV-099","R","http://d12h0em1d7ppg.cloudfront.net/docs/icons/dark.png","","Chant/Master Rune(Divinity 3)","","j-peg","The Strangers of New Valhalla","Only hatred can unlock this prison.","The Strangers of New Valhalla"
"http://www.fowtcg.com/card/3980","Soul Prison","http://d12h0em1d7ppg.cloudfront.net/items/39/3980/image_en/af274b68-41ae-480b-a5a3-82594f268813.jpg","SNV-099","R","http://d12h0em1d7ppg.cloudfront.net/docs/icons/cost/04.png","","Chant/Master Rune(Divinity 3)","","j-peg","The Strangers of New Valhalla","Only hatred can unlock this prison.","The Strangers of New Valhalla"
"http://www.fowtcg.com/card/3981","Specter of the Abyss","http://d12h0em1d7ppg.cloudfront.net/items/39/3981/image_en/dc315f6c-31d6-4937-87a8-5a7e53d2d1e7.jpg","SNV-100","C","http://d12h0em1d7ppg.cloudfront.net/docs/icons/dark.png","700 / 600","Resonator","Specter","gekko","The Strangers of New Valhalla","Specters are the rulers of the night.","The Strangers of New Valhalla"
"http://www.fowtcg.com/card/3981","Specter of the Abyss","http://d12h0em1d7ppg.cloudfront.net/items/39/3981/image_en/dc315f6c-31d6-4937-87a8-5a7e53d2d1e7.jpg","SNV-100","C","http://d12h0em1d7ppg.cloudfront.net/docs/icons/dark.png","700 / 600","Resonator","Specter","gekko","The Strangers of New Valhalla","Specters are the rulers of the night.","The Strangers of New Valhalla"
"http://www.fowtcg.com/card/3981","Specter of the Abyss","http://d12h0em1d7ppg.cloudfront.net/items/39/3981/image_en/dc315f6c-31d6-4937-87a8-5a7e53d2d1e7.jpg","SNV-100","C","http://d12h0em1d7ppg.cloudfront.net/docs/icons/cost/01.png","700 / 600","Resonator","Specter","gekko","The Strangers of New Valhalla","Specters are the rulers of the night.","The Strangers of New Valhalla"